2025-08-04 00:32:17,953 [ERROR] LogOutputStream:75 - [STDERR_REDIRECT] 
2025-08-04 09:30:46,686 [INFO] Activator:176 - 


2025-08-04 09:30:46,689 [INFO] Activator:177 - !SESSION log4j initialized
2025-08-04 09:30:56,318 [INFO] LogOutputStream:77 - [STDOUT_REDIRECT] 
2025-08-04 09:30:58,088 [INFO] ApplicationProperties:184 - Using Application install path: C:\Users\Oguzm\Downloads\STM32CubeIDE_1.18.1\STM32CubeIDE\plugins\com.st.stm32cube.common.mx_6.14.1.202504091515
2025-08-04 09:30:58,129 [INFO] DbMcusXml:78 - Set database path to: C:\Users\Oguzm\Downloads\STM32CubeIDE_1.18.1\STM32CubeIDE\plugins\com.st.stm32cube.common.mx_6.14.1.202504091515\\db\/mcu/
2025-08-04 09:30:58,130 [INFO] ApiDb:274 - Set plugin database path to: C:\Users\Oguzm\Downloads\STM32CubeIDE_1.18.1\STM32CubeIDE\plugins\com.st.stm32cube.common.mx_6.14.1.202504091515\\db\/plugins/boardmanager/
2025-08-04 09:30:58,131 [WARN] ApiDb:259 - Overriding images path with different value:  => C:\Users\Oguzm\Downloads\STM32CubeIDE_1.18.1\STM32CubeIDE\plugins\com.st.stm32cube.common.mx_6.14.1.202504091515\\db\/plugins/mcufinder/images/
2025-08-04 09:30:58,152 [INFO] ApiDb:250 - Set database path to: C:\Users\Oguzm\.stmcufinder\plugins\mcufinder//mcu/
2025-08-04 09:30:58,154 [INFO] DbMcusAds:125 - Set database path to: C:\Users\Oguzm\.stmcufinder\plugins\mcufinder//mcu/
2025-08-04 09:30:58,159 [INFO] CrossReferenceDbSqlite:203 - Set database path to: C:\Users\Oguzm\.stmcufinder\plugins\mcufinder//mcu/cs/
2025-08-04 09:30:58,345 [INFO] RulesReader:64 - Compatibility file has been processed (302 Rules)
2025-08-04 09:30:58,476 [INFO] DbMcusXml:78 - Set database path to: C:\Users\Oguzm\Downloads\STM32CubeIDE_1.18.1\STM32CubeIDE\plugins\com.st.stm32cube.common.mx_6.14.1.202504091515\\db\/mcu/
2025-08-04 09:30:58,476 [INFO] ApiDb:274 - Set plugin database path to: C:\Users\Oguzm\Downloads\STM32CubeIDE_1.18.1\STM32CubeIDE\plugins\com.st.stm32cube.common.mx_6.14.1.202504091515\\db\/plugins/boardmanager/
2025-08-04 09:30:58,477 [INFO] ApiDb:261 - Set plugin images path to: C:\Users\Oguzm\Downloads\STM32CubeIDE_1.18.1\STM32CubeIDE\plugins\com.st.stm32cube.common.mx_6.14.1.202504091515\\db\/plugins/mcufinder/images/
2025-08-04 09:30:58,478 [WARN] DbFile:41 - Overriding database path with different value: C:\Users\Oguzm\.stmcufinder\plugins\mcufinder/ => C:\Users\Oguzm\.stmcufinder\plugins\mcufinder
2025-08-04 09:30:58,479 [INFO] ApiDb:250 - Set database path to: C:\Users\Oguzm\.stmcufinder\plugins\mcufinder//mcu/
2025-08-04 09:30:58,480 [WARN] DbFile:41 - Overriding database path with different value: C:\Users\Oguzm\.stmcufinder\plugins\mcufinder/ => C:\Users\Oguzm\.stmcufinder\plugins\mcufinder
2025-08-04 09:30:58,480 [INFO] DbMcusAds:125 - Set database path to: C:\Users\Oguzm\.stmcufinder\plugins\mcufinder//mcu/
2025-08-04 09:30:58,480 [WARN] DbFile:41 - Overriding database path with different value: C:\Users\Oguzm\.stmcufinder\plugins\mcufinder/ => C:\Users\Oguzm\.stmcufinder\plugins\mcufinder
2025-08-04 09:30:58,480 [WARN] DbFile:41 - Overriding database path with different value: C:\Users\Oguzm\.stmcufinder\plugins\mcufinder/ => C:\Users\Oguzm\.stmcufinder\plugins\mcufinder
2025-08-04 09:30:58,481 [INFO] CrossReferenceDbSqlite:203 - Set database path to: C:\Users\Oguzm\.stmcufinder\plugins\mcufinder//mcu/cs/
2025-08-04 09:30:58,646 [INFO] MainPanel:272 - HeapMemory: 268435456
2025-08-04 09:30:58,888 [INFO] DbMcusXml:78 - Set database path to: C:\Users\Oguzm\Downloads\STM32CubeIDE_1.18.1\STM32CubeIDE\plugins\com.st.stm32cube.common.mx_6.14.1.202504091515\\db\/mcu/
2025-08-04 09:30:58,889 [INFO] ApiDb:274 - Set plugin database path to: C:\Users\Oguzm\Downloads\STM32CubeIDE_1.18.1\STM32CubeIDE\plugins\com.st.stm32cube.common.mx_6.14.1.202504091515\\db\/plugins/boardmanager/
2025-08-04 09:30:58,889 [INFO] ApiDb:261 - Set plugin images path to: C:\Users\Oguzm\Downloads\STM32CubeIDE_1.18.1\STM32CubeIDE\plugins\com.st.stm32cube.common.mx_6.14.1.202504091515\\db\/plugins/mcufinder/images/
2025-08-04 09:30:58,890 [WARN] DbFile:41 - Overriding database path with different value: C:\Users\Oguzm\.stmcufinder\plugins\mcufinder/ => C:\Users\Oguzm\.stmcufinder\plugins\mcufinder
2025-08-04 09:30:58,890 [INFO] ApiDb:250 - Set database path to: C:\Users\Oguzm\.stmcufinder\plugins\mcufinder//mcu/
2025-08-04 09:30:58,890 [WARN] DbFile:41 - Overriding database path with different value: C:\Users\Oguzm\.stmcufinder\plugins\mcufinder/ => C:\Users\Oguzm\.stmcufinder\plugins\mcufinder
2025-08-04 09:30:58,890 [INFO] DbMcusAds:125 - Set database path to: C:\Users\Oguzm\.stmcufinder\plugins\mcufinder//mcu/
2025-08-04 09:30:58,890 [WARN] DbFile:41 - Overriding database path with different value: C:\Users\Oguzm\.stmcufinder\plugins\mcufinder/ => C:\Users\Oguzm\.stmcufinder\plugins\mcufinder
2025-08-04 09:30:58,890 [WARN] DbFile:41 - Overriding database path with different value: C:\Users\Oguzm\.stmcufinder\plugins\mcufinder/ => C:\Users\Oguzm\.stmcufinder\plugins\mcufinder
2025-08-04 09:30:58,891 [INFO] CrossReferenceDbSqlite:203 - Set database path to: C:\Users\Oguzm\.stmcufinder\plugins\mcufinder//mcu/cs/
2025-08-04 09:30:58,930 [INFO] ApplicationProperties:184 - Using Application install path: C:\Users\Oguzm\Downloads\STM32CubeIDE_1.18.1\STM32CubeIDE\plugins\com.st.stm32cube.common.mx_6.14.1.202504091515
2025-08-04 09:30:58,930 [ERROR] ConfigurationRetriever:142 - IOException on connection: Read timed out
2025-08-04 09:30:58,932 [INFO] PluginManage:196 - Search for loadable plugins [exclusion list=, ]
2025-08-04 09:30:58,936 [INFO] PluginManage:310 - Check plugin analytics
2025-08-04 09:30:59,261 [INFO] AnalyticsPlugin:253 - Accepted Software Licenses: 
2025-08-04 09:30:59,261 [INFO] AnalyticsPlugin:255 - Accepted CMSIS Pack Licenses: 
2025-08-04 09:30:59,262 [INFO] AnalyticsPlugin:257 - Accepted Firmware Licenses: FW.G0.1.6.0
2025-08-04 09:30:59,266 [INFO] PluginManage:359 - Loaded plugin analytics (category:tool,tabindex:-1)
2025-08-04 09:30:59,266 [INFO] PluginManage:310 - Check plugin cadmodel
2025-08-04 09:30:59,277 [INFO] CADModel:105 - Init CAD model plugin
2025-08-04 09:30:59,277 [INFO] PluginManage:359 - Loaded plugin cadmodel (category:power,tabindex:5)
2025-08-04 09:30:59,278 [INFO] PluginManage:310 - Check plugin clock
2025-08-04 09:30:59,320 [INFO] PluginManage:359 - Loaded plugin clock (category:base,tabindex:2)
2025-08-04 09:30:59,321 [INFO] PluginManage:310 - Check plugin ddr
2025-08-04 09:30:59,326 [INFO] PluginManage:359 - Loaded plugin ddr (category:tool,tabindex:6)
2025-08-04 09:30:59,327 [INFO] PluginManage:310 - Check plugin filemanager
2025-08-04 09:30:59,597 [INFO] PluginManage:359 - Loaded plugin filemanager (category:base,tabindex:10)
2025-08-04 09:30:59,597 [INFO] PluginManage:310 - Check plugin ipmanager
2025-08-04 09:30:59,611 [INFO] PluginManage:359 - Loaded plugin ipmanager (category:base,tabindex:5)
2025-08-04 09:30:59,612 [INFO] PluginManage:310 - Check plugin lpbam
2025-08-04 09:30:59,629 [INFO] PluginManage:359 - Loaded plugin lpbam (category:base,tabindex:0)
2025-08-04 09:30:59,630 [INFO] PluginManage:310 - Check plugin memorymap
2025-08-04 09:30:59,661 [INFO] PluginManage:359 - Loaded plugin memorymap (category:base,tabindex:4)
2025-08-04 09:30:59,661 [INFO] PluginManage:310 - Check plugin pinoutandconfiguration
2025-08-04 09:30:59,683 [INFO] PluginManage:359 - Loaded plugin pinoutandconfiguration (category:base,tabindex:1)
2025-08-04 09:30:59,684 [INFO] PluginManage:310 - Check plugin pinoutconfig
2025-08-04 09:30:59,869 [WARN] SupportedApi:132 - Cannot load RTOS API schema: s4s-elt-must-match.1: The content of 'definitions' must match (annotation?, (simpleType | complexType)?, (unique | key | keyref)*)). A problem was found starting at: attribute.
2025-08-04 09:31:00,185 [INFO] PluginManage:359 - Loaded plugin pinoutconfig (category:base,tabindex:0)
2025-08-04 09:31:00,186 [INFO] PluginManage:310 - Check plugin power
2025-08-04 09:31:00,208 [INFO] PluginManage:359 - Loaded plugin power (category:power,tabindex:4)
2025-08-04 09:31:00,208 [INFO] PluginManage:310 - Check plugin projectmanager
2025-08-04 09:31:00,242 [INFO] PluginManage:359 - Loaded plugin projectmanager (category:projectmanager,tabindex:4)
2025-08-04 09:31:00,242 [INFO] PluginManage:310 - Check plugin rif
2025-08-04 09:31:00,260 [INFO] PluginManage:359 - Loaded plugin rif (category:base,tabindex:3)
2025-08-04 09:31:00,261 [INFO] PluginManage:310 - Check plugin thirdparty
2025-08-04 09:31:00,519 [INFO] PluginManage:359 - Loaded plugin thirdparty (category:base,tabindex:-1)
2025-08-04 09:31:00,519 [INFO] PluginManage:310 - Check plugin tools
2025-08-04 09:31:00,519 [WARN] IntegrityCheckThread:84 - waiting for thirdparty lock release [integrity check]
2025-08-04 09:31:00,519 [INFO] IntegrityCheckThread:86 - entering critical section [integrity check]
2025-08-04 09:31:00,520 [INFO] ThirdPartyUpdaterWithRetryManager:70 - Updater plugin not ready yet. [1/15]
2025-08-04 09:31:00,525 [INFO] PluginManage:359 - Loaded plugin tools (category:base,tabindex:7)
2025-08-04 09:31:00,526 [INFO] PluginManage:310 - Check plugin tutovideos
2025-08-04 09:31:00,897 [INFO] PluginManage:359 - Loaded plugin tutovideos (category:base,tabindex:-1)
2025-08-04 09:31:00,898 [INFO] PluginManage:310 - Check plugin updater
2025-08-04 09:31:00,938 [INFO] PluginManage:359 - Loaded plugin updater (category:base,tabindex:12)
2025-08-04 09:31:00,938 [INFO] PluginManage:310 - Check plugin userauth
2025-08-04 09:31:00,946 [INFO] UserAuth:118 - Init User Auth plugin
2025-08-04 09:31:00,948 [INFO] PluginManage:359 - Loaded plugin userauth (category:base,tabindex:14)
2025-08-04 09:31:00,949 [INFO] PluginManage:283 - PluginManage : Loaded plugins [18]
2025-08-04 09:31:01,391 [INFO] PinOutPanel:1589 - setPackage(No Configuration,No Configuration)
2025-08-04 09:31:01,563 [INFO] CADModel:165 - CPN selected for project level
2025-08-04 09:31:01,563 [INFO] CADModel:114 - Register for checkConnection events
2025-08-04 09:31:01,603 [INFO] IPUIPlugin:80 - create IPUIPlugin
2025-08-04 09:31:01,604 [INFO] PluginManager:220 - loadIPPluginJar : add adc
2025-08-04 09:31:01,610 [INFO] IPUIPlugin:80 - create IPUIPlugin
2025-08-04 09:31:01,610 [INFO] PluginManager:220 - loadIPPluginJar : add aes
2025-08-04 09:31:01,617 [INFO] IPUIPlugin:80 - create IPUIPlugin
2025-08-04 09:31:01,618 [INFO] PluginManager:220 - loadIPPluginJar : add can
2025-08-04 09:31:01,622 [INFO] IPUIPlugin:80 - create IPUIPlugin
2025-08-04 09:31:01,622 [INFO] PluginManager:220 - loadIPPluginJar : add comp
2025-08-04 09:31:01,630 [INFO] IPUIPlugin:80 - create IPUIPlugin
2025-08-04 09:31:01,630 [INFO] PluginManager:220 - loadIPPluginJar : add cryp
2025-08-04 09:31:01,637 [INFO] IPUIPlugin:80 - create IPUIPlugin
2025-08-04 09:31:01,638 [INFO] PluginManager:220 - loadIPPluginJar : add ddr_ctrl_phy
2025-08-04 09:31:01,644 [INFO] IPUIPlugin:80 - create IPUIPlugin
2025-08-04 09:31:01,644 [INFO] PluginManager:220 - loadIPPluginJar : add dfsdm
2025-08-04 09:31:01,656 [INFO] IPUIPlugin:80 - create IPUIPlugin
2025-08-04 09:31:01,657 [INFO] PluginManager:220 - loadIPPluginJar : add dma
2025-08-04 09:31:01,664 [INFO] IPUIPlugin:80 - create IPUIPlugin
2025-08-04 09:31:01,664 [INFO] PluginManager:220 - loadIPPluginJar : add dma3
2025-08-04 09:31:01,670 [INFO] IPUIPlugin:80 - create IPUIPlugin
2025-08-04 09:31:01,670 [INFO] PluginManager:220 - loadIPPluginJar : add extmemmanager
2025-08-04 09:31:01,674 [INFO] IPUIPlugin:80 - create IPUIPlugin
2025-08-04 09:31:01,675 [INFO] PluginManager:220 - loadIPPluginJar : add fatfs
2025-08-04 09:31:01,685 [INFO] IPUIPlugin:80 - create IPUIPlugin
2025-08-04 09:31:01,685 [INFO] PluginManager:220 - loadIPPluginJar : add fmc
2025-08-04 09:31:01,696 [INFO] IPUIPlugin:80 - create IPUIPlugin
2025-08-04 09:31:01,697 [INFO] PluginManager:220 - loadIPPluginJar : add freertos
2025-08-04 09:31:01,700 [INFO] IPUIPlugin:80 - create IPUIPlugin
2025-08-04 09:31:01,701 [INFO] PluginManager:220 - loadIPPluginJar : add genericplugin
2025-08-04 09:31:01,707 [INFO] IPUIPlugin:80 - create IPUIPlugin
2025-08-04 09:31:01,707 [INFO] PluginManager:220 - loadIPPluginJar : add gfxmmu
2025-08-04 09:31:01,717 [INFO] IPUIPlugin:80 - create IPUIPlugin
2025-08-04 09:31:01,717 [INFO] PluginManager:220 - loadIPPluginJar : add gic
2025-08-04 09:31:01,725 [INFO] IPUIPlugin:80 - create IPUIPlugin
2025-08-04 09:31:01,725 [INFO] PluginManager:220 - loadIPPluginJar : add gpio
2025-08-04 09:31:01,730 [INFO] IPUIPlugin:80 - create IPUIPlugin
2025-08-04 09:31:01,730 [INFO] PluginManager:220 - loadIPPluginJar : add gtzc
2025-08-04 09:31:01,735 [INFO] IPUIPlugin:80 - create IPUIPlugin
2025-08-04 09:31:01,735 [INFO] PluginManager:220 - loadIPPluginJar : add hash
2025-08-04 09:31:01,741 [INFO] IPUIPlugin:80 - create IPUIPlugin
2025-08-04 09:31:01,742 [INFO] PluginManager:220 - loadIPPluginJar : add i2c
2025-08-04 09:31:01,746 [INFO] IPUIPlugin:80 - create IPUIPlugin
2025-08-04 09:31:01,747 [INFO] PluginManager:220 - loadIPPluginJar : add i2s
2025-08-04 09:31:01,752 [INFO] IPUIPlugin:80 - create IPUIPlugin
2025-08-04 09:31:01,753 [INFO] PluginManager:220 - loadIPPluginJar : add i3c
2025-08-04 09:31:01,758 [INFO] IPUIPlugin:80 - create IPUIPlugin
2025-08-04 09:31:01,759 [INFO] PluginManager:220 - loadIPPluginJar : add ipddr
2025-08-04 09:31:01,770 [INFO] IPUIPlugin:80 - create IPUIPlugin
2025-08-04 09:31:01,770 [INFO] PluginManager:220 - loadIPPluginJar : add linkedlist
2025-08-04 09:31:01,775 [INFO] IPUIPlugin:80 - create IPUIPlugin
2025-08-04 09:31:01,776 [INFO] PluginManager:220 - loadIPPluginJar : add lorawan
2025-08-04 09:31:01,780 [INFO] IPUIPlugin:80 - create IPUIPlugin
2025-08-04 09:31:01,780 [INFO] PluginManager:220 - loadIPPluginJar : add ltdc
2025-08-04 09:31:01,792 [INFO] IPUIPlugin:80 - create IPUIPlugin
2025-08-04 09:31:01,792 [INFO] PluginManager:220 - loadIPPluginJar : add mdma
2025-08-04 09:31:01,799 [INFO] IPUIPlugin:80 - create IPUIPlugin
2025-08-04 09:31:01,799 [INFO] PluginManager:220 - loadIPPluginJar : add nvic
2025-08-04 09:31:01,806 [INFO] IPUIPlugin:80 - create IPUIPlugin
2025-08-04 09:31:01,807 [INFO] PluginManager:220 - loadIPPluginJar : add opamp
2025-08-04 09:31:01,813 [INFO] IPUIPlugin:80 - create IPUIPlugin
2025-08-04 09:31:01,814 [INFO] PluginManager:220 - loadIPPluginJar : add openamp
2025-08-04 09:31:01,821 [INFO] IPUIPlugin:80 - create IPUIPlugin
2025-08-04 09:31:01,821 [INFO] PluginManager:220 - loadIPPluginJar : add pdm2pcm
2025-08-04 09:31:01,835 [INFO] IPUIPlugin:80 - create IPUIPlugin
2025-08-04 09:31:01,840 [INFO] PluginManager:220 - loadIPPluginJar : add plateformsettings
2025-08-04 09:31:01,845 [INFO] IPUIPlugin:80 - create IPUIPlugin
2025-08-04 09:31:01,845 [INFO] PluginManager:220 - loadIPPluginJar : add quadspi
2025-08-04 09:31:01,850 [INFO] IPUIPlugin:80 - create IPUIPlugin
2025-08-04 09:31:01,851 [INFO] PluginManager:220 - loadIPPluginJar : add radio
2025-08-04 09:31:01,859 [INFO] IPUIPlugin:80 - create IPUIPlugin
2025-08-04 09:31:01,859 [INFO] PluginManager:220 - loadIPPluginJar : add resmgrutility
2025-08-04 09:31:01,866 [INFO] IPUIPlugin:80 - create IPUIPlugin
2025-08-04 09:31:01,867 [INFO] PluginManager:220 - loadIPPluginJar : add sai
2025-08-04 09:31:01,872 [INFO] IPUIPlugin:80 - create IPUIPlugin
2025-08-04 09:31:01,873 [INFO] PluginManager:220 - loadIPPluginJar : add spi
2025-08-04 09:31:01,886 [INFO] IPUIPlugin:80 - create IPUIPlugin
2025-08-04 09:31:01,886 [INFO] PluginManager:220 - loadIPPluginJar : add stm32_wpan
2025-08-04 09:31:01,891 [INFO] IPUIPlugin:80 - create IPUIPlugin
2025-08-04 09:31:01,891 [INFO] PluginManager:220 - loadIPPluginJar : add tim
2025-08-04 09:31:01,899 [INFO] IPUIPlugin:80 - create IPUIPlugin
2025-08-04 09:31:01,899 [INFO] PluginManager:220 - loadIPPluginJar : add touchsensing
2025-08-04 09:31:01,905 [INFO] IPUIPlugin:80 - create IPUIPlugin
2025-08-04 09:31:01,905 [INFO] PluginManager:220 - loadIPPluginJar : add tracer_emb
2025-08-04 09:31:01,911 [INFO] IPUIPlugin:80 - create IPUIPlugin
2025-08-04 09:31:01,911 [INFO] PluginManager:220 - loadIPPluginJar : add ts
2025-08-04 09:31:01,915 [INFO] IPUIPlugin:80 - create IPUIPlugin
2025-08-04 09:31:01,916 [INFO] PluginManager:220 - loadIPPluginJar : add tsc
2025-08-04 09:31:01,920 [INFO] IPUIPlugin:80 - create IPUIPlugin
2025-08-04 09:31:01,921 [INFO] PluginManager:220 - loadIPPluginJar : add ucpd
2025-08-04 09:31:01,927 [INFO] IPUIPlugin:80 - create IPUIPlugin
2025-08-04 09:31:01,927 [INFO] PluginManager:220 - loadIPPluginJar : add usart
2025-08-04 09:31:01,934 [INFO] IPUIPlugin:80 - create IPUIPlugin
2025-08-04 09:31:01,935 [INFO] PluginManager:220 - loadIPPluginJar : add usbx
2025-08-04 09:31:02,108 [FATAL] Updater:351 - Updater called before beeing initialized
2025-08-04 09:31:02,153 [INFO] RulesReader:64 - Compatibility file has been processed (302 Rules)
2025-08-04 09:31:02,168 [INFO] RulesReader:64 - Compatibility file has been processed (302 Rules)
2025-08-04 09:31:02,180 [INFO] CADModel:165 - CPN selected for project level
2025-08-04 09:31:02,180 [INFO] CADModel:114 - Register for checkConnection events
2025-08-04 09:31:02,181 [FATAL] Updater:351 - Updater called before beeing initialized
2025-08-04 09:31:02,181 [ERROR] CADModel:125 - Updater not yet initialized, retry later 
2025-08-04 09:31:02,476 [FATAL] Updater:351 - Updater called before beeing initialized
2025-08-04 09:31:02,480 [INFO] CADModel:165 - CPN selected for project level
2025-08-04 09:31:02,481 [INFO] CADModel:114 - Register for checkConnection events
2025-08-04 09:31:02,481 [FATAL] Updater:351 - Updater called before beeing initialized
2025-08-04 09:31:02,481 [ERROR] CADModel:125 - Updater not yet initialized, retry later 
2025-08-04 09:31:02,489 [FATAL] Updater:351 - Updater called before beeing initialized
2025-08-04 09:31:02,710 [FATAL] Updater:351 - Updater called before beeing initialized
2025-08-04 09:31:02,718 [INFO] DbMcusAds:53 - JSON generation date=Tue Jul 08 11:14:23 TRT 2025 (1751962463593)
2025-08-04 09:31:02,718 [FATAL] Updater:351 - Updater called before beeing initialized
2025-08-04 09:31:02,780 [WARN] DetailPanel:346 - Failed to get advertising image, set to default
2025-08-04 09:31:03,097 [FATAL] Updater:351 - Updater called before beeing initialized
2025-08-04 09:31:03,102 [FATAL] Updater:351 - Updater called before beeing initialized
2025-08-04 09:31:03,102 [FATAL] Updater:351 - Updater called before beeing initialized
2025-08-04 09:31:03,102 [WARN] DetailPanel:346 - Failed to get advertising image, set to default
2025-08-04 09:31:03,104 [FATAL] Updater:351 - Updater called before beeing initialized
2025-08-04 09:31:03,180 [ERROR] Updater:1198 - MainUpdater not yet initialized. External WinMGr cannot be set.
2025-08-04 09:31:03,182 [INFO] Updater:1134 - Updater Version found : 6.14.1
2025-08-04 09:31:03,206 [INFO] ApplicationProperties:184 - Using Application install path: C:\Users\Oguzm\Downloads\STM32CubeIDE_1.18.1\STM32CubeIDE\plugins\com.st.stm32cube.common.mx_6.14.1.202504091515
2025-08-04 09:31:03,521 [INFO] ThirdPartyUpdaterWithRetryManager:70 - Updater plugin not ready yet. [2/15]
2025-08-04 09:31:04,784 [ERROR] LogOutputStream:75 - [STDERR_REDIRECT] Aug 04, 2025 9:31:04 AM java.util.prefs.WindowsPreferences <init>
2025-08-04 09:31:04,785 [ERROR] LogOutputStream:75 - [STDERR_REDIRECT] WARNING: Could not open/create prefs root node Software\JavaSoft\Prefs at root 0xffffffff80000002. Windows RegCreateKeyEx(...) returned error code 5.
2025-08-04 09:31:04,785 [ERROR] LogOutputStream:75 - [STDERR_REDIRECT] 
2025-08-04 09:31:05,172 [INFO] MainUpdater:2872 - connection check result : 10
2025-08-04 09:31:05,174 [INFO] MainUpdater:289 - Updater Check For Update Now.
2025-08-04 09:31:05,174 [INFO] MicroXplorer:498 - Change Database Version : DB.6.0.141
2025-08-04 09:31:05,197 [INFO] McuFinderGlobals:63 - Set McuFinder mode to 2 (CubeIDE integrated)
2025-08-04 09:31:05,199 [INFO] UserAuth:484 - Internet connection configuration mode: 1
2025-08-04 09:31:05,233 [INFO] JxBrowserEngine:152 - Initiate JxBrowser Engine with user profile folder
2025-08-04 09:31:05,385 [INFO] CheckServerUpdateThread:120 - End of CheckServer Thread
2025-08-04 09:31:06,907 [INFO] WebApp:169 - Instantiating new browser for Auth
2025-08-04 09:31:06,929 [WARN] PackLoader:240 - Cannot read IP mode file for STMicroelectronics.FP-SNS-MOTENVWB1.1.4.0
2025-08-04 09:31:06,947 [WARN] PackLoader:240 - Cannot read IP mode file for STMicroelectronics.FP-ATR-ASTRA1.2.0.2
2025-08-04 09:31:06,979 [WARN] PackLoader:240 - Cannot read IP mode file for STMicroelectronics.X-CUBE-SMBUS.2.1.0
2025-08-04 09:31:06,993 [WARN] PackLoader:240 - Cannot read IP mode file for STMicroelectronics.X-CUBE-ST60.1.0.0
2025-08-04 09:31:07,044 [WARN] PackLoader:240 - Cannot read IP mode file for STMicroelectronics.X-CUBE-AZRTOS-F7.1.1.0
2025-08-04 09:31:07,090 [WARN] PackLoader:240 - Cannot read IP mode file for Infineon.AIROC-Wi-Fi-Bluetooth-STM32.1.7.0
2025-08-04 09:31:07,135 [WARN] PackLoader:240 - Cannot read IP mode file for STMicroelectronics.X-CUBE-AZRTOS-H7.3.4.0
2025-08-04 09:31:07,152 [WARN] PackLoader:240 - Cannot read IP mode file for STMicroelectronics.X-CUBE-DISPLAY.3.0.0
2025-08-04 09:31:07,173 [WARN] PackLoader:240 - Cannot read IP mode file for STMicroelectronics.X-CUBE-NFC10.1.0.0
2025-08-04 09:31:07,191 [WARN] PackLoader:240 - Cannot read IP mode file for STMicroelectronics.X-CUBE-BLEMGR.4.0.0
2025-08-04 09:31:07,203 [WARN] PackLoader:240 - Cannot read IP mode file for emotas.I-CUBE-CANOPEN.1.3.0
2025-08-04 09:31:07,211 [WARN] ConditionMgr:438 - getConditionDescription Invalid condition id : Cortex-A Device cause : null
2025-08-04 09:31:07,235 [WARN] ConditionMgr:1044 - genDependencies : Invalid condition id : Cortex-A Device cause : null
2025-08-04 09:31:07,235 [WARN] ConditionMgr:1044 - genDependencies : Invalid condition id : Cortex-A Device cause : null
2025-08-04 09:31:07,235 [WARN] ConditionMgr:1044 - genDependencies : Invalid condition id : Cortex-A Device cause : null
2025-08-04 09:31:07,242 [ERROR] Engine:466 - C:\Users\Oguzm\.stm32cubemx\thirdparties\pdsc\STMicroelectronics.FP-SNS-STBOX1.2.1.0.pdsc: PDSC version is not supported
2025-08-04 09:31:07,249 [WARN] PackLoader:240 - Cannot read IP mode file for STMicroelectronics.FP-SNS-SMARTAG2.1.2.0
2025-08-04 09:31:07,256 [WARN] PackLoader:240 - Cannot read IP mode file for STMicroelectronics.FP-SNS-FLIGHT1.5.1.0
2025-08-04 09:31:07,270 [INFO] LogOutputStream:77 - [STDOUT_REDIRECT] 1 : Invalid condition id : UX_CORESTACK_Condition cause : null
2025-08-04 09:31:07,270 [INFO] LogOutputStream:77 - [STDOUT_REDIRECT] 1 : Invalid condition id : UX_CORESTACK_Condition cause : null
2025-08-04 09:31:07,272 [INFO] LogOutputStream:77 - [STDOUT_REDIRECT] 1 : Invalid condition id : UX_CORESTACK_Condition cause : null
2025-08-04 09:31:07,273 [INFO] LogOutputStream:77 - [STDOUT_REDIRECT] 1 : Invalid condition id : UX_CORESTACK_Condition cause : null
2025-08-04 09:31:07,275 [INFO] LogOutputStream:77 - [STDOUT_REDIRECT] 1 : Invalid condition id : UX_CORESTACK_Condition cause : null
2025-08-04 09:31:07,278 [WARN] PackLoader:240 - Cannot read IP mode file for STMicroelectronics.X-CUBE-AZRTOS-WL.2.0.0
2025-08-04 09:31:07,286 [WARN] PackLoader:240 - Cannot read IP mode file for STMicroelectronics.FP-SNS-MOTENV1.5.0.0
2025-08-04 09:31:07,298 [WARN] PackLoader:240 - Cannot read IP mode file for WES.I-CUBE-Cesium.1.3.0
2025-08-04 09:31:07,306 [WARN] PackLoader:240 - Cannot read IP mode file for STMicroelectronics.X-CUBE-BLE2.3.3.0
2025-08-04 09:31:07,316 [WARN] PackLoader:240 - Cannot read IP mode file for STMicroelectronics.X-CUBE-NFC9.1.0.0
2025-08-04 09:31:07,324 [WARN] PackLoader:240 - Cannot read IP mode file for wolfSSL.I-CUBE-wolfSSL.5.8.0
2025-08-04 09:31:07,331 [WARN] PackLoader:240 - Cannot read IP mode file for STMicroelectronics.X-CUBE-BLE1.7.1.0
2025-08-04 09:31:07,337 [WARN] PackLoader:240 - Cannot read IP mode file for wolfSSL.I-CUBE-wolfMQTT.1.19.2
2025-08-04 09:31:07,346 [WARN] PackLoader:240 - Cannot read IP mode file for STMicroelectronics.X-CUBE-EEPRMA1.5.2.0
2025-08-04 09:31:07,355 [WARN] PackLoader:240 - Cannot read IP mode file for STMicroelectronics.X-CUBE-AI.10.1.0
2025-08-04 09:31:07,423 [WARN] PackLoader:240 - Cannot read IP mode file for STMicroelectronics.X-CUBE-MEMS1.11.2.0
2025-08-04 09:31:07,589 [WARN] PackLoader:240 - Cannot read IP mode file for STMicroelectronics.X-CUBE-AZRTOS-G0.1.1.0
2025-08-04 09:31:07,599 [WARN] PackLoader:240 - Cannot read IP mode file for STMicroelectronics.X-CUBE-SAFEA1.1.2.2
2025-08-04 09:31:07,608 [WARN] PackLoader:240 - Cannot read IP mode file for STMicroelectronics.X-CUBE-NFC4.3.0.0
2025-08-04 09:31:07,620 [WARN] PackLoader:240 - Cannot read IP mode file for EmbeddedOffice.I-CUBE-FS-RTOS.1.0.1
2025-08-04 09:31:07,628 [WARN] PackLoader:240 - Cannot read IP mode file for STMicroelectronics.X-CUBE-WB05N.2.0.0
2025-08-04 09:31:07,636 [WARN] PackLoader:240 - Cannot read IP mode file for wolfSSL.I-CUBE-wolfTPM.3.8.0
2025-08-04 09:31:07,649 [WARN] PackLoader:240 - Cannot read IP mode file for STMicroelectronics.X-CUBE-TCPP.4.2.0
2025-08-04 09:31:07,660 [WARN] PackLoader:240 - Cannot read IP mode file for RealThread.X-CUBE-RT-Thread_Nano.4.1.1
2025-08-04 09:31:07,669 [WARN] PackLoader:240 - Cannot read IP mode file for STMicroelectronics.FP-ATR-SIGFOX1.3.2.0
2025-08-04 09:31:07,681 [WARN] PackLoader:240 - Cannot read IP mode file for STMicroelectronics.X-CUBE-EEPRMA1.5.1.0
2025-08-04 09:31:07,695 [WARN] PackLoader:240 - Cannot read IP mode file for ITTIA_DB.I-CUBE-ITTIADB.8.9.0
2025-08-04 09:31:07,703 [WARN] PackLoader:240 - Cannot read IP mode file for STMicroelectronics.X-CUBE-ST67W61.1.0.0
2025-08-04 09:31:07,711 [WARN] PackLoader:240 - Cannot read IP mode file for STMicroelectronics.X-CUBE-AI.10.2.0
2025-08-04 09:31:07,766 [WARN] PackLoader:240 - Cannot read IP mode file for SEGGER.I-CUBE-embOS.1.3.1
2025-08-04 09:31:07,840 [WARN] PackLoader:240 - Cannot read IP mode file for STMicroelectronics.X-CUBE-ALGOBUILD.1.4.0
2025-08-04 09:31:07,949 [WARN] PackLoader:240 - Cannot read IP mode file for STMicroelectronics.X-CUBE-MEMS1.11.3.0
2025-08-04 09:31:08,142 [WARN] PackLoader:240 - Cannot read IP mode file for STMicroelectronics.X-CUBE-PM33A1.1.0.0
2025-08-04 09:31:08,165 [WARN] PackLoader:240 - Cannot read IP mode file for STMicroelectronics.X-CUBE-AZRTOS-F4.1.1.0
2025-08-04 09:31:08,174 [WARN] PackLoader:240 - Cannot read IP mode file for Avnet-IotConnect.X-CUBE-IoTC-DA16k-PMOD.1.0.0
2025-08-04 09:31:08,183 [WARN] PackLoader:240 - Cannot read IP mode file for STMicroelectronics.X-CUBE-ISPU.2.1.0
2025-08-04 09:31:08,194 [WARN] PackLoader:240 - Cannot read IP mode file for STMicroelectronics.X-CUBE-NFC12.1.0.0
2025-08-04 09:31:08,217 [WARN] PackLoader:240 - Cannot read IP mode file for STMicroelectronics.X-CUBE-AZRTOS-L5.2.0.0
2025-08-04 09:31:08,229 [WARN] PackLoader:240 - Cannot read IP mode file for STMicroelectronics.X-CUBE-NFC6.3.1.0
2025-08-04 09:31:08,239 [WARN] PackLoader:240 - Cannot read IP mode file for STMicroelectronics.X-CUBE-FREERTOS.1.3.1
2025-08-04 09:31:08,247 [WARN] PackLoader:240 - Cannot read IP mode file for STMicroelectronics.FP-SNS-STAIOTCFT.1.0.0
2025-08-04 09:31:08,254 [WARN] PackLoader:240 - Cannot read IP mode file for STMicroelectronics.X-CUBE-DPower.1.3.0
2025-08-04 09:31:08,273 [WARN] ConditionMgr:438 - getConditionDescription Invalid condition id : LAN8742 Phy interface Condition cause : null
2025-08-04 09:31:08,275 [WARN] PackLoader:240 - Cannot read IP mode file for STMicroelectronics.X-CUBE-AZRTOS-L4.2.0.0
2025-08-04 09:31:08,276 [WARN] ConditionMgr:1044 - genDependencies : Invalid condition id : LAN8742 Phy interface Condition cause : null
2025-08-04 09:31:08,277 [WARN] ConditionMgr:1044 - genDependencies : Invalid condition id : LAN8742 Phy interface Condition cause : null
2025-08-04 09:31:08,277 [WARN] ConditionMgr:1044 - genDependencies : Invalid condition id : LAN8742 Phy interface Condition cause : null
2025-08-04 09:31:08,286 [WARN] PackLoader:240 - Cannot read IP mode file for STMicroelectronics.X-CUBE-SFXS2LP1.4.0.0
2025-08-04 09:31:08,309 [WARN] PackLoader:240 - Cannot read IP mode file for STMicroelectronics.X-CUBE-AZRTOS-H7.3.3.0
2025-08-04 09:31:08,325 [WARN] PackLoader:240 - Cannot read IP mode file for STMicroelectronics.X-CUBE-BLEMGR.4.1.0
2025-08-04 09:31:08,345 [WARN] ConditionMgr:438 - getConditionDescription Invalid condition id : UX DEVICE CLASS RTOS Condition cause : null
2025-08-04 09:31:08,346 [WARN] ConditionMgr:438 - getConditionDescription Invalid condition id : UX DEVICE CLASS RTOS Condition cause : null
2025-08-04 09:31:08,348 [WARN] PackLoader:240 - Cannot read IP mode file for STMicroelectronics.X-CUBE-AZRTOS-WB.2.0.0
2025-08-04 09:31:08,348 [WARN] ConditionMgr:1044 - genDependencies : Invalid condition id : UX DEVICE CLASS RTOS Condition cause : null
2025-08-04 09:31:08,349 [WARN] ConditionMgr:1044 - genDependencies : Invalid condition id : UX DEVICE CLASS RTOS Condition cause : null
2025-08-04 09:31:08,349 [WARN] ConditionMgr:1044 - genDependencies : Invalid condition id : UX DEVICE CLASS RTOS Condition cause : null
2025-08-04 09:31:08,350 [WARN] ConditionMgr:1044 - genDependencies : Invalid condition id : UX DEVICE CLASS RTOS Condition cause : null
2025-08-04 09:31:08,350 [WARN] ConditionMgr:1044 - genDependencies : Invalid condition id : UX DEVICE CLASS RTOS Condition cause : null
2025-08-04 09:31:08,359 [WARN] PackLoader:240 - Cannot read IP mode file for STMicroelectronics.X-CUBE-GNSS1.7.0.1
2025-08-04 09:31:08,367 [WARN] PackLoader:240 - Cannot read IP mode file for STMicroelectronics.X-CUBE-TOUCHGFX.4.25.0
2025-08-04 09:31:08,375 [WARN] PackLoader:240 - Cannot read IP mode file for STMicroelectronics.FP-SNS-STBOX1.2.0.0
2025-08-04 09:31:08,393 [WARN] PackLoader:240 - Cannot read IP mode file for STMicroelectronics.X-CUBE-SUBG2.5.0.0
2025-08-04 09:31:08,429 [WARN] PackLoader:240 - Cannot read IP mode file for STMicroelectronics.X-CUBE-AZRTOS-H7RS.1.1.0
2025-08-04 09:31:08,440 [WARN] PackLoader:240 - Cannot read IP mode file for Cesanta.I-CUBE-Mongoose.7.13.0
2025-08-04 09:31:08,476 [WARN] PackLoader:240 - Cannot read IP mode file for STMicroelectronics.X-CUBE-AZRTOS-G4.2.0.0
2025-08-04 09:31:08,489 [WARN] PackLoader:240 - Cannot read IP mode file for wolfSSL.I-CUBE-wolfSSH.1.4.20
2025-08-04 09:31:08,498 [WARN] PackLoader:240 - Cannot read IP mode file for STMicroelectronics.X-CUBE-NFC7.2.0.0
2025-08-04 09:31:08,517 [WARN] PackLoader:240 - Cannot read IP mode file for STMicroelectronics.X-CUBE-IPS.3.1.0
2025-08-04 09:31:08,532 [WARN] PackLoader:240 - Cannot read IP mode file for STMicroelectronics.X-CUBE-ALS.1.0.2
2025-08-04 09:31:08,541 [WARN] PackLoader:240 - Cannot read IP mode file for portGmbH.I-Cube-SoM-uGOAL.1.1.0
2025-08-04 09:31:08,555 [WARN] PackLoader:240 - Cannot read IP mode file for STMicroelectronics.X-CUBE-TOF1.3.4.3
2025-08-04 09:31:08,568 [INFO] ThirdParty:978 - Integrity check success = true
2025-08-04 09:31:08,568 [INFO] IntegrityCheckThread:100 - exiting critical section [integrity check]
2025-08-04 09:31:08,568 [INFO] IntegrityCheckThread:103 - End integrity checks thread
2025-08-04 09:31:08,719 [INFO] WebApp:463 - Apply proxy settings
2025-08-04 09:31:08,719 [INFO] WebApp:548 - Chromium requires no authentication
2025-08-04 09:31:08,733 [INFO] WebApp:491 - Direct internet connection detected
2025-08-04 09:31:08,779 [INFO] WebApp:894 - Register for checkConnection events
2025-08-04 09:31:08,779 [INFO] WebApp:463 - Apply proxy settings
2025-08-04 09:31:08,779 [INFO] WebApp:548 - Chromium requires no authentication
2025-08-04 09:31:08,780 [INFO] WebApp:491 - Direct internet connection detected
2025-08-04 09:31:09,029 [INFO] WebApp:225 - Starting web application
2025-08-04 09:31:09,030 [INFO] WebApp:593 - Web application path used C:\Users\Oguzm\Downloads\STM32CubeIDE_1.18.1\STM32CubeIDE\plugins\com.st.stm32cube.common.mx_6.14.1.202504091515\db\plugins\mcufinder\reactClient1\index.html
2025-08-04 09:31:09,238 [INFO] WebApp:191 - Connection restablished
2025-08-04 09:31:09,321 [INFO] UserAuth:484 - Internet connection configuration mode: 1
2025-08-04 09:38:12,535 [INFO] McuFinderGlobals:63 - Set McuFinder mode to 2 (CubeIDE integrated)
2025-08-04 09:38:12,567 [INFO] MainUpdater:2872 - connection check result : 10
2025-08-04 09:38:12,570 [INFO] MainUpdater:2872 - connection check result : 10
2025-08-04 09:38:12,805 [INFO] MicroXplorer:468 - Change Database Path : 
2025-08-04 09:38:12,807 [INFO] MicroXplorer:498 - Change Database Version : DB.6.0.141
2025-08-04 09:38:12,841 [WARN] ThirdParty:871 - waiting for thirdparty lock release [close project]
2025-08-04 09:38:12,842 [INFO] ThirdParty:873 - entering critical section [close project]
2025-08-04 09:38:12,866 [INFO] ThirdParty:883 - exiting critical section [close project]
2025-08-04 09:38:12,891 [INFO] PinOutPanel:1589 - setPackage(No Configuration,No Configuration)
2025-08-04 09:38:12,931 [INFO] UtilMem:75 - Begin LoadConfig() Used Memory: 783629392 Bytes (1073741824)
2025-08-04 09:38:12,951 [INFO] MicroXplorer:468 - Change Database Path : 
2025-08-04 09:38:12,951 [INFO] MicroXplorer:498 - Change Database Version : DB.6.0.141
2025-08-04 09:38:12,953 [INFO] OpenFileManager:354 - Change cursor
2025-08-04 09:38:13,147 [INFO] Mcu:2011 - Initializing MCU STM32G071R(6-8-B)Tx STM32G071RBTx STM32G071RBT6
2025-08-04 09:38:23,744 [INFO] Context:756 - Trying to add GPIOservice into a context  which must be forbidden
2025-08-04 09:38:27,698 [INFO] ImportTextPane:218 - (OptionalMessage_ERROR) Pin13 (VP_RIF_VS_RIF1) cannot be retrieved for this MCU
2025-08-04 09:38:28,186 [INFO] RtosManager:558 - Registered RTOS mode: class=CMSIS, group=RTOS, mode=CMSIS_V1, owner=FREERTOS
2025-08-04 09:38:28,186 [INFO] RtosManager:558 - Registered RTOS mode: class=CMSIS, group=RTOS2, mode=CMSIS_V2, owner=FREERTOS
2025-08-04 09:38:28,187 [INFO] RtosManager:558 - Registered RTOS mode: class=RTOS, group=Core, mode=CMSIS_V1, owner=FREERTOS
2025-08-04 09:38:28,187 [INFO] RtosManager:558 - Registered RTOS mode: class=RTOS, group=Core, mode=CMSIS_V2, owner=FREERTOS
2025-08-04 09:38:28,189 [WARN] ModelIntegratedComponent:184 - Missing modes for component STMicroelectronics:FreeRTOS:0.0.1:STMicroelectronics:RTOS:FreeRTOS:Core:::10.2.0:
2025-08-04 09:38:28,248 [WARN] ModelIntegratedComponent:63 - No mode defined for component null
2025-08-04 09:38:28,249 [WARN] ModelIntegratedComponent:63 - No mode defined for component null
2025-08-04 09:38:28,249 [WARN] ModelIntegratedComponent:63 - No mode defined for component null
2025-08-04 09:38:28,249 [WARN] ModelIntegratedComponent:63 - No mode defined for component null
2025-08-04 09:38:28,249 [WARN] ModelIntegratedComponent:63 - No mode defined for component null
2025-08-04 09:38:28,249 [WARN] ModelIntegratedComponent:63 - No mode defined for component null
2025-08-04 09:38:28,249 [WARN] ModelIntegratedComponent:63 - No mode defined for component null
2025-08-04 09:38:28,249 [WARN] ModelIntegratedComponent:63 - No mode defined for component null
2025-08-04 09:38:28,249 [WARN] ModelIntegratedComponent:63 - No mode defined for component null
2025-08-04 09:38:28,249 [WARN] ModelIntegratedComponent:63 - No mode defined for component null
2025-08-04 09:38:28,249 [WARN] ModelIntegratedComponent:63 - No mode defined for component null
2025-08-04 09:38:28,249 [WARN] ModelIntegratedComponent:63 - No mode defined for component null
2025-08-04 09:38:28,249 [WARN] ModelIntegratedComponent:63 - No mode defined for component null
2025-08-04 09:38:28,250 [WARN] ModelIntegratedComponent:63 - No mode defined for component null
2025-08-04 09:38:28,250 [WARN] ModelIntegratedComponent:63 - No mode defined for component null
2025-08-04 09:38:28,250 [WARN] ModelIntegratedComponent:63 - No mode defined for component null
2025-08-04 09:38:28,250 [WARN] ModelIntegratedComponent:63 - No mode defined for component null
2025-08-04 09:38:28,250 [WARN] ModelIntegratedComponent:63 - No mode defined for component null
2025-08-04 09:38:28,250 [WARN] ModelIntegratedComponent:63 - No mode defined for component null
2025-08-04 09:38:28,250 [WARN] ModelIntegratedComponent:63 - No mode defined for component null
2025-08-04 09:38:28,250 [WARN] ModelIntegratedComponent:63 - No mode defined for component null
2025-08-04 09:38:28,250 [WARN] ModelIntegratedComponent:63 - No mode defined for component null
2025-08-04 09:38:28,250 [WARN] ModelIntegratedComponent:63 - No mode defined for component null
2025-08-04 09:38:28,250 [WARN] ModelIntegratedComponent:63 - No mode defined for component null
2025-08-04 09:38:28,250 [WARN] ModelIntegratedComponent:63 - No mode defined for component null
2025-08-04 09:38:28,251 [WARN] ModelIntegratedComponent:63 - No mode defined for component null
2025-08-04 09:38:28,251 [WARN] ModelIntegratedComponent:63 - No mode defined for component null
2025-08-04 09:38:28,251 [WARN] ModelIntegratedComponent:63 - No mode defined for component null
2025-08-04 09:38:28,251 [WARN] ModelIntegratedComponent:63 - No mode defined for component null
2025-08-04 09:38:28,251 [WARN] ModelIntegratedComponent:63 - No mode defined for component null
2025-08-04 09:38:28,251 [WARN] ModelIntegratedComponent:63 - No mode defined for component null
2025-08-04 09:38:28,251 [WARN] ModelIntegratedComponent:63 - No mode defined for component null
2025-08-04 09:38:28,251 [WARN] ModelIntegratedComponent:63 - No mode defined for component null
2025-08-04 09:38:28,251 [WARN] ModelIntegratedComponent:63 - No mode defined for component null
2025-08-04 09:38:28,252 [WARN] ModelIntegratedComponent:63 - No mode defined for component null
2025-08-04 09:38:28,252 [WARN] ModelPack:524 - Component already loaded: STMicroelectronics:HAL Drivers:0.0.0:STMicroelectronics:Device:STMicro_Driver:XSPI:HAL::0.0.1:HAL_XSPI
2025-08-04 09:38:28,477 [INFO] ThirdPartyModel:298 - Start build external matchings
2025-08-04 09:38:29,390 [INFO] ThirdPartyModel:316 - End build external matchings
2025-08-04 09:38:29,447 [INFO] ImportTextPane:218 - (OptionalMessage_ERROR) IP (RCC) : Invalid parameter (FamilyName)
2025-08-04 09:38:29,448 [INFO] ImportTextPane:218 - (OptionalMessage_ERROR) IP (RCC) : Parameter (PLLPoutputFreq_Value) has invalid value (64000000)
2025-08-04 09:38:29,449 [INFO] ImportTextPane:218 - (OptionalMessage_ERROR) IP (RCC) : Parameter (PLLQoutputFreq_Value) has invalid value (64000000)
2025-08-04 09:38:29,450 [INFO] ImportTextPane:218 - (OptionalMessage_ERROR) IP (RCC) : Parameter (PLLRCLKFreq_Value) has invalid value (64000000)
2025-08-04 09:38:31,303 [INFO] ApiDb:581 - Connected to CubeFinder SQLite database (C:\Users\Oguzm\.stmcufinder\plugins\mcufinder\mcu\cube-finder-db.db)
2025-08-04 09:38:31,458 [INFO] ApiDb:668 - CubeFinder database Data Model version=2.1
2025-08-04 09:38:31,460 [INFO] ApiDb:669 - CubeFinder database Configuration version=3.0.39
2025-08-04 09:38:31,461 [INFO] ApiDb:670 - CubeFinder database generation date=2025-07-24 (1753349077)
2025-08-04 09:38:31,462 [INFO] ApiDb:671 - CubeFinder database FW Pack versions=[FP-ATR-ASTRA1_V2.0.0, FP-SNS-FLIGHT1_V5.1.0, FP-SNS-MOTENV1_V5.0.0, FP-SNS-MOTENVWB1_V1.4.0, FP-SNS-SMARTAG2_V1.2.0, FP-SNS-STBOX1_V2.0.0, STM32Cube_FW_C0_V1.4.0, STM32Cube_FW_F4_V1.28.2, STM32Cube_FW_F7_V1.17.3, STM32Cube_FW_G0_V1.6.2, STM32Cube_FW_G4_V1.6.1, STM32Cube_FW_H5_V1.5.0, STM32Cube_FW_H7RS_V1.2.0, STM32Cube_FW_H7_V1.12.1, STM32Cube_FW_L0_V1.12.2, STM32Cube_FW_L4_V1.18.1, STM32Cube_FW_L5_V1.5.1, STM32Cube_FW_N6_V1.2.0, STM32Cube_FW_U0_V1.3.0, STM32Cube_FW_U3_V1.2.0, STM32Cube_FW_U5_V1.8.0, STM32Cube_FW_WB0_V1.3.0, STM32Cube_FW_WBA_V1.7.0, STM32Cube_FW_WB_V1.23.0, STM32Cube_FW_WL3_V1.2.0, STM32Cube_FW_WL_V1.3.1, X-CUBE-ALGOBUILD_V1.4.0, X-CUBE-ALS_V1.0.2, X-CUBE-AZRTOS-F4_V1.1.0, X-CUBE-AZRTOS-F7_V1.1.0, X-CUBE-AZRTOS-G0_V1.1.0, X-CUBE-AZRTOS-G4_V2.0.0, X-CUBE-AZRTOS-H7RS_V1.1.0, X-CUBE-AZRTOS-H7_V3.4.0, X-CUBE-AZRTOS-L4_V2.0.0, X-CUBE-AZRTOS-L5_V2.0.0, X-CUBE-AZRTOS-WB_V2.0.0, X-CUBE-AZRTOS-WL_V2.0.0, X-CUBE-BLE1_V7.1.0, X-CUBE-BLE2_V3.3.0, X-CUBE-BLEMGR_V4.1.0, X-CUBE-EEPRMA1_V5.2.0, X-CUBE-FREERTOS_V1.3.1, X-CUBE-GNSS1_V6.0.0, X-CUBE-MEMS1_V11.3.0, X-CUBE-NFC4_V3.0.0, X-CUBE-NFC7_V2.0.0, X-CUBE-SFXS2LP1_V4.0.0, X-CUBE-ST67W61_V1.0.0, X-CUBE-SUBG2_V5.0.0, X-CUBE-TOF1_V3.4.3]
2025-08-04 09:38:31,648 [INFO] DbBoardsSqlite:226 - include board P-NUCLEO-WB55-NUCLEO as a kit item of type 'Nucleo-64'
2025-08-04 09:38:31,649 [INFO] DbBoardsSqlite:226 - include board P-NUCLEO-WB55-USBDONGLE as a kit item of type 'Nucleo USB Dongle'
2025-08-04 09:38:31,650 [INFO] DbBoardsSqlite:226 - include board STEVAL-IDP005V1 as a kit item of type 'Evaluation Board'
2025-08-04 09:38:31,651 [INFO] DbBoardsSqlite:226 - include board STEVAL-IDP005V2 as a kit item of type 'Evaluation Board'
2025-08-04 09:38:32,274 [INFO] ApiDb:240 - Found 895 in-development CPN: [B-G473E-ZEST1S, B-WB1M-WPAN1, B-WBA5M-WPAN, B-WL5M-SUBG1, NUCLEO-C031C6, NUCLEO-C051C8, NUCLEO-C071RB, NUCLEO-C092RC, NUCLEO-H503RB, NUCLEO-H533RE, NUCLEO-H563ZI, NUCLEO-H7S3L8, NUCLEO-N657X0-Q, NUCLEO-U031R8, NUCLEO-U083RC, NUCLEO-U385RG-Q, NUCLEO-U545RE-Q, NUCLEO-U5A5ZJ-Q, NUCLEO-WB05KZ, NUCLEO-WB07CC, NUCLEO-WB09KE, NUCLEO-WBA52CG, NUCLEO-WBA55CG, NUCLEO-WBA65RI, NUCLEO-WL33CC1, NUCLEO-WL33CC2, STEVAL-PROTEUS1, STEVAL-SMARTAG2, STEVAL-STWINBX1, STM320518-EVAL, STM32C0116-DK, STM32C011D6Y3TR, STM32C011D6Y6TR, STM32C011F4P3, STM32C011F4P6, STM32C011F4U3, STM32C011F4U6TR, STM32C011F6P3, STM32C011F6P6, STM32C011F6U3, STM32C011F6U6TR, STM32C011J4M3, STM32C011J4M6, STM32C011J6M3, STM32C011J6M6, STM32C0316-DK, STM32C031C4T3, STM32C031C4T6, STM32C031C4U3, STM32C031C4U6, STM32C031C6T3, STM32C031C6T6, STM32C031C6U3, STM32C031C6U6, STM32C031F4P3, STM32C031F4P6, STM32C031F6P3, STM32C031F6P6, STM32C031G4U3, STM32C031G4U6, STM32C031G6U3, STM32C031G6U6, STM32C031K4T3, STM32C031K4T6, STM32C031K4U3, STM32C031K4U6, STM32C031K6T3, STM32C031K6T6, STM32C031K6U3, STM32C031K6U6, STM32C051C6T6, STM32C051C6U6, STM32C051C8T6, STM32C051C8U6, STM32C051D8Y6TR, STM32C051F6P6, STM32C051F8P6, STM32C051G6U6, STM32C051G8U6, STM32C051K6T6, STM32C051K6U6, STM32C051K8T6, STM32C071C8T6, STM32C071C8T6N, STM32C071C8U6, STM32C071C8U6N, STM32C071CBT6, STM32C071CBT6N, STM32C071CBU6, STM32C071CBU6N, STM32C071F8P6, STM32C071F8P6N, STM32C071FBP6, STM32C071FBP6N, STM32C071FBY6TR, STM32C071G8U6, STM32C071G8U6N, STM32C071GBU6, STM32C071GBU6N, STM32C071K8T6, STM32C071K8T6N, STM32C071K8U6, STM32C071K8U6N, STM32C071KBT6, STM32C071KBT6N, STM32C071KBU6, STM32C071KBU6N, STM32C071R8T6, STM32C071R8T6N, STM32C071RBI6N, STM32C071RBT6, STM32C071RBT6N, STM32C091CBT6, STM32C091CBU6, STM32C091CCT6, STM32C091CCU6, STM32C091ECY6TR, STM32C091FBP6, STM32C091FCP6, STM32C091GBU6, STM32C091GCU6, STM32C091KBT6, STM32C091KBU6, STM32C091KCT6, STM32C091KCU6, STM32C091RBT6, STM32C091RCI6, STM32C091RCT6, STM32C092CBT6, STM32C092CBU6, STM32C092CCT6, STM32C092CCU6, STM32C092ECY6TR, STM32C092FBP6, STM32C092FCP6, STM32C092GBU6, STM32C092GCU6, STM32C092KBT6, STM32C092KBU6, STM32C092KCT6, STM32C092KCU6, STM32C092RBT6, STM32C092RCI6, STM32C092RCT6, STM32G071K8TXN, STM32G071K8UXN, STM32G081GBU6N, STM32G081KBT6N, STM32G081KBUXN, STM32G0B1CCT6N, STM32G0B1KCT6, STM32G0B1NEY6TR, STM32G0B1RCT6N, STM32G0C1CCT6, STM32G0C1CCT6N, STM32G0C1CCU6N, STM32G0C1CET6N, STM32G0C1CEU6N, STM32G0C1KCT6, STM32G0C1NEY6TR, STM32G0C1RCI6N, STM32G0C1RCT6N, STM32G0C1REI6N, STM32G0C1RET6N, STM32G0C1VCI6, STM32G0C1VEI6, STM32G411C6T3, STM32G411C6T6, STM32G411C6U3, STM32G411C6U6, STM32G411C8T3, STM32G411C8T6, STM32G411C8U3, STM32G411C8U6, STM32G411CBT3, STM32G411CBT6, STM32G411CBU3, STM32G411CBU6, STM32G411CCT3, STM32G411CCT6, STM32G411CCU3, STM32G411CCU6, STM32G411K6T3, STM32G411K6T6, STM32G411K6U3, STM32G411K6U6, STM32G411K8T3, STM32G411K8T6, STM32G411K8U3, STM32G411K8U6, STM32G411KBT3, STM32G411KBT6, STM32G411KBU3, STM32G411KBU6, STM32G411M6T3, STM32G411M6T6, STM32G411M8T3, STM32G411M8T6, STM32G411MBT3, STM32G411MBT6, STM32G411MCT3, STM32G411MCT6, STM32G411R6T3, STM32G411R6T6, STM32G411R8T3, STM32G411R8T6, STM32G411RBT3, STM32G411RBT6, STM32G411RCT3, STM32G411RCT6, STM32G414CBT3, STM32G414CBT6, STM32G414CBU3, STM32G414CBU6, STM32G414CCT3, STM32G414CCT6, STM32G414CCU3, STM32G414CCU6, STM32G414MBT3, STM32G414MBT6, STM32G414MCT3, STM32G414MCT6, STM32G414RBT3, STM32G414RBT6, STM32G414RCT3, STM32G414RCT6, STM32G414VBT3, STM32G414VBT6, STM32G414VCT3, STM32G414VCT6, STM32G431CBT3Z, STM32G431RBT3Z, STM32G471CCT6, STM32G471CCU6, STM32G471CET3, STM32G471CET6, STM32G471CEU3, STM32G471CEU6, STM32G471MCT6, STM32G471MET3, STM32G471MET6, STM32G471MEY6TR, STM32G471QCT6, STM32G471QET3, STM32G471RCT6, STM32G471RET3, STM32G471RET6, STM32G471VCH6, STM32G471VCI6, STM32G471VCT6, STM32G471VEH3, STM32G471VEH6, STM32G471VEI3, STM32G471VEI6, STM32G471VET3, STM32G471VET6, STM32G473QET3Z, STM32G473RET3Z, STM32G474CCT6, STM32G491RET3Z, STM32H503CBT6, STM32H503CBU6, STM32H503EBY6TR, STM32H503KBU6, STM32H503RBT6, STM32H523CCT6, STM32H523CCU6, STM32H523CET6, STM32H523CEU6, STM32H523HEY6TR, STM32H523RCT6, STM32H523RET6, STM32H523VCI6, STM32H523VCT6, STM32H523VEI6, STM32H523VET6, STM32H523ZCJ6, STM32H523ZCT6, STM32H523ZEJ6, STM32H523ZET6, STM32H533CET6, STM32H533CEU6, STM32H533HEY6TR, STM32H533RET6, STM32H533VEI6, STM32H533VET6, STM32H533ZEJ6, STM32H533ZET6, STM32H562AGI6, STM32H562AII6, STM32H562IGK6, STM32H562IGT6, STM32H562IIK6, STM32H562IIT6, STM32H562RGT6, STM32H562RGV6, STM32H562RIT6, STM32H562RIV6, STM32H562VGT6, STM32H562VIT6, STM32H562ZGT6, STM32H562ZIT6, STM32H563AGI6, STM32H563AII3Q, STM32H563AII6, STM32H563IGK6, STM32H563IGT6, STM32H563IIK3Q, STM32H563IIK6, STM32H563IIT3Q, STM32H563IIT6, STM32H563MIY3QTR, STM32H563RGT6, STM32H563RGV6, STM32H563RIT6, STM32H563RIV6, STM32H563VGT6, STM32H563VIT3Q, STM32H563VIT6, STM32H563ZGT6, STM32H563ZIT3Q, STM32H563ZIT6, STM32H573AII3Q, STM32H573AII6, STM32H573I-DK, STM32H573IIK3Q, STM32H573IIK6, STM32H573IIT3Q, STM32H573IIT6, STM32H573MIY3QTR, STM32H573RIT6, STM32H573RIV6, STM32H573VIT3Q, STM32H573VIT6, STM32H573ZIT3Q, STM32H573ZIT6, STM32H7R3A8I6, STM32H7R3I8K6, STM32H7R3I8T6, STM32H7R3L8H6, STM32H7R3L8H6H, STM32H7R3R8V6, STM32H7R3V8H6, STM32H7R3V8T6, STM32H7R3V8Y6TR, STM32H7R3Z8J6, STM32H7R3Z8T6, STM32H7R7A8I6, STM32H7R7I8K6, STM32H7R7I8T6, STM32H7R7L8H6, STM32H7R7L8H6H, STM32H7R7Z8J6, STM32H7S3A8I6, STM32H7S3I8K6, STM32H7S3I8T6, STM32H7S3L8H6, STM32H7S3L8H6H, STM32H7S3R8V6, STM32H7S3V8H6, STM32H7S3V8T6, STM32H7S3V8Y6TR, STM32H7S3Z8J6, STM32H7S3Z8T6, STM32H7S78-DK, STM32H7S7A8I6, STM32H7S7I8K6, STM32H7S7I8T6, STM32H7S7L8H6, STM32H7S7L8H6H, STM32H7S7Z8J6, STM32L4R5QGI6STR, STM32MP131AAE3, STM32MP131AAF3, STM32MP131AAG3, STM32MP131CAE3, STM32MP131CAF3, STM32MP131CAG3, STM32MP131DAE7, STM32MP131DAF7, STM32MP131DAG7, STM32MP131FAE7, STM32MP131FAF7, STM32MP131FAG7, STM32MP133AAE3, STM32MP133AAF3, STM32MP133AAG3, STM32MP133CAE3, STM32MP133CAF3, STM32MP133CAG3, STM32MP133DAE7, STM32MP133DAF7, STM32MP133DAG7, STM32MP133FAE7, STM32MP133FAF7, STM32MP133FAG7, STM32MP135AAE3, STM32MP135AAF3, STM32MP135AAG3, STM32MP135CAE3, STM32MP135CAF3, STM32MP135CAG3, STM32MP135DAE7, STM32MP135DAF7, STM32MP135DAG7, STM32MP135F-DK, STM32MP135FAE7, STM32MP135FAF7, STM32MP135FAF7T, STM32MP135FAF7U, STM32MP135FAG7, STM32MP231AAJ3, STM32MP231AAK3, STM32MP231AAL3, STM32MP231CAJ3, STM32MP231CAK3, STM32MP231CAL3, STM32MP231DAJ3, STM32MP231DAK3, STM32MP231DAL3, STM32MP231FAJ3, STM32MP231FAK3, STM32MP231FAL3, STM32MP233AAJ3, STM32MP233AAK3, STM32MP233AAL3, STM32MP233CAJ3, STM32MP233CAK3, STM32MP233CAL3, STM32MP233DAJ3, STM32MP233DAK3, STM32MP233DAL3, STM32MP233FAJ3, STM32MP233FAK3, STM32MP233FAL3, STM32MP235AAJ3, STM32MP235AAK3, STM32MP235AAL3, STM32MP235CAJ3, STM32MP235CAK3, STM32MP235CAL3, STM32MP235DAJ3, STM32MP235DAK3, STM32MP235DAL3, STM32MP235FAJ3, STM32MP235FAK3, STM32MP235FAL3, STM32MP251AAI3, STM32MP251AAJ3, STM32MP251AAK3, STM32MP251AAL3, STM32MP251CAI3, STM32MP251CAJ3, STM32MP251CAK3, STM32MP251CAL3, STM32MP251DAI3, STM32MP251DAJ3, STM32MP251DAK3, STM32MP251DAL3, STM32MP251FAI3, STM32MP251FAJ3, STM32MP251FAK3, STM32MP251FAL3, STM32MP253AAI3, STM32MP253AAJ3, STM32MP253AAK3, STM32MP253AAL3, STM32MP253CAI3, STM32MP253CAJ3, STM32MP253CAK3, STM32MP253CAL3, STM32MP253DAI3, STM32MP253DAJ3, STM32MP253DAK3, STM32MP253DAL3, STM32MP253FAI3, STM32MP253FAJ3, STM32MP253FAK3, STM32MP253FAL3, STM32MP255AAI3, STM32MP255AAJ3, STM32MP255AAK3, STM32MP255AAL3, STM32MP255CAI3, STM32MP255CAJ3, STM32MP255CAK3, STM32MP255CAL3, STM32MP255DAI3, STM32MP255DAJ3, STM32MP255DAK3, STM32MP255DAL3, STM32MP255FAI3, STM32MP255FAJ3, STM32MP255FAK3, STM32MP255FAL3, STM32MP257AAI3, STM32MP257AAJ3, STM32MP257AAK3, STM32MP257AAL3, STM32MP257CAI3, STM32MP257CAJ3, STM32MP257CAK3, STM32MP257CAL3, STM32MP257DAI3, STM32MP257DAJ3, STM32MP257DAK3, STM32MP257DAL3, STM32MP257F-DK, STM32MP257F-EV1, STM32MP257FAI3, STM32MP257FAJ3, STM32MP257FAK3, STM32MP257FAL3, STM32N645A0H3Q, STM32N645B0H3Q, STM32N645I0H3Q, STM32N645L0H3Q, STM32N645X0H3Q, STM32N645Z0H3Q, STM32N647A0H3Q, STM32N647B0H3Q, STM32N647I0H3Q, STM32N647L0H3Q, STM32N647X0H3Q, STM32N647Z0H3Q, STM32N655A0H3Q, STM32N655B0H3Q, STM32N655I0H3Q, STM32N655L0H3Q, STM32N655X0H3Q, STM32N655Z0H3Q, STM32N6570-DK, STM32N657A0H3Q, STM32N657B0H3Q, STM32N657I0H3Q, STM32N657L0H3Q, STM32N657X0H3Q, STM32N657Z0H3Q, STM32U031C6T6, STM32U031C6U6, STM32U031C8T6, STM32U031C8U6, STM32U031F4P6, STM32U031F6P6, STM32U031F8P6, STM32U031G6Y6TR, STM32U031G8Y6TR, STM32U031K4U6, STM32U031K6U6, STM32U031K8U6, STM32U031R6I6, STM32U031R6T6, STM32U031R8I6, STM32U031R8T6, STM32U073C8T6, STM32U073C8U6, STM32U073CBT6, STM32U073CBU6, STM32U073CCT6, STM32U073CCU6, STM32U073H8Y6TR, STM32U073HBY6TR, STM32U073HCY6TR, STM32U073K8U6, STM32U073KBU6, STM32U073KCU6, STM32U073M8I6, STM32U073M8T6, STM32U073MBI6, STM32U073MBT6, STM32U073MCI6, STM32U073MCT6, STM32U073R8I6, STM32U073R8T6, STM32U073RBI6, STM32U073RBT6, STM32U073RCI6, STM32U073RCT6, STM32U083C-DK, STM32U083CCT6, STM32U083CCU6, STM32U083HCY6TR, STM32U083KCU6, STM32U083MCI6, STM32U083MCT6, STM32U083RCI6, STM32U083RCT6, STM32U375CET6, STM32U375CET6Q, STM32U375CEU6, STM32U375CEU6Q, STM32U375CEY6QTR, STM32U375CGT6, STM32U375CGT6Q, STM32U375CGU6, STM32U375CGU6Q, STM32U375CGY6QTR, STM32U375KEU6, STM32U375KGU6, STM32U375REI6, STM32U375REI6Q, STM32U375RET6, STM32U375RET6Q, STM32U375REY6GTR, STM32U375REY6QTR, STM32U375RGI6, STM32U375RGI6Q, STM32U375RGT6, STM32U375RGT6Q, STM32U375RGY6GTR, STM32U375RGY6QTR, STM32U375VEI6, STM32U375VEI6Q, STM32U375VET6, STM32U375VET6Q, STM32U375VGI6, STM32U375VGI6Q, STM32U375VGT6, STM32U375VGT6Q, STM32U385CGT6, STM32U385CGT6Q, STM32U385CGU6, STM32U385CGU6Q, STM32U385CGY6QTR, STM32U385KGU6, STM32U385RGI6, STM32U385RGI6Q, STM32U385RGT6, STM32U385RGT6Q, STM32U385RGY6GTR, STM32U385RGY6QTR, STM32U385VGI6, STM32U385VGI6Q, STM32U385VGT6, STM32U385VGT6Q, STM32U535CBT6, STM32U535CBT6Q, STM32U535CBU6, STM32U535CBU6Q, STM32U535CCT6, STM32U535CCT6Q, STM32U535CCU6, STM32U535CCU6Q, STM32U535CET6, STM32U535CET6Q, STM32U535CEU6, STM32U535CEU6Q, STM32U535JEY6QTR, STM32U535NCY6QTR, STM32U535NEY6QTR, STM32U535RBI6, STM32U535RBI6Q, STM32U535RBT6, STM32U535RBT6Q, STM32U535RCI6, STM32U535RCI6Q, STM32U535RCT6, STM32U535RCT6Q, STM32U535REI6, STM32U535REI6Q, STM32U535RET6, STM32U535RET6Q, STM32U535VCI6, STM32U535VCI6Q, STM32U535VCT6, STM32U535VCT6Q, STM32U535VEI6, STM32U535VEI6Q, STM32U535VET6, STM32U535VET6Q, STM32U545CET6, STM32U545CET6Q, STM32U545CEU6, STM32U545CEU6Q, STM32U545JEY6QTR, STM32U545NEY6QTR, STM32U545REI6, STM32U545REI6Q, STM32U545RET6, STM32U545RET6Q, STM32U545VEI6, STM32U545VEI6Q, STM32U545VET6, STM32U545VET6Q, STM32U595AIH6, STM32U595AIH6Q, STM32U595AJH6, STM32U595AJH6Q, STM32U595QII6, STM32U595QII6Q, STM32U595QJI6, STM32U595QJI6Q, STM32U595RIT6, STM32U595RIT6Q, STM32U595RJT6, STM32U595RJT6Q, STM32U595VIT6, STM32U595VIT6Q, STM32U595VJT6, STM32U595VJT6Q, STM32U595ZIT6, STM32U595ZIT6Q, STM32U595ZIY6QTR, STM32U595ZJT6, STM32U595ZJT6Q, STM32U595ZJY6QTR, STM32U599BJY6QTR, STM32U599NIH6Q, STM32U599NJH6Q, STM32U599VIT6Q, STM32U599VJT6, STM32U599VJT6Q, STM32U599ZIT6Q, STM32U599ZIY6QTR, STM32U599ZJT6Q, STM32U599ZJY6QTR, STM32U5A5AJH6, STM32U5A5AJH6Q, STM32U5A5QII3Q , STM32U5A5QJI6, STM32U5A5QJI6Q, STM32U5A5RJT6, STM32U5A5RJT6Q, STM32U5A5VJT6, STM32U5A5VJT6Q, STM32U5A5ZJT6, STM32U5A5ZJT6Q, STM32U5A5ZJY6QTR, STM32U5A9BJY6QTR, STM32U5A9J-DK, STM32U5A9NJH6Q, STM32U5A9VJT6Q, STM32U5A9ZJT6Q, STM32U5A9ZJY6QTR, STM32U5F7VIT6, STM32U5F7VIT6Q, STM32U5F7VJT6, STM32U5F7VJT6Q, STM32U5F9BJY6QTR, STM32U5F9NJH6Q, STM32U5F9VIT6Q, STM32U5F9VJT6Q, STM32U5F9ZIJ6QTR, STM32U5F9ZIT6Q, STM32U5F9ZJJ6QTR, STM32U5F9ZJT6Q, STM32U5G7VJT6, STM32U5G7VJT6Q, STM32U5G9BJY6QTR, STM32U5G9J-DK1, STM32U5G9J-DK2, STM32U5G9NJH6Q, STM32U5G9VJT6Q, STM32U5G9ZJJ6QTR, STM32U5G9ZJT6Q, STM32WB05KZV6TR, STM32WB05KZV7TR, STM32WB05TZF6TR, STM32WB05TZF7TR, STM32WB06CCF6TR, STM32WB06CCF7TR, STM32WB06CCV6TR, STM32WB06CCV7TR, STM32WB06KCV6TR, STM32WB06KCV7TR, STM32WB07CCF6TR, STM32WB07CCF7TR, STM32WB07CCV6TR, STM32WB07CCV7TR, STM32WB07KCV6TR, STM32WB07KCV7TR, STM32WB09KEV6TR, STM32WB09KEV7TR, STM32WB09TEF6TR, STM32WB09TEF7TR, STM32WB1MMCH6, STM32WBA50KGU6, STM32WBA50KGU6TR, STM32WBA52CEU6, STM32WBA52CEU6TR, STM32WBA52CEU7, STM32WBA52CEU7TR, STM32WBA52CGU6, STM32WBA52CGU6TR, STM32WBA52CGU6U, STM32WBA52CGU7, STM32WBA52CGU7TR, STM32WBA52KEU6, STM32WBA52KEU6TR, STM32WBA52KGU6, STM32WBA52KGU6TR, STM32WBA54CEU6, STM32WBA54CEU6TR, STM32WBA54CEU7, STM32WBA54CEU7TR, STM32WBA54CGU6, STM32WBA54CGU6TR, STM32WBA54CGU7, STM32WBA54CGU7TR, STM32WBA54KEU6, STM32WBA54KEU6TR, STM32WBA54KEU7, STM32WBA54KEU7TR, STM32WBA54KGU6, STM32WBA54KGU6TR, STM32WBA54KGU7, STM32WBA54KGU7TR, STM32WBA55CEU6, STM32WBA55CEU6TR, STM32WBA55CEU7, STM32WBA55CEU7TR, STM32WBA55CGU6, STM32WBA55CGU6TR, STM32WBA55CGU6U, STM32WBA55CGU7, STM32WBA55CGU7TR, STM32WBA55G-DK1, STM32WBA55HEF6, STM32WBA55HEF7, STM32WBA55HGF6, STM32WBA55HGF7, STM32WBA55UEI6, STM32WBA55UEI6TR, STM32WBA55UEI7, STM32WBA55UEI7TR, STM32WBA55UGI6, STM32WBA55UGI6TR, STM32WBA55UGI7, STM32WBA55UGI7TR, STM32WBA5MJGH6TR, STM32WBA62CGU6, STM32WBA62CIU6, STM32WBA62MGF6, STM32WBA62MIF6, STM32WBA62PGI6, STM32WBA62PII6, STM32WBA63CGU6, STM32WBA63CGU7, STM32WBA63CIU6, STM32WBA63CIU7, STM32WBA64CGU6, STM32WBA64CGU7, STM32WBA64CIU6, STM32WBA64CIU7, STM32WBA65CGU6, STM32WBA65CGU7, STM32WBA65CIU6, STM32WBA65CIU7, STM32WBA65I-DK1, STM32WBA65MGF6, STM32WBA65MGF7, STM32WBA65MIF6, STM32WBA65MIF7, STM32WBA65PGI6, STM32WBA65PGI7, STM32WBA65PII6, STM32WBA65PII7, STM32WBA65RGV6, STM32WBA65RGV7, STM32WBA65RIV6, STM32WBA65RIV7, STM32WL30K8V6, STM32WL30KBV6, STM32WL31C8V6, STM32WL31CBV6, STM32WL31K8V6, STM32WL31KBV6, STM32WL33C8V6, STM32WL33C8V6TR, STM32WL33C8V7, STM32WL33C8V7TR, STM32WL33CBV6, STM32WL33CBV6TR, STM32WL33CBV7, STM32WL33CBV7TR, STM32WL33CCV6, STM32WL33CCV6TR, STM32WL33CCV7, STM32WL33CCV7A, STM32WL33CCV7ATR, STM32WL33CCV7TR, STM32WL33K8V6, STM32WL33K8V6TR, STM32WL33K8V7, STM32WL33K8V7TR, STM32WL33KBV6, STM32WL33KBV6TR, STM32WL33KBV7, STM32WL33KBV7TR, STM32WL33KCV6, STM32WL33KCV6TR, STM32WL33KCV7, STM32WL33KCV7TR, STM32WL5MOCH6, STM32WL5MOCH6TR]
2025-08-04 09:38:32,283 [INFO] ApiDb:668 - CubeFinder database Data Model version=2.1
2025-08-04 09:38:32,283 [INFO] ApiDb:669 - CubeFinder database Configuration version=3.0.39
2025-08-04 09:38:32,283 [INFO] ApiDb:670 - CubeFinder database generation date=2025-07-24 (1753349077)
2025-08-04 09:38:32,283 [INFO] ApiDb:671 - CubeFinder database FW Pack versions=[FP-ATR-ASTRA1_V2.0.0, FP-SNS-FLIGHT1_V5.1.0, FP-SNS-MOTENV1_V5.0.0, FP-SNS-MOTENVWB1_V1.4.0, FP-SNS-SMARTAG2_V1.2.0, FP-SNS-STBOX1_V2.0.0, STM32Cube_FW_C0_V1.4.0, STM32Cube_FW_F4_V1.28.2, STM32Cube_FW_F7_V1.17.3, STM32Cube_FW_G0_V1.6.2, STM32Cube_FW_G4_V1.6.1, STM32Cube_FW_H5_V1.5.0, STM32Cube_FW_H7RS_V1.2.0, STM32Cube_FW_H7_V1.12.1, STM32Cube_FW_L0_V1.12.2, STM32Cube_FW_L4_V1.18.1, STM32Cube_FW_L5_V1.5.1, STM32Cube_FW_N6_V1.2.0, STM32Cube_FW_U0_V1.3.0, STM32Cube_FW_U3_V1.2.0, STM32Cube_FW_U5_V1.8.0, STM32Cube_FW_WB0_V1.3.0, STM32Cube_FW_WBA_V1.7.0, STM32Cube_FW_WB_V1.23.0, STM32Cube_FW_WL3_V1.2.0, STM32Cube_FW_WL_V1.3.1, X-CUBE-ALGOBUILD_V1.4.0, X-CUBE-ALS_V1.0.2, X-CUBE-AZRTOS-F4_V1.1.0, X-CUBE-AZRTOS-F7_V1.1.0, X-CUBE-AZRTOS-G0_V1.1.0, X-CUBE-AZRTOS-G4_V2.0.0, X-CUBE-AZRTOS-H7RS_V1.1.0, X-CUBE-AZRTOS-H7_V3.4.0, X-CUBE-AZRTOS-L4_V2.0.0, X-CUBE-AZRTOS-L5_V2.0.0, X-CUBE-AZRTOS-WB_V2.0.0, X-CUBE-AZRTOS-WL_V2.0.0, X-CUBE-BLE1_V7.1.0, X-CUBE-BLE2_V3.3.0, X-CUBE-BLEMGR_V4.1.0, X-CUBE-EEPRMA1_V5.2.0, X-CUBE-FREERTOS_V1.3.1, X-CUBE-GNSS1_V6.0.0, X-CUBE-MEMS1_V11.3.0, X-CUBE-NFC4_V3.0.0, X-CUBE-NFC7_V2.0.0, X-CUBE-SFXS2LP1_V4.0.0, X-CUBE-ST67W61_V1.0.0, X-CUBE-SUBG2_V5.0.0, X-CUBE-TOF1_V3.4.3]
2025-08-04 09:38:34,760 [INFO] ApiDb:240 - Found 895 in-development CPN: [B-G473E-ZEST1S, B-WB1M-WPAN1, B-WBA5M-WPAN, B-WL5M-SUBG1, NUCLEO-C031C6, NUCLEO-C051C8, NUCLEO-C071RB, NUCLEO-C092RC, NUCLEO-H503RB, NUCLEO-H533RE, NUCLEO-H563ZI, NUCLEO-H7S3L8, NUCLEO-N657X0-Q, NUCLEO-U031R8, NUCLEO-U083RC, NUCLEO-U385RG-Q, NUCLEO-U545RE-Q, NUCLEO-U5A5ZJ-Q, NUCLEO-WB05KZ, NUCLEO-WB07CC, NUCLEO-WB09KE, NUCLEO-WBA52CG, NUCLEO-WBA55CG, NUCLEO-WBA65RI, NUCLEO-WL33CC1, NUCLEO-WL33CC2, STEVAL-PROTEUS1, STEVAL-SMARTAG2, STEVAL-STWINBX1, STM320518-EVAL, STM32C0116-DK, STM32C011D6Y3TR, STM32C011D6Y6TR, STM32C011F4P3, STM32C011F4P6, STM32C011F4U3, STM32C011F4U6TR, STM32C011F6P3, STM32C011F6P6, STM32C011F6U3, STM32C011F6U6TR, STM32C011J4M3, STM32C011J4M6, STM32C011J6M3, STM32C011J6M6, STM32C0316-DK, STM32C031C4T3, STM32C031C4T6, STM32C031C4U3, STM32C031C4U6, STM32C031C6T3, STM32C031C6T6, STM32C031C6U3, STM32C031C6U6, STM32C031F4P3, STM32C031F4P6, STM32C031F6P3, STM32C031F6P6, STM32C031G4U3, STM32C031G4U6, STM32C031G6U3, STM32C031G6U6, STM32C031K4T3, STM32C031K4T6, STM32C031K4U3, STM32C031K4U6, STM32C031K6T3, STM32C031K6T6, STM32C031K6U3, STM32C031K6U6, STM32C051C6T6, STM32C051C6U6, STM32C051C8T6, STM32C051C8U6, STM32C051D8Y6TR, STM32C051F6P6, STM32C051F8P6, STM32C051G6U6, STM32C051G8U6, STM32C051K6T6, STM32C051K6U6, STM32C051K8T6, STM32C071C8T6, STM32C071C8T6N, STM32C071C8U6, STM32C071C8U6N, STM32C071CBT6, STM32C071CBT6N, STM32C071CBU6, STM32C071CBU6N, STM32C071F8P6, STM32C071F8P6N, STM32C071FBP6, STM32C071FBP6N, STM32C071FBY6TR, STM32C071G8U6, STM32C071G8U6N, STM32C071GBU6, STM32C071GBU6N, STM32C071K8T6, STM32C071K8T6N, STM32C071K8U6, STM32C071K8U6N, STM32C071KBT6, STM32C071KBT6N, STM32C071KBU6, STM32C071KBU6N, STM32C071R8T6, STM32C071R8T6N, STM32C071RBI6N, STM32C071RBT6, STM32C071RBT6N, STM32C091CBT6, STM32C091CBU6, STM32C091CCT6, STM32C091CCU6, STM32C091ECY6TR, STM32C091FBP6, STM32C091FCP6, STM32C091GBU6, STM32C091GCU6, STM32C091KBT6, STM32C091KBU6, STM32C091KCT6, STM32C091KCU6, STM32C091RBT6, STM32C091RCI6, STM32C091RCT6, STM32C092CBT6, STM32C092CBU6, STM32C092CCT6, STM32C092CCU6, STM32C092ECY6TR, STM32C092FBP6, STM32C092FCP6, STM32C092GBU6, STM32C092GCU6, STM32C092KBT6, STM32C092KBU6, STM32C092KCT6, STM32C092KCU6, STM32C092RBT6, STM32C092RCI6, STM32C092RCT6, STM32G071K8TXN, STM32G071K8UXN, STM32G081GBU6N, STM32G081KBT6N, STM32G081KBUXN, STM32G0B1CCT6N, STM32G0B1KCT6, STM32G0B1NEY6TR, STM32G0B1RCT6N, STM32G0C1CCT6, STM32G0C1CCT6N, STM32G0C1CCU6N, STM32G0C1CET6N, STM32G0C1CEU6N, STM32G0C1KCT6, STM32G0C1NEY6TR, STM32G0C1RCI6N, STM32G0C1RCT6N, STM32G0C1REI6N, STM32G0C1RET6N, STM32G0C1VCI6, STM32G0C1VEI6, STM32G411C6T3, STM32G411C6T6, STM32G411C6U3, STM32G411C6U6, STM32G411C8T3, STM32G411C8T6, STM32G411C8U3, STM32G411C8U6, STM32G411CBT3, STM32G411CBT6, STM32G411CBU3, STM32G411CBU6, STM32G411CCT3, STM32G411CCT6, STM32G411CCU3, STM32G411CCU6, STM32G411K6T3, STM32G411K6T6, STM32G411K6U3, STM32G411K6U6, STM32G411K8T3, STM32G411K8T6, STM32G411K8U3, STM32G411K8U6, STM32G411KBT3, STM32G411KBT6, STM32G411KBU3, STM32G411KBU6, STM32G411M6T3, STM32G411M6T6, STM32G411M8T3, STM32G411M8T6, STM32G411MBT3, STM32G411MBT6, STM32G411MCT3, STM32G411MCT6, STM32G411R6T3, STM32G411R6T6, STM32G411R8T3, STM32G411R8T6, STM32G411RBT3, STM32G411RBT6, STM32G411RCT3, STM32G411RCT6, STM32G414CBT3, STM32G414CBT6, STM32G414CBU3, STM32G414CBU6, STM32G414CCT3, STM32G414CCT6, STM32G414CCU3, STM32G414CCU6, STM32G414MBT3, STM32G414MBT6, STM32G414MCT3, STM32G414MCT6, STM32G414RBT3, STM32G414RBT6, STM32G414RCT3, STM32G414RCT6, STM32G414VBT3, STM32G414VBT6, STM32G414VCT3, STM32G414VCT6, STM32G431CBT3Z, STM32G431RBT3Z, STM32G471CCT6, STM32G471CCU6, STM32G471CET3, STM32G471CET6, STM32G471CEU3, STM32G471CEU6, STM32G471MCT6, STM32G471MET3, STM32G471MET6, STM32G471MEY6TR, STM32G471QCT6, STM32G471QET3, STM32G471RCT6, STM32G471RET3, STM32G471RET6, STM32G471VCH6, STM32G471VCI6, STM32G471VCT6, STM32G471VEH3, STM32G471VEH6, STM32G471VEI3, STM32G471VEI6, STM32G471VET3, STM32G471VET6, STM32G473QET3Z, STM32G473RET3Z, STM32G474CCT6, STM32G491RET3Z, STM32H503CBT6, STM32H503CBU6, STM32H503EBY6TR, STM32H503KBU6, STM32H503RBT6, STM32H523CCT6, STM32H523CCU6, STM32H523CET6, STM32H523CEU6, STM32H523HEY6TR, STM32H523RCT6, STM32H523RET6, STM32H523VCI6, STM32H523VCT6, STM32H523VEI6, STM32H523VET6, STM32H523ZCJ6, STM32H523ZCT6, STM32H523ZEJ6, STM32H523ZET6, STM32H533CET6, STM32H533CEU6, STM32H533HEY6TR, STM32H533RET6, STM32H533VEI6, STM32H533VET6, STM32H533ZEJ6, STM32H533ZET6, STM32H562AGI6, STM32H562AII6, STM32H562IGK6, STM32H562IGT6, STM32H562IIK6, STM32H562IIT6, STM32H562RGT6, STM32H562RGV6, STM32H562RIT6, STM32H562RIV6, STM32H562VGT6, STM32H562VIT6, STM32H562ZGT6, STM32H562ZIT6, STM32H563AGI6, STM32H563AII3Q, STM32H563AII6, STM32H563IGK6, STM32H563IGT6, STM32H563IIK3Q, STM32H563IIK6, STM32H563IIT3Q, STM32H563IIT6, STM32H563MIY3QTR, STM32H563RGT6, STM32H563RGV6, STM32H563RIT6, STM32H563RIV6, STM32H563VGT6, STM32H563VIT3Q, STM32H563VIT6, STM32H563ZGT6, STM32H563ZIT3Q, STM32H563ZIT6, STM32H573AII3Q, STM32H573AII6, STM32H573I-DK, STM32H573IIK3Q, STM32H573IIK6, STM32H573IIT3Q, STM32H573IIT6, STM32H573MIY3QTR, STM32H573RIT6, STM32H573RIV6, STM32H573VIT3Q, STM32H573VIT6, STM32H573ZIT3Q, STM32H573ZIT6, STM32H7R3A8I6, STM32H7R3I8K6, STM32H7R3I8T6, STM32H7R3L8H6, STM32H7R3L8H6H, STM32H7R3R8V6, STM32H7R3V8H6, STM32H7R3V8T6, STM32H7R3V8Y6TR, STM32H7R3Z8J6, STM32H7R3Z8T6, STM32H7R7A8I6, STM32H7R7I8K6, STM32H7R7I8T6, STM32H7R7L8H6, STM32H7R7L8H6H, STM32H7R7Z8J6, STM32H7S3A8I6, STM32H7S3I8K6, STM32H7S3I8T6, STM32H7S3L8H6, STM32H7S3L8H6H, STM32H7S3R8V6, STM32H7S3V8H6, STM32H7S3V8T6, STM32H7S3V8Y6TR, STM32H7S3Z8J6, STM32H7S3Z8T6, STM32H7S78-DK, STM32H7S7A8I6, STM32H7S7I8K6, STM32H7S7I8T6, STM32H7S7L8H6, STM32H7S7L8H6H, STM32H7S7Z8J6, STM32L4R5QGI6STR, STM32MP131AAE3, STM32MP131AAF3, STM32MP131AAG3, STM32MP131CAE3, STM32MP131CAF3, STM32MP131CAG3, STM32MP131DAE7, STM32MP131DAF7, STM32MP131DAG7, STM32MP131FAE7, STM32MP131FAF7, STM32MP131FAG7, STM32MP133AAE3, STM32MP133AAF3, STM32MP133AAG3, STM32MP133CAE3, STM32MP133CAF3, STM32MP133CAG3, STM32MP133DAE7, STM32MP133DAF7, STM32MP133DAG7, STM32MP133FAE7, STM32MP133FAF7, STM32MP133FAG7, STM32MP135AAE3, STM32MP135AAF3, STM32MP135AAG3, STM32MP135CAE3, STM32MP135CAF3, STM32MP135CAG3, STM32MP135DAE7, STM32MP135DAF7, STM32MP135DAG7, STM32MP135F-DK, STM32MP135FAE7, STM32MP135FAF7, STM32MP135FAF7T, STM32MP135FAF7U, STM32MP135FAG7, STM32MP231AAJ3, STM32MP231AAK3, STM32MP231AAL3, STM32MP231CAJ3, STM32MP231CAK3, STM32MP231CAL3, STM32MP231DAJ3, STM32MP231DAK3, STM32MP231DAL3, STM32MP231FAJ3, STM32MP231FAK3, STM32MP231FAL3, STM32MP233AAJ3, STM32MP233AAK3, STM32MP233AAL3, STM32MP233CAJ3, STM32MP233CAK3, STM32MP233CAL3, STM32MP233DAJ3, STM32MP233DAK3, STM32MP233DAL3, STM32MP233FAJ3, STM32MP233FAK3, STM32MP233FAL3, STM32MP235AAJ3, STM32MP235AAK3, STM32MP235AAL3, STM32MP235CAJ3, STM32MP235CAK3, STM32MP235CAL3, STM32MP235DAJ3, STM32MP235DAK3, STM32MP235DAL3, STM32MP235FAJ3, STM32MP235FAK3, STM32MP235FAL3, STM32MP251AAI3, STM32MP251AAJ3, STM32MP251AAK3, STM32MP251AAL3, STM32MP251CAI3, STM32MP251CAJ3, STM32MP251CAK3, STM32MP251CAL3, STM32MP251DAI3, STM32MP251DAJ3, STM32MP251DAK3, STM32MP251DAL3, STM32MP251FAI3, STM32MP251FAJ3, STM32MP251FAK3, STM32MP251FAL3, STM32MP253AAI3, STM32MP253AAJ3, STM32MP253AAK3, STM32MP253AAL3, STM32MP253CAI3, STM32MP253CAJ3, STM32MP253CAK3, STM32MP253CAL3, STM32MP253DAI3, STM32MP253DAJ3, STM32MP253DAK3, STM32MP253DAL3, STM32MP253FAI3, STM32MP253FAJ3, STM32MP253FAK3, STM32MP253FAL3, STM32MP255AAI3, STM32MP255AAJ3, STM32MP255AAK3, STM32MP255AAL3, STM32MP255CAI3, STM32MP255CAJ3, STM32MP255CAK3, STM32MP255CAL3, STM32MP255DAI3, STM32MP255DAJ3, STM32MP255DAK3, STM32MP255DAL3, STM32MP255FAI3, STM32MP255FAJ3, STM32MP255FAK3, STM32MP255FAL3, STM32MP257AAI3, STM32MP257AAJ3, STM32MP257AAK3, STM32MP257AAL3, STM32MP257CAI3, STM32MP257CAJ3, STM32MP257CAK3, STM32MP257CAL3, STM32MP257DAI3, STM32MP257DAJ3, STM32MP257DAK3, STM32MP257DAL3, STM32MP257F-DK, STM32MP257F-EV1, STM32MP257FAI3, STM32MP257FAJ3, STM32MP257FAK3, STM32MP257FAL3, STM32N645A0H3Q, STM32N645B0H3Q, STM32N645I0H3Q, STM32N645L0H3Q, STM32N645X0H3Q, STM32N645Z0H3Q, STM32N647A0H3Q, STM32N647B0H3Q, STM32N647I0H3Q, STM32N647L0H3Q, STM32N647X0H3Q, STM32N647Z0H3Q, STM32N655A0H3Q, STM32N655B0H3Q, STM32N655I0H3Q, STM32N655L0H3Q, STM32N655X0H3Q, STM32N655Z0H3Q, STM32N6570-DK, STM32N657A0H3Q, STM32N657B0H3Q, STM32N657I0H3Q, STM32N657L0H3Q, STM32N657X0H3Q, STM32N657Z0H3Q, STM32U031C6T6, STM32U031C6U6, STM32U031C8T6, STM32U031C8U6, STM32U031F4P6, STM32U031F6P6, STM32U031F8P6, STM32U031G6Y6TR, STM32U031G8Y6TR, STM32U031K4U6, STM32U031K6U6, STM32U031K8U6, STM32U031R6I6, STM32U031R6T6, STM32U031R8I6, STM32U031R8T6, STM32U073C8T6, STM32U073C8U6, STM32U073CBT6, STM32U073CBU6, STM32U073CCT6, STM32U073CCU6, STM32U073H8Y6TR, STM32U073HBY6TR, STM32U073HCY6TR, STM32U073K8U6, STM32U073KBU6, STM32U073KCU6, STM32U073M8I6, STM32U073M8T6, STM32U073MBI6, STM32U073MBT6, STM32U073MCI6, STM32U073MCT6, STM32U073R8I6, STM32U073R8T6, STM32U073RBI6, STM32U073RBT6, STM32U073RCI6, STM32U073RCT6, STM32U083C-DK, STM32U083CCT6, STM32U083CCU6, STM32U083HCY6TR, STM32U083KCU6, STM32U083MCI6, STM32U083MCT6, STM32U083RCI6, STM32U083RCT6, STM32U375CET6, STM32U375CET6Q, STM32U375CEU6, STM32U375CEU6Q, STM32U375CEY6QTR, STM32U375CGT6, STM32U375CGT6Q, STM32U375CGU6, STM32U375CGU6Q, STM32U375CGY6QTR, STM32U375KEU6, STM32U375KGU6, STM32U375REI6, STM32U375REI6Q, STM32U375RET6, STM32U375RET6Q, STM32U375REY6GTR, STM32U375REY6QTR, STM32U375RGI6, STM32U375RGI6Q, STM32U375RGT6, STM32U375RGT6Q, STM32U375RGY6GTR, STM32U375RGY6QTR, STM32U375VEI6, STM32U375VEI6Q, STM32U375VET6, STM32U375VET6Q, STM32U375VGI6, STM32U375VGI6Q, STM32U375VGT6, STM32U375VGT6Q, STM32U385CGT6, STM32U385CGT6Q, STM32U385CGU6, STM32U385CGU6Q, STM32U385CGY6QTR, STM32U385KGU6, STM32U385RGI6, STM32U385RGI6Q, STM32U385RGT6, STM32U385RGT6Q, STM32U385RGY6GTR, STM32U385RGY6QTR, STM32U385VGI6, STM32U385VGI6Q, STM32U385VGT6, STM32U385VGT6Q, STM32U535CBT6, STM32U535CBT6Q, STM32U535CBU6, STM32U535CBU6Q, STM32U535CCT6, STM32U535CCT6Q, STM32U535CCU6, STM32U535CCU6Q, STM32U535CET6, STM32U535CET6Q, STM32U535CEU6, STM32U535CEU6Q, STM32U535JEY6QTR, STM32U535NCY6QTR, STM32U535NEY6QTR, STM32U535RBI6, STM32U535RBI6Q, STM32U535RBT6, STM32U535RBT6Q, STM32U535RCI6, STM32U535RCI6Q, STM32U535RCT6, STM32U535RCT6Q, STM32U535REI6, STM32U535REI6Q, STM32U535RET6, STM32U535RET6Q, STM32U535VCI6, STM32U535VCI6Q, STM32U535VCT6, STM32U535VCT6Q, STM32U535VEI6, STM32U535VEI6Q, STM32U535VET6, STM32U535VET6Q, STM32U545CET6, STM32U545CET6Q, STM32U545CEU6, STM32U545CEU6Q, STM32U545JEY6QTR, STM32U545NEY6QTR, STM32U545REI6, STM32U545REI6Q, STM32U545RET6, STM32U545RET6Q, STM32U545VEI6, STM32U545VEI6Q, STM32U545VET6, STM32U545VET6Q, STM32U595AIH6, STM32U595AIH6Q, STM32U595AJH6, STM32U595AJH6Q, STM32U595QII6, STM32U595QII6Q, STM32U595QJI6, STM32U595QJI6Q, STM32U595RIT6, STM32U595RIT6Q, STM32U595RJT6, STM32U595RJT6Q, STM32U595VIT6, STM32U595VIT6Q, STM32U595VJT6, STM32U595VJT6Q, STM32U595ZIT6, STM32U595ZIT6Q, STM32U595ZIY6QTR, STM32U595ZJT6, STM32U595ZJT6Q, STM32U595ZJY6QTR, STM32U599BJY6QTR, STM32U599NIH6Q, STM32U599NJH6Q, STM32U599VIT6Q, STM32U599VJT6, STM32U599VJT6Q, STM32U599ZIT6Q, STM32U599ZIY6QTR, STM32U599ZJT6Q, STM32U599ZJY6QTR, STM32U5A5AJH6, STM32U5A5AJH6Q, STM32U5A5QII3Q , STM32U5A5QJI6, STM32U5A5QJI6Q, STM32U5A5RJT6, STM32U5A5RJT6Q, STM32U5A5VJT6, STM32U5A5VJT6Q, STM32U5A5ZJT6, STM32U5A5ZJT6Q, STM32U5A5ZJY6QTR, STM32U5A9BJY6QTR, STM32U5A9J-DK, STM32U5A9NJH6Q, STM32U5A9VJT6Q, STM32U5A9ZJT6Q, STM32U5A9ZJY6QTR, STM32U5F7VIT6, STM32U5F7VIT6Q, STM32U5F7VJT6, STM32U5F7VJT6Q, STM32U5F9BJY6QTR, STM32U5F9NJH6Q, STM32U5F9VIT6Q, STM32U5F9VJT6Q, STM32U5F9ZIJ6QTR, STM32U5F9ZIT6Q, STM32U5F9ZJJ6QTR, STM32U5F9ZJT6Q, STM32U5G7VJT6, STM32U5G7VJT6Q, STM32U5G9BJY6QTR, STM32U5G9J-DK1, STM32U5G9J-DK2, STM32U5G9NJH6Q, STM32U5G9VJT6Q, STM32U5G9ZJJ6QTR, STM32U5G9ZJT6Q, STM32WB05KZV6TR, STM32WB05KZV7TR, STM32WB05TZF6TR, STM32WB05TZF7TR, STM32WB06CCF6TR, STM32WB06CCF7TR, STM32WB06CCV6TR, STM32WB06CCV7TR, STM32WB06KCV6TR, STM32WB06KCV7TR, STM32WB07CCF6TR, STM32WB07CCF7TR, STM32WB07CCV6TR, STM32WB07CCV7TR, STM32WB07KCV6TR, STM32WB07KCV7TR, STM32WB09KEV6TR, STM32WB09KEV7TR, STM32WB09TEF6TR, STM32WB09TEF7TR, STM32WB1MMCH6, STM32WBA50KGU6, STM32WBA50KGU6TR, STM32WBA52CEU6, STM32WBA52CEU6TR, STM32WBA52CEU7, STM32WBA52CEU7TR, STM32WBA52CGU6, STM32WBA52CGU6TR, STM32WBA52CGU6U, STM32WBA52CGU7, STM32WBA52CGU7TR, STM32WBA52KEU6, STM32WBA52KEU6TR, STM32WBA52KGU6, STM32WBA52KGU6TR, STM32WBA54CEU6, STM32WBA54CEU6TR, STM32WBA54CEU7, STM32WBA54CEU7TR, STM32WBA54CGU6, STM32WBA54CGU6TR, STM32WBA54CGU7, STM32WBA54CGU7TR, STM32WBA54KEU6, STM32WBA54KEU6TR, STM32WBA54KEU7, STM32WBA54KEU7TR, STM32WBA54KGU6, STM32WBA54KGU6TR, STM32WBA54KGU7, STM32WBA54KGU7TR, STM32WBA55CEU6, STM32WBA55CEU6TR, STM32WBA55CEU7, STM32WBA55CEU7TR, STM32WBA55CGU6, STM32WBA55CGU6TR, STM32WBA55CGU6U, STM32WBA55CGU7, STM32WBA55CGU7TR, STM32WBA55G-DK1, STM32WBA55HEF6, STM32WBA55HEF7, STM32WBA55HGF6, STM32WBA55HGF7, STM32WBA55UEI6, STM32WBA55UEI6TR, STM32WBA55UEI7, STM32WBA55UEI7TR, STM32WBA55UGI6, STM32WBA55UGI6TR, STM32WBA55UGI7, STM32WBA55UGI7TR, STM32WBA5MJGH6TR, STM32WBA62CGU6, STM32WBA62CIU6, STM32WBA62MGF6, STM32WBA62MIF6, STM32WBA62PGI6, STM32WBA62PII6, STM32WBA63CGU6, STM32WBA63CGU7, STM32WBA63CIU6, STM32WBA63CIU7, STM32WBA64CGU6, STM32WBA64CGU7, STM32WBA64CIU6, STM32WBA64CIU7, STM32WBA65CGU6, STM32WBA65CGU7, STM32WBA65CIU6, STM32WBA65CIU7, STM32WBA65I-DK1, STM32WBA65MGF6, STM32WBA65MGF7, STM32WBA65MIF6, STM32WBA65MIF7, STM32WBA65PGI6, STM32WBA65PGI7, STM32WBA65PII6, STM32WBA65PII7, STM32WBA65RGV6, STM32WBA65RGV7, STM32WBA65RIV6, STM32WBA65RIV7, STM32WL30K8V6, STM32WL30KBV6, STM32WL31C8V6, STM32WL31CBV6, STM32WL31K8V6, STM32WL31KBV6, STM32WL33C8V6, STM32WL33C8V6TR, STM32WL33C8V7, STM32WL33C8V7TR, STM32WL33CBV6, STM32WL33CBV6TR, STM32WL33CBV7, STM32WL33CBV7TR, STM32WL33CCV6, STM32WL33CCV6TR, STM32WL33CCV7, STM32WL33CCV7A, STM32WL33CCV7ATR, STM32WL33CCV7TR, STM32WL33K8V6, STM32WL33K8V6TR, STM32WL33K8V7, STM32WL33K8V7TR, STM32WL33KBV6, STM32WL33KBV6TR, STM32WL33KBV7, STM32WL33KBV7TR, STM32WL33KCV6, STM32WL33KCV6TR, STM32WL33KCV7, STM32WL33KCV7TR, STM32WL5MOCH6, STM32WL5MOCH6TR]
2025-08-04 09:38:34,770 [INFO] DbMcus:218 - Found 4747 MCUs, 4747 are supported
2025-08-04 09:38:34,774 [INFO] ApiDb:423 - Load user favorites file C:\Users\Oguzm/.stm32cubeide/favorites.mcus.txt: 0 item(s)
2025-08-04 09:38:34,775 [INFO] ApiDb:427 - User favorites MCUs=[]
2025-08-04 09:38:34,775 [INFO] DbMcus:224 - Set 0 / 0 favorites MCUs
2025-08-04 09:38:36,055 [INFO] BoardInfo:889 - No configuration file found for board P-NUCLEO-WB55
2025-08-04 09:38:36,058 [INFO] DbBoards:161 - Kit is not supported: P-NUCLEO-WB55
2025-08-04 09:38:36,068 [INFO] BoardInfo:889 - No configuration file found for board STEVAL-BFA001V1B
2025-08-04 09:38:36,070 [INFO] DbBoards:161 - Kit is not supported: STEVAL-BFA001V1B
2025-08-04 09:38:36,073 [INFO] BoardInfo:889 - No configuration file found for board STEVAL-BFA001V2B
2025-08-04 09:38:36,075 [INFO] DbBoards:161 - Kit is not supported: STEVAL-BFA001V2B
2025-08-04 09:38:36,424 [INFO] DbBoards:168 - Found 211 boards, 208 are supported
2025-08-04 09:38:36,426 [INFO] DbBoards:169 - Found 211 boards, 43 of them is supported for  Bsp
2025-08-04 09:38:36,429 [INFO] ApiDb:423 - Load user favorites file C:\Users\Oguzm/.stm32cubeide/favorites.boards.txt: 1 item(s)
2025-08-04 09:38:36,429 [INFO] ApiDb:427 - User favorites Boards=[NUCLEO-G071RB]
2025-08-04 09:38:36,429 [INFO] DbBoards:198 - Set 1 / 1 favorites Boards
2025-08-04 09:38:36,490 [INFO] UtilMem:75 - End LoadConfig() Used Memory: 727355656 Bytes (1073741824)
2025-08-04 09:38:36,690 [WARN] ThirdParty:833 - waiting for thirdparty lock release [change project]
2025-08-04 09:38:36,691 [INFO] ThirdParty:835 - entering critical section [change project]
2025-08-04 09:38:36,691 [INFO] ThirdParty:1030 - CMSIS Pack Vendor :STMicroelectronics X-CUBE-PM33A1 1.0.0
2025-08-04 09:38:36,691 [INFO] ThirdParty:1030 - CMSIS Pack Vendor :STMicroelectronics USBPD 4.1
2025-08-04 09:38:36,691 [INFO] ThirdParty:1030 - CMSIS Pack Vendor :STMicroelectronics X-CUBE-AZRTOS-H7 3.3.0
2025-08-04 09:38:36,691 [INFO] ThirdParty:1030 - CMSIS Pack Vendor :STMicroelectronics X-CUBE-NFC9 1.0.0
2025-08-04 09:38:36,691 [INFO] ThirdParty:1030 - CMSIS Pack Vendor :wolfSSL I-CUBE-wolfSSL 5.8.0
2025-08-04 09:38:36,691 [INFO] ThirdParty:1030 - CMSIS Pack Vendor :STMicroelectronics USB_HOST 2.0.0
2025-08-04 09:38:36,691 [INFO] ThirdParty:1030 - CMSIS Pack Vendor :STMicroelectronics FP-SNS-MOTENVWB1 1.4.0
2025-08-04 09:38:36,691 [INFO] ThirdParty:1030 - CMSIS Pack Vendor :STMicroelectronics X-CUBE-AZRTOS-F4 1.1.0
2025-08-04 09:38:36,691 [INFO] ThirdParty:1030 - CMSIS Pack Vendor :STMicroelectronics LIBJPEG 8.0.0
2025-08-04 09:38:36,691 [INFO] ThirdParty:1030 - CMSIS Pack Vendor :STMicroelectronics FP-ATR-ASTRA1 2.0.2
2025-08-04 09:38:36,691 [INFO] ThirdParty:1030 - CMSIS Pack Vendor :STMicroelectronics X-CUBE-BLE1 7.1.0
2025-08-04 09:38:36,691 [INFO] ThirdParty:1030 - CMSIS Pack Vendor :Avnet-IotConnect X-CUBE-IoTC-DA16k-PMOD 1.0.0
2025-08-04 09:38:36,691 [INFO] ThirdParty:1030 - CMSIS Pack Vendor :STMicroelectronics X-CUBE-SMBUS 2.1.0
2025-08-04 09:38:36,691 [INFO] ThirdParty:1030 - CMSIS Pack Vendor :wolfSSL I-CUBE-wolfMQTT 1.19.2
2025-08-04 09:38:36,691 [INFO] ThirdParty:1030 - CMSIS Pack Vendor :STMicroelectronics USB_DEVICE 3.0.0
2025-08-04 09:38:36,691 [INFO] ThirdParty:1030 - CMSIS Pack Vendor :STMicroelectronics X-CUBE-ISPU 2.1.0
2025-08-04 09:38:36,691 [INFO] ThirdParty:1030 - CMSIS Pack Vendor :STMicroelectronics X-CUBE-EEPRMA1 5.2.0
2025-08-04 09:38:36,691 [INFO] ThirdParty:1030 - CMSIS Pack Vendor :STMicroelectronics X-CUBE-BLEMGR 4.1.0
2025-08-04 09:38:36,691 [INFO] ThirdParty:1030 - CMSIS Pack Vendor :STMicroelectronics X-CUBE-AZRTOS-WB 2.0.0
2025-08-04 09:38:36,691 [INFO] ThirdParty:1030 - CMSIS Pack Vendor :STMicroelectronics X-CUBE-ST60 1.0.0
2025-08-04 09:38:36,691 [INFO] ThirdParty:1030 - CMSIS Pack Vendor :STMicroelectronics X-CUBE-GNSS1 7.0.1
2025-08-04 09:38:36,691 [INFO] ThirdParty:1030 - CMSIS Pack Vendor :STMicroelectronics X-CUBE-NFC12 1.0.0
2025-08-04 09:38:36,692 [INFO] ThirdParty:1030 - CMSIS Pack Vendor :STMicroelectronics X-CUBE-AZRTOS-F7 1.1.0
2025-08-04 09:38:36,692 [INFO] ThirdParty:1030 - CMSIS Pack Vendor :STMicroelectronics X-CUBE-AZRTOS-L5 2.0.0
2025-08-04 09:38:36,692 [INFO] ThirdParty:1030 - CMSIS Pack Vendor :STMicroelectronics X-CUBE-TOUCHGFX 4.25.0
2025-08-04 09:38:36,692 [INFO] ThirdParty:1030 - CMSIS Pack Vendor :STMicroelectronics USB_DEVICE 2.0.0
2025-08-04 09:38:36,692 [INFO] ThirdParty:1030 - CMSIS Pack Vendor :STMicroelectronics X-CUBE-NFC6 3.1.0
2025-08-04 09:38:36,692 [INFO] ThirdParty:1030 - CMSIS Pack Vendor :STMicroelectronics X-CUBE-AI 10.1.0
2025-08-04 09:38:36,692 [INFO] ThirdParty:1030 - CMSIS Pack Vendor :STMicroelectronics FP-SNS-STBOX1 2.0.0
2025-08-04 09:38:36,692 [INFO] ThirdParty:1030 - CMSIS Pack Vendor :STMicroelectronics X-CUBE-MEMS1 11.2.0
2025-08-04 09:38:36,692 [INFO] ThirdParty:1030 - CMSIS Pack Vendor :STMicroelectronics FreeRTOS 0.0.1
2025-08-04 09:38:36,692 [INFO] ThirdParty:1030 - CMSIS Pack Vendor :STMicroelectronics X-CUBE-AZRTOS-G0 1.1.0
2025-08-04 09:38:36,692 [INFO] ThirdParty:1030 - CMSIS Pack Vendor :STMicroelectronics X-CUBE-SAFEA1 1.2.2
2025-08-04 09:38:36,692 [INFO] ThirdParty:1030 - CMSIS Pack Vendor :STMicroelectronics X-CUBE-NFC4 3.0.0
2025-08-04 09:38:36,692 [INFO] ThirdParty:1030 - CMSIS Pack Vendor :STMicroelectronics X-CUBE-SUBG2 5.0.0
2025-08-04 09:38:36,692 [INFO] ThirdParty:1030 - CMSIS Pack Vendor :STMicroelectronics X-CUBE-AZRTOS-H7RS 1.1.0
2025-08-04 09:38:36,692 [INFO] ThirdParty:1030 - CMSIS Pack Vendor :STMicroelectronics STM32_WPAN 1.0.0
2025-08-04 09:38:36,692 [INFO] ThirdParty:1030 - CMSIS Pack Vendor :EmbeddedOffice I-CUBE-FS-RTOS 1.0.1
2025-08-04 09:38:36,692 [INFO] ThirdParty:1030 - CMSIS Pack Vendor :STMicroelectronics lwIP 2.0.3
2025-08-04 09:38:36,692 [INFO] ThirdParty:1030 - CMSIS Pack Vendor :Cesanta I-CUBE-Mongoose 7.13.0
2025-08-04 09:38:36,692 [INFO] ThirdParty:1030 - CMSIS Pack Vendor :STMicroelectronics USB_HOST 1.0.0
2025-08-04 09:38:36,692 [INFO] ThirdParty:1030 - CMSIS Pack Vendor :Infineon AIROC-Wi-Fi-Bluetooth-STM32 1.7.0
2025-08-04 09:38:36,692 [INFO] ThirdParty:1030 - CMSIS Pack Vendor :STMicroelectronics X-CUBE-AZRTOS-G4 2.0.0
2025-08-04 09:38:36,692 [INFO] ThirdParty:1030 - CMSIS Pack Vendor :STMicroelectronics X-CUBE-WB05N 2.0.0
2025-08-04 09:38:36,692 [INFO] ThirdParty:1030 - CMSIS Pack Vendor :STMicroelectronics PDM2PCM 3.1.0
2025-08-04 09:38:36,692 [INFO] ThirdParty:1030 - CMSIS Pack Vendor :STMicroelectronics PDM2PCM 3.3.0
2025-08-04 09:38:36,692 [INFO] ThirdParty:1030 - CMSIS Pack Vendor :wolfSSL I-CUBE-wolfTPM 3.8.0
2025-08-04 09:38:36,692 [INFO] ThirdParty:1030 - CMSIS Pack Vendor :STMicroelectronics X-CUBE-AZRTOS-H7 3.4.0
2025-08-04 09:38:36,692 [INFO] ThirdParty:1030 - CMSIS Pack Vendor :STMicroelectronics X-CUBE-DISPLAY 3.0.0
2025-08-04 09:38:36,692 [INFO] ThirdParty:1030 - CMSIS Pack Vendor :wolfSSL I-CUBE-wolfSSH 1.4.20
2025-08-04 09:38:36,692 [INFO] ThirdParty:1030 - CMSIS Pack Vendor :STMicroelectronics X-CUBE-NFC7 2.0.0
2025-08-04 09:38:36,692 [INFO] ThirdParty:1030 - CMSIS Pack Vendor :STMicroelectronics X-CUBE-TCPP 4.2.0
2025-08-04 09:38:36,692 [INFO] ThirdParty:1030 - CMSIS Pack Vendor :RealThread X-CUBE-RT-Thread_Nano 4.1.1
2025-08-04 09:38:36,692 [INFO] ThirdParty:1030 - CMSIS Pack Vendor :STMicroelectronics FP-ATR-SIGFOX1 3.2.0
2025-08-04 09:38:36,692 [INFO] ThirdParty:1030 - CMSIS Pack Vendor :STMicroelectronics X-CUBE-NFC10 1.0.0
2025-08-04 09:38:36,692 [INFO] ThirdParty:1030 - CMSIS Pack Vendor :STMicroelectronics X-CUBE-BLEMGR 4.0.0
2025-08-04 09:38:36,693 [INFO] ThirdParty:1030 - CMSIS Pack Vendor :STMicroelectronics X-CUBE-EEPRMA1 5.1.0
2025-08-04 09:38:36,693 [INFO] ThirdParty:1030 - CMSIS Pack Vendor :STMicroelectronics X-CUBE-FREERTOS 1.3.1
2025-08-04 09:38:36,693 [INFO] ThirdParty:1030 - CMSIS Pack Vendor :STMicroelectronics HAL Drivers 0.0.0
2025-08-04 09:38:36,693 [INFO] ThirdParty:1030 - CMSIS Pack Vendor :STMicroelectronics MBEDTLS 2.16.2
2025-08-04 09:38:36,693 [INFO] ThirdParty:1030 - CMSIS Pack Vendor :STMicroelectronics X-CUBE-IPS 3.1.0
2025-08-04 09:38:36,693 [INFO] ThirdParty:1030 - CMSIS Pack Vendor :STMicroelectronics X-CUBE-ALS 1.0.2
2025-08-04 09:38:36,693 [INFO] ThirdParty:1030 - CMSIS Pack Vendor :emotas I-CUBE-CANOPEN 1.3.0
2025-08-04 09:38:36,693 [INFO] ThirdParty:1030 - CMSIS Pack Vendor :STMicroelectronics MBEDTLS 2.14.1
2025-08-04 09:38:36,693 [INFO] ThirdParty:1030 - CMSIS Pack Vendor :ITTIA_DB I-CUBE-ITTIADB 8.9.0
2025-08-04 09:38:36,693 [INFO] ThirdParty:1030 - CMSIS Pack Vendor :portGmbH I-Cube-SoM-uGOAL 1.1.0
2025-08-04 09:38:36,693 [INFO] ThirdParty:1030 - CMSIS Pack Vendor :quantropi X-CUBE-qispace-sdk-base 2.0.0
2025-08-04 09:38:36,693 [INFO] ThirdParty:1030 - CMSIS Pack Vendor :STMicroelectronics X-CUBE-ST67W61 1.0.0
2025-08-04 09:38:36,693 [INFO] ThirdParty:1030 - CMSIS Pack Vendor :STMicroelectronics X-CUBE-AI 10.2.0
2025-08-04 09:38:36,693 [INFO] ThirdParty:1030 - CMSIS Pack Vendor :STMicroelectronics FP-SNS-STAIOTCFT 1.0.0
2025-08-04 09:38:36,693 [INFO] ThirdParty:1030 - CMSIS Pack Vendor :STMicroelectronics ThreadX 1.0.0
2025-08-04 09:38:36,693 [INFO] ThirdParty:1030 - CMSIS Pack Vendor :STMicroelectronics FP-SNS-SMARTAG2 1.2.0
2025-08-04 09:38:36,693 [INFO] ThirdParty:1030 - CMSIS Pack Vendor :STMicroelectronics FP-SNS-FLIGHT1 5.1.0
2025-08-04 09:38:36,693 [INFO] ThirdParty:1030 - CMSIS Pack Vendor :STMicroelectronics X-CUBE-AZRTOS-WL 2.0.0
2025-08-04 09:38:36,693 [INFO] ThirdParty:1030 - CMSIS Pack Vendor :SEGGER I-CUBE-embOS 1.3.1
2025-08-04 09:38:36,693 [INFO] ThirdParty:1030 - CMSIS Pack Vendor :STMicroelectronics X-CUBE-ALGOBUILD 1.4.0
2025-08-04 09:38:36,693 [INFO] ThirdParty:1030 - CMSIS Pack Vendor :STMicroelectronics X-CUBE-DPower 1.3.0
2025-08-04 09:38:36,693 [INFO] ThirdParty:1030 - CMSIS Pack Vendor :STMicroelectronics X-CUBE-MEMS1 11.3.0
2025-08-04 09:38:36,693 [INFO] ThirdParty:1030 - CMSIS Pack Vendor :STMicroelectronics FP-SNS-MOTENV1 5.0.0
2025-08-04 09:38:36,693 [INFO] ThirdParty:1030 - CMSIS Pack Vendor :STMicroelectronics USB_DEVICE 1.0.0
2025-08-04 09:38:36,693 [INFO] ThirdParty:1030 - CMSIS Pack Vendor :STMicroelectronics X-CUBE-AZRTOS-L4 2.0.0
2025-08-04 09:38:36,693 [INFO] ThirdParty:1030 - CMSIS Pack Vendor :STMicroelectronics ThreadX 0.0.2
2025-08-04 09:38:36,693 [INFO] ThirdParty:1030 - CMSIS Pack Vendor :WES I-CUBE-Cesium 1.3.0
2025-08-04 09:38:36,693 [INFO] ThirdParty:1030 - CMSIS Pack Vendor :STMicroelectronics lwIP 2.1.2
2025-08-04 09:38:36,693 [INFO] ThirdParty:1030 - CMSIS Pack Vendor :STMicroelectronics X-CUBE-SFXS2LP1 4.0.0
2025-08-04 09:38:36,693 [INFO] ThirdParty:1030 - CMSIS Pack Vendor :STMicroelectronics X-CUBE-BLE2 3.3.0
2025-08-04 09:38:36,694 [INFO] ThirdParty:1030 - CMSIS Pack Vendor :STMicroelectronics X-CUBE-TOF1 3.4.3
2025-08-04 09:38:36,694 [INFO] ThirdParty:1030 - CMSIS Pack Vendor :STMicroelectronics PDM2PCM 3.2.0
2025-08-04 09:38:36,694 [INFO] ThirdParty:841 - exiting critical section [change project]
2025-08-04 09:38:37,442 [INFO] PinOutPanel:1589 - setPackage(No Configuration,No Configuration)
2025-08-04 09:38:37,449 [INFO] PinOutPanel:1589 - setPackage(STM32G071RBTx,LQFP64)
2025-08-04 09:38:39,154 [INFO] UtilMem:75 - Before build in PCC Used Memory: 633851648 Bytes (1073741824)
2025-08-04 09:38:40,934 [INFO] UtilMem:75 - After build in PCC Used Memory: 767850256 Bytes (1073741824)
2025-08-04 09:38:41,005 [INFO] IPUIPlugin:80 - create IPUIPlugin
2025-08-04 09:38:41,005 [INFO] IPUIPlugin:80 - create IPUIPlugin
2025-08-04 09:38:41,005 [INFO] IPUIPlugin:80 - create IPUIPlugin
2025-08-04 09:38:41,006 [INFO] IPUIPlugin:80 - create IPUIPlugin
2025-08-04 09:38:41,006 [INFO] IPUIPlugin:80 - create IPUIPlugin
2025-08-04 09:38:41,008 [INFO] IPUIPlugin:80 - create IPUIPlugin
2025-08-04 09:38:41,009 [INFO] IPUIPlugin:80 - create IPUIPlugin
2025-08-04 09:38:41,009 [INFO] IPUIPlugin:80 - create IPUIPlugin
2025-08-04 09:38:41,011 [INFO] IPUIPlugin:80 - create IPUIPlugin
2025-08-04 09:38:41,011 [INFO] IPUIPlugin:80 - create IPUIPlugin
2025-08-04 09:38:41,012 [INFO] IPUIPlugin:80 - create IPUIPlugin
2025-08-04 09:38:41,012 [INFO] IPUIPlugin:80 - create IPUIPlugin
2025-08-04 09:38:41,012 [INFO] IPUIPlugin:80 - create IPUIPlugin
2025-08-04 09:38:41,013 [INFO] IPUIPlugin:80 - create IPUIPlugin
2025-08-04 09:38:41,013 [INFO] IPUIPlugin:80 - create IPUIPlugin
2025-08-04 09:38:41,013 [INFO] IPUIPlugin:80 - create IPUIPlugin
2025-08-04 09:38:41,014 [INFO] IPUIPlugin:80 - create IPUIPlugin
2025-08-04 09:38:41,014 [INFO] IPUIPlugin:80 - create IPUIPlugin
2025-08-04 09:38:41,015 [INFO] IPUIPlugin:80 - create IPUIPlugin
2025-08-04 09:38:41,016 [INFO] IPUIPlugin:80 - create IPUIPlugin
2025-08-04 09:38:41,016 [INFO] IPUIPlugin:80 - create IPUIPlugin
2025-08-04 09:38:41,016 [INFO] IPUIPlugin:80 - create IPUIPlugin
2025-08-04 09:38:41,017 [INFO] IPUIPlugin:80 - create IPUIPlugin
2025-08-04 09:38:41,017 [INFO] IPUIPlugin:80 - create IPUIPlugin
2025-08-04 09:38:41,017 [INFO] IPUIPlugin:80 - create IPUIPlugin
2025-08-04 09:38:41,017 [INFO] IPUIPlugin:80 - create IPUIPlugin
2025-08-04 09:38:41,018 [INFO] IPUIPlugin:80 - create IPUIPlugin
2025-08-04 09:38:41,018 [INFO] IPUIPlugin:80 - create IPUIPlugin
2025-08-04 09:38:41,018 [INFO] IPUIPlugin:80 - create IPUIPlugin
2025-08-04 09:38:41,018 [INFO] IPUIPlugin:80 - create IPUIPlugin
2025-08-04 09:38:41,018 [INFO] IPUIPlugin:80 - create IPUIPlugin
2025-08-04 09:38:41,020 [INFO] IPUIPlugin:80 - create IPUIPlugin
2025-08-04 09:38:41,020 [INFO] IPUIPlugin:80 - create IPUIPlugin
2025-08-04 09:38:41,020 [INFO] IPUIPlugin:80 - create IPUIPlugin
2025-08-04 09:38:41,020 [INFO] IPUIPlugin:80 - create IPUIPlugin
2025-08-04 09:38:41,022 [INFO] IPUIPlugin:80 - create IPUIPlugin
2025-08-04 09:38:41,023 [INFO] IPUIPlugin:80 - create IPUIPlugin
2025-08-04 09:38:41,024 [INFO] IPUIPlugin:80 - create IPUIPlugin
2025-08-04 09:38:41,024 [INFO] IPUIPlugin:80 - create IPUIPlugin
2025-08-04 09:38:41,025 [INFO] IPUIPlugin:80 - create IPUIPlugin
2025-08-04 09:38:41,025 [INFO] IPUIPlugin:80 - create IPUIPlugin
2025-08-04 09:38:41,026 [INFO] IPUIPlugin:80 - create IPUIPlugin
2025-08-04 09:38:41,026 [INFO] IPUIPlugin:80 - create IPUIPlugin
2025-08-04 09:38:41,463 [INFO] CADModel:165 - CPN selected for project levelSTM32G071RBT6
2025-08-04 09:38:41,463 [INFO] CADModel:114 - Register for checkConnection events
2025-08-04 09:38:41,509 [INFO] OpenFileManager:385 - Restore cursor
2025-08-04 09:38:51,990 [INFO] NvicIntPanel:101 - NVIC parent = com.st.microxplorer.plugins.ip.nvic.MultiNvicIntPanel[,0,0,0x0,invalid,layout=javax.swing.BoxLayout,alignmentX=0.0,alignmentY=0.0,border=,flags=9,maximumSize=,minimumSize=,preferredSize=]
2025-08-04 09:39:49,800 [INFO] I2cTimingTraitement:330 - 0x10B17DB5
2025-08-04 09:39:54,866 [INFO] I2cTimingTraitement:330 - 0x00201D2B
2025-08-04 09:39:56,385 [INFO] I2cTimingTraitement:330 - 0x10B17DB5
2025-08-04 09:40:00,287 [INFO] I2cTimingTraitement:330 - 0x00201D2B
2025-08-04 09:40:02,461 [INFO] I2cTimingTraitement:330 - 0x10B17DB5
2025-08-04 09:40:06,394 [INFO] UtilMem:75 - End SaveConfig() Used Memory: 819249048 Bytes (1073741824)
2025-08-04 09:40:08,221 [INFO] UtilMem:75 - End SaveConfig() Used Memory: 988404264 Bytes (1073741824)
2025-08-04 09:40:08,991 [INFO] BlockDiagram:2775 - set Specific Code input for plugin: NVIC
2025-08-04 09:40:08,991 [INFO] BlockDiagram:2775 - set Specific Code input for plugin: USART
2025-08-04 09:40:08,991 [INFO] BlockDiagram:2775 - set Specific Code input for plugin: SYS
2025-08-04 09:40:08,992 [INFO] BlockDiagram:2775 - set Specific Code input for plugin: GPIO
2025-08-04 09:40:08,992 [INFO] BlockDiagram:2775 - set Specific Code input for plugin: RCC
2025-08-04 09:40:08,992 [INFO] BlockDiagram:2775 - set Specific Code input for plugin: I2C
2025-08-04 09:40:08,994 [INFO] CodeGenerator:882 - code generatio: config db path: C:\Users\Oguzm\Downloads\STM32CubeIDE_1.18.1\STM32CubeIDE\plugins\com.st.stm32cube.common.mx_6.14.1.202504091515\\db\
2025-08-04 09:40:10,202 [INFO] CodeEngine:263 - oldGeneratedFile, C:\Users\Oguzm\STM32CubeIDE\TEI_Projects\tei\MPU6050_Try\MXTmpFiles\license.tmp_save
2025-08-04 09:40:11,574 [INFO] CodeEngine:287 - Generated code: C:\Users\Oguzm\STM32CubeIDE\TEI_Projects\tei\MPU6050_Try\MXTmpFiles\license.tmp
2025-08-04 09:40:11,759 [INFO] CodeEngine:263 - oldGeneratedFile, C:\Users\Oguzm\STM32CubeIDE\TEI_Projects\tei\MPU6050_Try\MXTmpFiles\gpio.tmp_save
2025-08-04 09:40:12,033 [INFO] CodeEngine:287 - Generated code: C:\Users\Oguzm\STM32CubeIDE\TEI_Projects\tei\MPU6050_Try\MXTmpFiles\gpio.tmp
2025-08-04 09:40:12,330 [INFO] CodeEngine:263 - oldGeneratedFile, C:\Users\Oguzm\STM32CubeIDE\TEI_Projects\tei\MPU6050_Try\Core\Src\stm32g0xx_it.c_save
2025-08-04 09:40:12,567 [INFO] CodeEngine:287 - Generated code: C:\Users\Oguzm\STM32CubeIDE\TEI_Projects\tei\MPU6050_Try\Core\Src\stm32g0xx_it.c
2025-08-04 09:40:12,583 [INFO] CodeEngine:263 - oldGeneratedFile, C:\Users\Oguzm\STM32CubeIDE\TEI_Projects\tei\MPU6050_Try\Core\Inc\stm32g0xx_it.h_save
2025-08-04 09:40:12,727 [INFO] CodeEngine:287 - Generated code: C:\Users\Oguzm\STM32CubeIDE\TEI_Projects\tei\MPU6050_Try\Core\Inc\stm32g0xx_it.h
2025-08-04 09:40:12,756 [INFO] CodeEngine:263 - oldGeneratedFile, C:\Users\Oguzm\STM32CubeIDE\TEI_Projects\tei\MPU6050_Try\Core\Src\stm32g0xx_hal_msp.c_save
2025-08-04 09:40:12,983 [INFO] CodeEngine:287 - Generated code: C:\Users\Oguzm\STM32CubeIDE\TEI_Projects\tei\MPU6050_Try\Core\Src\stm32g0xx_hal_msp.c
2025-08-04 09:40:12,992 [INFO] CodeEngine:263 - oldGeneratedFile, C:\Users\Oguzm\STM32CubeIDE\TEI_Projects\tei\MPU6050_Try\MXTmpFiles\system.tmp_save
2025-08-04 09:40:13,123 [INFO] CodeEngine:287 - Generated code: C:\Users\Oguzm\STM32CubeIDE\TEI_Projects\tei\MPU6050_Try\MXTmpFiles\system.tmp
2025-08-04 09:40:13,146 [INFO] CodeEngine:319 - oldGeneratedFile, C:\Users\Oguzm\STM32CubeIDE\TEI_Projects\tei\MPU6050_Try\Core\Inc\stm32g0xx_hal_conf.h_save
2025-08-04 09:40:13,254 [INFO] CodeEngine:343 - Generated code: C:\Users\Oguzm\STM32CubeIDE\TEI_Projects\tei\MPU6050_Try\Core\Inc\stm32g0xx_hal_conf.h
2025-08-04 09:40:13,305 [INFO] ApiDbMcu:508 - Load IP Config File for I2C1
2025-08-04 09:40:13,332 [INFO] ApiDbMcu:508 - Load IP Config File for USART2
2025-08-04 09:40:13,338 [INFO] ApiDbMcu:508 - Load IP Config File for RCC
2025-08-04 09:40:13,360 [INFO] CodeEngine:263 - oldGeneratedFile, C:\Users\Oguzm\STM32CubeIDE\TEI_Projects\tei\MPU6050_Try\Core\Inc\main.h_save
2025-08-04 09:40:13,479 [INFO] CodeEngine:287 - Generated code: C:\Users\Oguzm\STM32CubeIDE\TEI_Projects\tei\MPU6050_Try\Core\Inc\main.h
2025-08-04 09:40:13,489 [INFO] CodeEngine:263 - oldGeneratedFile, C:\Users\Oguzm\STM32CubeIDE\TEI_Projects\tei\MPU6050_Try\Core\Src\main.c_save
2025-08-04 09:40:13,680 [INFO] CodeEngine:287 - Generated code: C:\Users\Oguzm\STM32CubeIDE\TEI_Projects\tei\MPU6050_Try\Core\Src\main.c
2025-08-04 09:40:14,311 [INFO] ProjectBuilder:3324 - Time for Copy HAL[1] : 282mS.
2025-08-04 09:40:14,321 [INFO] ProjectBuilder:4912 - Project Generator version: 4.6.0.1-B1
2025-08-04 09:40:14,453 [INFO] ConfigFileManager:1590 - The Die is : DIE460
2025-08-04 09:40:14,460 [INFO] ApiDbMcu:508 - Load IP Config File for FATFS
2025-08-04 09:40:14,474 [INFO] ApiDbMcu:508 - Load IP Config File for FREERTOS
2025-08-04 09:40:14,481 [INFO] ApiDbMcu:508 - Load IP Config File for USBPD
2025-08-04 09:40:15,249 [INFO] LogOutputStream:77 - [STDOUT_REDIRECT] 
2025-08-04 09:40:17,546 [INFO] ProjectBuilder:5191 - Time for Generating toolchain IDE Files: 3225mS.
2025-08-04 09:40:17,552 [INFO] ProjectBuilder:3181 - Time for Copy CMSIS : 0mS.
2025-08-04 09:40:17,558 [INFO] ProjectBuilder:3181 - Time for Copy CMSIS : 0mS.
2025-08-04 09:42:03,494 [INFO] I2cTimingTraitement:330 - 0x10B17DB5
2025-08-04 09:43:07,720 [INFO] I2cTimingTraitement:330 - 0x10B17DB5
2025-08-04 09:43:50,966 [INFO] I2cTimingTraitement:330 - 0x10B17DB5
2025-08-04 09:44:04,995 [INFO] UtilMem:75 - End SaveConfig() Used Memory: 630991192 Bytes (1073741824)
2025-08-04 09:44:06,947 [INFO] UtilMem:75 - End SaveConfig() Used Memory: 649921344 Bytes (1073741824)
2025-08-04 09:44:07,466 [INFO] UtilMem:75 - End SaveConfig() Used Memory: 686634408 Bytes (1073741824)
2025-08-04 09:44:08,215 [INFO] BlockDiagram:2775 - set Specific Code input for plugin: NVIC
2025-08-04 09:44:08,216 [INFO] BlockDiagram:2775 - set Specific Code input for plugin: USART
2025-08-04 09:44:08,216 [INFO] BlockDiagram:2775 - set Specific Code input for plugin: SYS
2025-08-04 09:44:08,216 [INFO] BlockDiagram:2775 - set Specific Code input for plugin: GPIO
2025-08-04 09:44:08,216 [INFO] BlockDiagram:2775 - set Specific Code input for plugin: RCC
2025-08-04 09:44:08,216 [INFO] BlockDiagram:2775 - set Specific Code input for plugin: I2C
2025-08-04 09:44:08,219 [INFO] CodeGenerator:882 - code generatio: config db path: C:\Users\Oguzm\Downloads\STM32CubeIDE_1.18.1\STM32CubeIDE\plugins\com.st.stm32cube.common.mx_6.14.1.202504091515\\db\
2025-08-04 09:44:08,309 [INFO] CodeEngine:263 - oldGeneratedFile, C:\Users\Oguzm\STM32CubeIDE\TEI_Projects\tei\MPU6050_Try\MXTmpFiles\license.tmp_save
2025-08-04 09:44:08,583 [INFO] CodeEngine:287 - Generated code: C:\Users\Oguzm\STM32CubeIDE\TEI_Projects\tei\MPU6050_Try\MXTmpFiles\license.tmp
2025-08-04 09:44:08,653 [INFO] CodeEngine:263 - oldGeneratedFile, C:\Users\Oguzm\STM32CubeIDE\TEI_Projects\tei\MPU6050_Try\MXTmpFiles\gpio.tmp_save
2025-08-04 09:44:08,813 [INFO] CodeEngine:287 - Generated code: C:\Users\Oguzm\STM32CubeIDE\TEI_Projects\tei\MPU6050_Try\MXTmpFiles\gpio.tmp
2025-08-04 09:44:09,111 [INFO] CodeEngine:263 - oldGeneratedFile, C:\Users\Oguzm\STM32CubeIDE\TEI_Projects\tei\MPU6050_Try\Core\Src\stm32g0xx_it.c_save
2025-08-04 09:44:09,396 [INFO] CodeEngine:287 - Generated code: C:\Users\Oguzm\STM32CubeIDE\TEI_Projects\tei\MPU6050_Try\Core\Src\stm32g0xx_it.c
2025-08-04 09:44:09,405 [INFO] CodeEngine:263 - oldGeneratedFile, C:\Users\Oguzm\STM32CubeIDE\TEI_Projects\tei\MPU6050_Try\Core\Inc\stm32g0xx_it.h_save
2025-08-04 09:44:09,474 [INFO] CodeEngine:287 - Generated code: C:\Users\Oguzm\STM32CubeIDE\TEI_Projects\tei\MPU6050_Try\Core\Inc\stm32g0xx_it.h
2025-08-04 09:44:09,492 [INFO] CodeEngine:263 - oldGeneratedFile, C:\Users\Oguzm\STM32CubeIDE\TEI_Projects\tei\MPU6050_Try\Core\Src\stm32g0xx_hal_msp.c_save
2025-08-04 09:44:09,661 [INFO] CodeEngine:287 - Generated code: C:\Users\Oguzm\STM32CubeIDE\TEI_Projects\tei\MPU6050_Try\Core\Src\stm32g0xx_hal_msp.c
2025-08-04 09:44:09,669 [INFO] CodeEngine:263 - oldGeneratedFile, C:\Users\Oguzm\STM32CubeIDE\TEI_Projects\tei\MPU6050_Try\MXTmpFiles\system.tmp_save
2025-08-04 09:44:09,729 [INFO] CodeEngine:287 - Generated code: C:\Users\Oguzm\STM32CubeIDE\TEI_Projects\tei\MPU6050_Try\MXTmpFiles\system.tmp
2025-08-04 09:44:09,743 [INFO] CodeEngine:319 - oldGeneratedFile, C:\Users\Oguzm\STM32CubeIDE\TEI_Projects\tei\MPU6050_Try\Core\Inc\stm32g0xx_hal_conf.h_save
2025-08-04 09:44:09,817 [INFO] CodeEngine:343 - Generated code: C:\Users\Oguzm\STM32CubeIDE\TEI_Projects\tei\MPU6050_Try\Core\Inc\stm32g0xx_hal_conf.h
2025-08-04 09:44:09,855 [INFO] CodeEngine:263 - oldGeneratedFile, C:\Users\Oguzm\STM32CubeIDE\TEI_Projects\tei\MPU6050_Try\Core\Inc\main.h_save
2025-08-04 09:44:09,949 [INFO] CodeEngine:287 - Generated code: C:\Users\Oguzm\STM32CubeIDE\TEI_Projects\tei\MPU6050_Try\Core\Inc\main.h
2025-08-04 09:44:09,958 [INFO] CodeEngine:263 - oldGeneratedFile, C:\Users\Oguzm\STM32CubeIDE\TEI_Projects\tei\MPU6050_Try\Core\Src\main.c_save
2025-08-04 09:44:10,090 [INFO] CodeEngine:287 - Generated code: C:\Users\Oguzm\STM32CubeIDE\TEI_Projects\tei\MPU6050_Try\Core\Src\main.c
2025-08-04 09:44:10,489 [INFO] ProjectBuilder:3324 - Time for Copy HAL[1] : 234mS.
2025-08-04 09:44:10,494 [INFO] ProjectBuilder:4912 - Project Generator version: 4.6.0.1-B1
2025-08-04 09:44:10,575 [INFO] ConfigFileManager:1590 - The Die is : DIE460
2025-08-04 09:44:12,249 [INFO] ProjectBuilder:5191 - Time for Generating toolchain IDE Files: 1755mS.
2025-08-04 09:44:12,251 [INFO] ProjectBuilder:3181 - Time for Copy CMSIS : 1mS.
2025-08-04 09:44:12,257 [INFO] ProjectBuilder:3181 - Time for Copy CMSIS : 0mS.
2025-08-04 09:44:20,694 [INFO] NvicIntPanel:101 - NVIC parent = com.st.microxplorer.plugins.ip.nvic.MultiNvicIntPanel[,0,0,524x285,layout=javax.swing.BoxLayout,alignmentX=0.0,alignmentY=0.0,border=,flags=9,maximumSize=,minimumSize=,preferredSize=]
2025-08-04 09:44:59,359 [INFO] I2cTimingTraitement:330 - 0x10B17DB5
2025-08-04 09:44:59,441 [INFO] I2cTimingTraitement:330 - 0x10B17DB5
2025-08-04 09:45:11,733 [INFO] NvicIntPanel:101 - NVIC parent = com.st.microxplorer.plugins.ip.nvic.MultiNvicIntPanel[,0,0,524x285,layout=javax.swing.BoxLayout,alignmentX=0.0,alignmentY=0.0,border=,flags=9,maximumSize=,minimumSize=,preferredSize=]
2025-08-04 09:46:23,165 [INFO] I2cTimingTraitement:330 - 0x10B17DB5
2025-08-04 09:48:49,580 [INFO] I2cTimingTraitement:330 - 0x10B17DB5
2025-08-04 09:50:16,786 [INFO] UtilMem:75 - End SaveConfig() Used Memory: 881305016 Bytes (1073741824)
2025-08-04 09:50:18,650 [INFO] UtilMem:75 - End SaveConfig() Used Memory: 929512520 Bytes (1073741824)
2025-08-04 09:50:19,204 [INFO] UtilMem:75 - End SaveConfig() Used Memory: 965690440 Bytes (1073741824)
2025-08-04 09:50:19,636 [INFO] BlockDiagram:2775 - set Specific Code input for plugin: NVIC
2025-08-04 09:50:19,637 [INFO] BlockDiagram:2775 - set Specific Code input for plugin: USART
2025-08-04 09:50:19,637 [INFO] BlockDiagram:2775 - set Specific Code input for plugin: SYS
2025-08-04 09:50:19,637 [INFO] BlockDiagram:2775 - set Specific Code input for plugin: GPIO
2025-08-04 09:50:19,637 [INFO] BlockDiagram:2775 - set Specific Code input for plugin: RCC
2025-08-04 09:50:19,637 [INFO] BlockDiagram:2775 - set Specific Code input for plugin: I2C
2025-08-04 09:50:19,640 [INFO] CodeGenerator:882 - code generatio: config db path: C:\Users\Oguzm\Downloads\STM32CubeIDE_1.18.1\STM32CubeIDE\plugins\com.st.stm32cube.common.mx_6.14.1.202504091515\\db\
2025-08-04 09:50:19,800 [INFO] CodeEngine:263 - oldGeneratedFile, C:\Users\Oguzm\STM32CubeIDE\TEI_Projects\tei\MPU6050_Try\MXTmpFiles\license.tmp_save
2025-08-04 09:50:20,179 [INFO] CodeEngine:287 - Generated code: C:\Users\Oguzm\STM32CubeIDE\TEI_Projects\tei\MPU6050_Try\MXTmpFiles\license.tmp
2025-08-04 09:50:20,305 [INFO] CodeEngine:263 - oldGeneratedFile, C:\Users\Oguzm\STM32CubeIDE\TEI_Projects\tei\MPU6050_Try\MXTmpFiles\gpio.tmp_save
2025-08-04 09:50:20,526 [INFO] CodeEngine:287 - Generated code: C:\Users\Oguzm\STM32CubeIDE\TEI_Projects\tei\MPU6050_Try\MXTmpFiles\gpio.tmp
2025-08-04 09:50:20,936 [INFO] CodeEngine:263 - oldGeneratedFile, C:\Users\Oguzm\STM32CubeIDE\TEI_Projects\tei\MPU6050_Try\Core\Src\stm32g0xx_it.c_save
2025-08-04 09:50:21,271 [INFO] CodeEngine:287 - Generated code: C:\Users\Oguzm\STM32CubeIDE\TEI_Projects\tei\MPU6050_Try\Core\Src\stm32g0xx_it.c
2025-08-04 09:50:21,302 [INFO] CodeEngine:263 - oldGeneratedFile, C:\Users\Oguzm\STM32CubeIDE\TEI_Projects\tei\MPU6050_Try\Core\Inc\stm32g0xx_it.h_save
2025-08-04 09:50:21,758 [INFO] CodeEngine:287 - Generated code: C:\Users\Oguzm\STM32CubeIDE\TEI_Projects\tei\MPU6050_Try\Core\Inc\stm32g0xx_it.h
2025-08-04 09:50:21,862 [INFO] CodeEngine:263 - oldGeneratedFile, C:\Users\Oguzm\STM32CubeIDE\TEI_Projects\tei\MPU6050_Try\Core\Src\stm32g0xx_hal_msp.c_save
2025-08-04 09:50:22,631 [INFO] CodeEngine:287 - Generated code: C:\Users\Oguzm\STM32CubeIDE\TEI_Projects\tei\MPU6050_Try\Core\Src\stm32g0xx_hal_msp.c
2025-08-04 09:50:22,646 [INFO] CodeEngine:263 - oldGeneratedFile, C:\Users\Oguzm\STM32CubeIDE\TEI_Projects\tei\MPU6050_Try\MXTmpFiles\system.tmp_save
2025-08-04 09:50:22,954 [INFO] CodeEngine:287 - Generated code: C:\Users\Oguzm\STM32CubeIDE\TEI_Projects\tei\MPU6050_Try\MXTmpFiles\system.tmp
2025-08-04 09:50:23,168 [INFO] CodeEngine:319 - oldGeneratedFile, C:\Users\Oguzm\STM32CubeIDE\TEI_Projects\tei\MPU6050_Try\Core\Inc\stm32g0xx_hal_conf.h_save
2025-08-04 09:50:24,023 [INFO] CodeEngine:343 - Generated code: C:\Users\Oguzm\STM32CubeIDE\TEI_Projects\tei\MPU6050_Try\Core\Inc\stm32g0xx_hal_conf.h
2025-08-04 09:50:24,304 [INFO] CodeEngine:263 - oldGeneratedFile, C:\Users\Oguzm\STM32CubeIDE\TEI_Projects\tei\MPU6050_Try\Core\Inc\main.h_save
2025-08-04 09:50:24,568 [INFO] CodeEngine:287 - Generated code: C:\Users\Oguzm\STM32CubeIDE\TEI_Projects\tei\MPU6050_Try\Core\Inc\main.h
2025-08-04 09:50:24,595 [INFO] CodeEngine:263 - oldGeneratedFile, C:\Users\Oguzm\STM32CubeIDE\TEI_Projects\tei\MPU6050_Try\Core\Src\main.c_save
2025-08-04 09:50:24,984 [INFO] CodeEngine:287 - Generated code: C:\Users\Oguzm\STM32CubeIDE\TEI_Projects\tei\MPU6050_Try\Core\Src\main.c
2025-08-04 09:50:26,338 [INFO] ProjectBuilder:3324 - Time for Copy HAL[1] : 638mS.
2025-08-04 09:50:26,347 [INFO] ProjectBuilder:4912 - Project Generator version: 4.6.0.1-B1
2025-08-04 09:50:26,802 [INFO] ConfigFileManager:1590 - The Die is : DIE460
2025-08-04 09:50:32,763 [INFO] ProjectBuilder:5191 - Time for Generating toolchain IDE Files: 6414mS.
2025-08-04 09:50:32,763 [INFO] ProjectBuilder:3181 - Time for Copy CMSIS : 0mS.
2025-08-04 09:50:32,781 [INFO] ProjectBuilder:3181 - Time for Copy CMSIS : 0mS.
2025-08-04 09:51:26,412 [INFO] I2cTimingTraitement:330 - 0x10B17DB5
2025-08-04 09:51:26,718 [INFO] I2cTimingTraitement:330 - 0x10B17DB5
2025-08-04 09:51:27,221 [INFO] I2cTimingTraitement:330 - 0x10B17DB5
2025-08-04 09:51:27,320 [INFO] I2cTimingTraitement:330 - 0x10B17DB5
2025-08-04 09:51:27,998 [INFO] I2cTimingTraitement:330 - 0x10B17DB5
2025-08-04 09:51:28,659 [INFO] I2cTimingTraitement:330 - 0x10B17DB5
2025-08-04 09:51:29,167 [INFO] I2cTimingTraitement:330 - 0x10B17DB5
2025-08-04 10:04:34,835 [INFO] UtilMem:75 - End SaveConfig() Used Memory: 1016365968 Bytes (1073741824)
2025-08-04 10:04:37,140 [INFO] UtilMem:75 - End SaveConfig() Used Memory: 1025278864 Bytes (1073741824)
2025-08-04 10:04:39,425 [INFO] UtilMem:75 - End SaveConfig() Used Memory: 1064270752 Bytes (1073741824)
2025-08-04 10:04:40,210 [INFO] BlockDiagram:2775 - set Specific Code input for plugin: NVIC
2025-08-04 10:04:40,211 [INFO] BlockDiagram:2775 - set Specific Code input for plugin: USART
2025-08-04 10:04:40,212 [INFO] BlockDiagram:2775 - set Specific Code input for plugin: SYS
2025-08-04 10:04:40,213 [INFO] BlockDiagram:2775 - set Specific Code input for plugin: GPIO
2025-08-04 10:04:40,213 [INFO] BlockDiagram:2775 - set Specific Code input for plugin: RCC
2025-08-04 10:04:40,213 [INFO] BlockDiagram:2775 - set Specific Code input for plugin: I2C
2025-08-04 10:04:40,216 [INFO] CodeGenerator:882 - code generatio: config db path: C:\Users\Oguzm\Downloads\STM32CubeIDE_1.18.1\STM32CubeIDE\plugins\com.st.stm32cube.common.mx_6.14.1.202504091515\\db\
2025-08-04 10:04:40,411 [INFO] CodeEngine:263 - oldGeneratedFile, C:\Users\Oguzm\STM32CubeIDE\TEI_Projects\tei\MPU6050_Try\MXTmpFiles\license.tmp_save
2025-08-04 10:04:40,927 [INFO] CodeEngine:287 - Generated code: C:\Users\Oguzm\STM32CubeIDE\TEI_Projects\tei\MPU6050_Try\MXTmpFiles\license.tmp
2025-08-04 10:04:41,038 [INFO] CodeEngine:263 - oldGeneratedFile, C:\Users\Oguzm\STM32CubeIDE\TEI_Projects\tei\MPU6050_Try\MXTmpFiles\gpio.tmp_save
2025-08-04 10:04:41,337 [INFO] CodeEngine:287 - Generated code: C:\Users\Oguzm\STM32CubeIDE\TEI_Projects\tei\MPU6050_Try\MXTmpFiles\gpio.tmp
2025-08-04 10:04:41,686 [INFO] CodeEngine:263 - oldGeneratedFile, C:\Users\Oguzm\STM32CubeIDE\TEI_Projects\tei\MPU6050_Try\Core\Src\stm32g0xx_it.c_save
2025-08-04 10:04:42,006 [INFO] CodeEngine:287 - Generated code: C:\Users\Oguzm\STM32CubeIDE\TEI_Projects\tei\MPU6050_Try\Core\Src\stm32g0xx_it.c
2025-08-04 10:04:42,015 [INFO] CodeEngine:263 - oldGeneratedFile, C:\Users\Oguzm\STM32CubeIDE\TEI_Projects\tei\MPU6050_Try\Core\Inc\stm32g0xx_it.h_save
2025-08-04 10:04:42,156 [INFO] CodeEngine:287 - Generated code: C:\Users\Oguzm\STM32CubeIDE\TEI_Projects\tei\MPU6050_Try\Core\Inc\stm32g0xx_it.h
2025-08-04 10:04:42,176 [INFO] CodeEngine:263 - oldGeneratedFile, C:\Users\Oguzm\STM32CubeIDE\TEI_Projects\tei\MPU6050_Try\Core\Src\stm32g0xx_hal_msp.c_save
2025-08-04 10:04:42,402 [INFO] CodeEngine:287 - Generated code: C:\Users\Oguzm\STM32CubeIDE\TEI_Projects\tei\MPU6050_Try\Core\Src\stm32g0xx_hal_msp.c
2025-08-04 10:04:42,410 [INFO] CodeEngine:263 - oldGeneratedFile, C:\Users\Oguzm\STM32CubeIDE\TEI_Projects\tei\MPU6050_Try\MXTmpFiles\system.tmp_save
2025-08-04 10:04:42,545 [INFO] CodeEngine:287 - Generated code: C:\Users\Oguzm\STM32CubeIDE\TEI_Projects\tei\MPU6050_Try\MXTmpFiles\system.tmp
2025-08-04 10:04:42,565 [INFO] CodeEngine:319 - oldGeneratedFile, C:\Users\Oguzm\STM32CubeIDE\TEI_Projects\tei\MPU6050_Try\Core\Inc\stm32g0xx_hal_conf.h_save
2025-08-04 10:04:42,697 [INFO] CodeEngine:343 - Generated code: C:\Users\Oguzm\STM32CubeIDE\TEI_Projects\tei\MPU6050_Try\Core\Inc\stm32g0xx_hal_conf.h
2025-08-04 10:04:42,742 [INFO] CodeEngine:263 - oldGeneratedFile, C:\Users\Oguzm\STM32CubeIDE\TEI_Projects\tei\MPU6050_Try\Core\Inc\main.h_save
2025-08-04 10:04:42,898 [INFO] CodeEngine:287 - Generated code: C:\Users\Oguzm\STM32CubeIDE\TEI_Projects\tei\MPU6050_Try\Core\Inc\main.h
2025-08-04 10:04:42,909 [INFO] CodeEngine:263 - oldGeneratedFile, C:\Users\Oguzm\STM32CubeIDE\TEI_Projects\tei\MPU6050_Try\Core\Src\main.c_save
2025-08-04 10:04:43,064 [INFO] CodeEngine:287 - Generated code: C:\Users\Oguzm\STM32CubeIDE\TEI_Projects\tei\MPU6050_Try\Core\Src\main.c
2025-08-04 10:04:43,675 [INFO] ProjectBuilder:3324 - Time for Copy HAL[1] : 420mS.
2025-08-04 10:04:43,681 [INFO] ProjectBuilder:4912 - Project Generator version: 4.6.0.1-B1
2025-08-04 10:04:43,778 [INFO] ConfigFileManager:1590 - The Die is : DIE460
2025-08-04 10:04:45,359 [INFO] ProjectBuilder:5191 - Time for Generating toolchain IDE Files: 1678mS.
2025-08-04 10:04:45,361 [INFO] ProjectBuilder:3181 - Time for Copy CMSIS : 1mS.
2025-08-04 10:04:45,364 [INFO] ProjectBuilder:3181 - Time for Copy CMSIS : 0mS.
2025-08-04 10:06:12,733 [INFO] MainUpdater:2872 - connection check result : 10
2025-08-04 10:06:12,738 [INFO] McuFinderGlobals:76 - Set McuFinderConnectedMode to true
2025-08-04 10:06:13,254 [INFO] ServerAccessManage:473 - Download File mcusAds.json._tmp_
2025-08-04 10:06:13,463 [INFO] LoadUrlFilesThread:156 - End of LoadUrlFiles Thread
2025-08-04 10:06:13,962 [INFO] ServerAccessManage:473 - Download File cube-finder-db.zip
2025-08-04 10:06:23,156 [INFO] FileExtend:242 - Unzip File : cube-finder-db.zip
2025-08-04 10:06:23,156 [INFO] FileExtend:257 - Standard Zip Deflate
2025-08-04 10:06:24,176 [INFO] LoadUrlFilesThread:156 - End of LoadUrlFiles Thread
2025-08-04 10:06:24,879 [INFO] ServerAccessManage:473 - Download File crdb.zip
2025-08-04 10:06:25,312 [INFO] FileExtend:242 - Unzip File : crdb.zip
2025-08-04 10:06:25,313 [INFO] FileExtend:257 - Standard Zip Deflate
2025-08-04 10:06:25,511 [INFO] LoadUrlFilesThread:156 - End of LoadUrlFiles Thread
2025-08-04 10:06:25,726 [INFO] ServerAccessManage:473 - Download File tutoVideoDB.zip
2025-08-04 10:06:25,758 [INFO] FileExtend:242 - Unzip File : tutoVideoDB.zip
2025-08-04 10:06:25,759 [INFO] FileExtend:257 - Standard Zip Deflate
2025-08-04 10:06:25,954 [INFO] LoadUrlFilesThread:156 - End of LoadUrlFiles Thread
2025-08-04 10:06:25,961 [WARN] DbFile:41 - Overriding database path with different value: C:\Users\Oguzm\.stmcufinder\plugins\mcufinder/ => C:\Users\Oguzm\.stmcufinder\plugins\mcufinder
2025-08-04 10:06:26,147 [INFO] ServerAccessManage:473 - Download File api_config.json
2025-08-04 10:06:26,313 [INFO] LoadUrlFilesThread:156 - End of LoadUrlFiles Thread
2025-08-04 10:06:26,314 [INFO] DbMcusAds:53 - JSON generation date=Tue Jul 08 11:14:23 TRT 2025 (1751962463582)
2025-08-04 10:06:26,326 [INFO] ApiDb:448 - Save user favorites file C:\Users\Oguzm/.stm32cubeide/favorites.mcus.txt: 0 item(s)
2025-08-04 10:06:26,327 [INFO] ApiDb:452 - User favorites MCUs=[]
2025-08-04 10:06:26,355 [INFO] ApiDb:581 - Connected to CubeFinder SQLite database (C:\Users\Oguzm\.stmcufinder\plugins\mcufinder\mcu\cube-finder-db.db)
2025-08-04 10:06:26,467 [INFO] ApiDb:668 - CubeFinder database Data Model version=2.1
2025-08-04 10:06:26,467 [INFO] ApiDb:669 - CubeFinder database Configuration version=3.0.39
2025-08-04 10:06:26,467 [INFO] ApiDb:670 - CubeFinder database generation date=2025-07-24 (1753349077)
2025-08-04 10:06:26,468 [INFO] ApiDb:671 - CubeFinder database FW Pack versions=[FP-ATR-ASTRA1_V2.0.0, FP-SNS-FLIGHT1_V5.1.0, FP-SNS-MOTENV1_V5.0.0, FP-SNS-MOTENVWB1_V1.4.0, FP-SNS-SMARTAG2_V1.2.0, FP-SNS-STBOX1_V2.0.0, STM32Cube_FW_C0_V1.4.0, STM32Cube_FW_F4_V1.28.2, STM32Cube_FW_F7_V1.17.3, STM32Cube_FW_G0_V1.6.2, STM32Cube_FW_G4_V1.6.1, STM32Cube_FW_H5_V1.5.0, STM32Cube_FW_H7RS_V1.2.0, STM32Cube_FW_H7_V1.12.1, STM32Cube_FW_L0_V1.12.2, STM32Cube_FW_L4_V1.18.1, STM32Cube_FW_L5_V1.5.1, STM32Cube_FW_N6_V1.2.0, STM32Cube_FW_U0_V1.3.0, STM32Cube_FW_U3_V1.2.0, STM32Cube_FW_U5_V1.8.0, STM32Cube_FW_WB0_V1.3.0, STM32Cube_FW_WBA_V1.7.0, STM32Cube_FW_WB_V1.23.0, STM32Cube_FW_WL3_V1.2.0, STM32Cube_FW_WL_V1.3.1, X-CUBE-ALGOBUILD_V1.4.0, X-CUBE-ALS_V1.0.2, X-CUBE-AZRTOS-F4_V1.1.0, X-CUBE-AZRTOS-F7_V1.1.0, X-CUBE-AZRTOS-G0_V1.1.0, X-CUBE-AZRTOS-G4_V2.0.0, X-CUBE-AZRTOS-H7RS_V1.1.0, X-CUBE-AZRTOS-H7_V3.4.0, X-CUBE-AZRTOS-L4_V2.0.0, X-CUBE-AZRTOS-L5_V2.0.0, X-CUBE-AZRTOS-WB_V2.0.0, X-CUBE-AZRTOS-WL_V2.0.0, X-CUBE-BLE1_V7.1.0, X-CUBE-BLE2_V3.3.0, X-CUBE-BLEMGR_V4.1.0, X-CUBE-EEPRMA1_V5.2.0, X-CUBE-FREERTOS_V1.3.1, X-CUBE-GNSS1_V6.0.0, X-CUBE-MEMS1_V11.3.0, X-CUBE-NFC4_V3.0.0, X-CUBE-NFC7_V2.0.0, X-CUBE-SFXS2LP1_V4.0.0, X-CUBE-ST67W61_V1.0.0, X-CUBE-SUBG2_V5.0.0, X-CUBE-TOF1_V3.4.3]
2025-08-04 10:06:29,563 [INFO] ApiDb:240 - Found 895 in-development CPN: [B-G473E-ZEST1S, B-WB1M-WPAN1, B-WBA5M-WPAN, B-WL5M-SUBG1, NUCLEO-C031C6, NUCLEO-C051C8, NUCLEO-C071RB, NUCLEO-C092RC, NUCLEO-H503RB, NUCLEO-H533RE, NUCLEO-H563ZI, NUCLEO-H7S3L8, NUCLEO-N657X0-Q, NUCLEO-U031R8, NUCLEO-U083RC, NUCLEO-U385RG-Q, NUCLEO-U545RE-Q, NUCLEO-U5A5ZJ-Q, NUCLEO-WB05KZ, NUCLEO-WB07CC, NUCLEO-WB09KE, NUCLEO-WBA52CG, NUCLEO-WBA55CG, NUCLEO-WBA65RI, NUCLEO-WL33CC1, NUCLEO-WL33CC2, STEVAL-PROTEUS1, STEVAL-SMARTAG2, STEVAL-STWINBX1, STM320518-EVAL, STM32C0116-DK, STM32C011D6Y3TR, STM32C011D6Y6TR, STM32C011F4P3, STM32C011F4P6, STM32C011F4U3, STM32C011F4U6TR, STM32C011F6P3, STM32C011F6P6, STM32C011F6U3, STM32C011F6U6TR, STM32C011J4M3, STM32C011J4M6, STM32C011J6M3, STM32C011J6M6, STM32C0316-DK, STM32C031C4T3, STM32C031C4T6, STM32C031C4U3, STM32C031C4U6, STM32C031C6T3, STM32C031C6T6, STM32C031C6U3, STM32C031C6U6, STM32C031F4P3, STM32C031F4P6, STM32C031F6P3, STM32C031F6P6, STM32C031G4U3, STM32C031G4U6, STM32C031G6U3, STM32C031G6U6, STM32C031K4T3, STM32C031K4T6, STM32C031K4U3, STM32C031K4U6, STM32C031K6T3, STM32C031K6T6, STM32C031K6U3, STM32C031K6U6, STM32C051C6T6, STM32C051C6U6, STM32C051C8T6, STM32C051C8U6, STM32C051D8Y6TR, STM32C051F6P6, STM32C051F8P6, STM32C051G6U6, STM32C051G8U6, STM32C051K6T6, STM32C051K6U6, STM32C051K8T6, STM32C071C8T6, STM32C071C8T6N, STM32C071C8U6, STM32C071C8U6N, STM32C071CBT6, STM32C071CBT6N, STM32C071CBU6, STM32C071CBU6N, STM32C071F8P6, STM32C071F8P6N, STM32C071FBP6, STM32C071FBP6N, STM32C071FBY6TR, STM32C071G8U6, STM32C071G8U6N, STM32C071GBU6, STM32C071GBU6N, STM32C071K8T6, STM32C071K8T6N, STM32C071K8U6, STM32C071K8U6N, STM32C071KBT6, STM32C071KBT6N, STM32C071KBU6, STM32C071KBU6N, STM32C071R8T6, STM32C071R8T6N, STM32C071RBI6N, STM32C071RBT6, STM32C071RBT6N, STM32C091CBT6, STM32C091CBU6, STM32C091CCT6, STM32C091CCU6, STM32C091ECY6TR, STM32C091FBP6, STM32C091FCP6, STM32C091GBU6, STM32C091GCU6, STM32C091KBT6, STM32C091KBU6, STM32C091KCT6, STM32C091KCU6, STM32C091RBT6, STM32C091RCI6, STM32C091RCT6, STM32C092CBT6, STM32C092CBU6, STM32C092CCT6, STM32C092CCU6, STM32C092ECY6TR, STM32C092FBP6, STM32C092FCP6, STM32C092GBU6, STM32C092GCU6, STM32C092KBT6, STM32C092KBU6, STM32C092KCT6, STM32C092KCU6, STM32C092RBT6, STM32C092RCI6, STM32C092RCT6, STM32G071K8TXN, STM32G071K8UXN, STM32G081GBU6N, STM32G081KBT6N, STM32G081KBUXN, STM32G0B1CCT6N, STM32G0B1KCT6, STM32G0B1NEY6TR, STM32G0B1RCT6N, STM32G0C1CCT6, STM32G0C1CCT6N, STM32G0C1CCU6N, STM32G0C1CET6N, STM32G0C1CEU6N, STM32G0C1KCT6, STM32G0C1NEY6TR, STM32G0C1RCI6N, STM32G0C1RCT6N, STM32G0C1REI6N, STM32G0C1RET6N, STM32G0C1VCI6, STM32G0C1VEI6, STM32G411C6T3, STM32G411C6T6, STM32G411C6U3, STM32G411C6U6, STM32G411C8T3, STM32G411C8T6, STM32G411C8U3, STM32G411C8U6, STM32G411CBT3, STM32G411CBT6, STM32G411CBU3, STM32G411CBU6, STM32G411CCT3, STM32G411CCT6, STM32G411CCU3, STM32G411CCU6, STM32G411K6T3, STM32G411K6T6, STM32G411K6U3, STM32G411K6U6, STM32G411K8T3, STM32G411K8T6, STM32G411K8U3, STM32G411K8U6, STM32G411KBT3, STM32G411KBT6, STM32G411KBU3, STM32G411KBU6, STM32G411M6T3, STM32G411M6T6, STM32G411M8T3, STM32G411M8T6, STM32G411MBT3, STM32G411MBT6, STM32G411MCT3, STM32G411MCT6, STM32G411R6T3, STM32G411R6T6, STM32G411R8T3, STM32G411R8T6, STM32G411RBT3, STM32G411RBT6, STM32G411RCT3, STM32G411RCT6, STM32G414CBT3, STM32G414CBT6, STM32G414CBU3, STM32G414CBU6, STM32G414CCT3, STM32G414CCT6, STM32G414CCU3, STM32G414CCU6, STM32G414MBT3, STM32G414MBT6, STM32G414MCT3, STM32G414MCT6, STM32G414RBT3, STM32G414RBT6, STM32G414RCT3, STM32G414RCT6, STM32G414VBT3, STM32G414VBT6, STM32G414VCT3, STM32G414VCT6, STM32G431CBT3Z, STM32G431RBT3Z, STM32G471CCT6, STM32G471CCU6, STM32G471CET3, STM32G471CET6, STM32G471CEU3, STM32G471CEU6, STM32G471MCT6, STM32G471MET3, STM32G471MET6, STM32G471MEY6TR, STM32G471QCT6, STM32G471QET3, STM32G471RCT6, STM32G471RET3, STM32G471RET6, STM32G471VCH6, STM32G471VCI6, STM32G471VCT6, STM32G471VEH3, STM32G471VEH6, STM32G471VEI3, STM32G471VEI6, STM32G471VET3, STM32G471VET6, STM32G473QET3Z, STM32G473RET3Z, STM32G474CCT6, STM32G491RET3Z, STM32H503CBT6, STM32H503CBU6, STM32H503EBY6TR, STM32H503KBU6, STM32H503RBT6, STM32H523CCT6, STM32H523CCU6, STM32H523CET6, STM32H523CEU6, STM32H523HEY6TR, STM32H523RCT6, STM32H523RET6, STM32H523VCI6, STM32H523VCT6, STM32H523VEI6, STM32H523VET6, STM32H523ZCJ6, STM32H523ZCT6, STM32H523ZEJ6, STM32H523ZET6, STM32H533CET6, STM32H533CEU6, STM32H533HEY6TR, STM32H533RET6, STM32H533VEI6, STM32H533VET6, STM32H533ZEJ6, STM32H533ZET6, STM32H562AGI6, STM32H562AII6, STM32H562IGK6, STM32H562IGT6, STM32H562IIK6, STM32H562IIT6, STM32H562RGT6, STM32H562RGV6, STM32H562RIT6, STM32H562RIV6, STM32H562VGT6, STM32H562VIT6, STM32H562ZGT6, STM32H562ZIT6, STM32H563AGI6, STM32H563AII3Q, STM32H563AII6, STM32H563IGK6, STM32H563IGT6, STM32H563IIK3Q, STM32H563IIK6, STM32H563IIT3Q, STM32H563IIT6, STM32H563MIY3QTR, STM32H563RGT6, STM32H563RGV6, STM32H563RIT6, STM32H563RIV6, STM32H563VGT6, STM32H563VIT3Q, STM32H563VIT6, STM32H563ZGT6, STM32H563ZIT3Q, STM32H563ZIT6, STM32H573AII3Q, STM32H573AII6, STM32H573I-DK, STM32H573IIK3Q, STM32H573IIK6, STM32H573IIT3Q, STM32H573IIT6, STM32H573MIY3QTR, STM32H573RIT6, STM32H573RIV6, STM32H573VIT3Q, STM32H573VIT6, STM32H573ZIT3Q, STM32H573ZIT6, STM32H7R3A8I6, STM32H7R3I8K6, STM32H7R3I8T6, STM32H7R3L8H6, STM32H7R3L8H6H, STM32H7R3R8V6, STM32H7R3V8H6, STM32H7R3V8T6, STM32H7R3V8Y6TR, STM32H7R3Z8J6, STM32H7R3Z8T6, STM32H7R7A8I6, STM32H7R7I8K6, STM32H7R7I8T6, STM32H7R7L8H6, STM32H7R7L8H6H, STM32H7R7Z8J6, STM32H7S3A8I6, STM32H7S3I8K6, STM32H7S3I8T6, STM32H7S3L8H6, STM32H7S3L8H6H, STM32H7S3R8V6, STM32H7S3V8H6, STM32H7S3V8T6, STM32H7S3V8Y6TR, STM32H7S3Z8J6, STM32H7S3Z8T6, STM32H7S78-DK, STM32H7S7A8I6, STM32H7S7I8K6, STM32H7S7I8T6, STM32H7S7L8H6, STM32H7S7L8H6H, STM32H7S7Z8J6, STM32L4R5QGI6STR, STM32MP131AAE3, STM32MP131AAF3, STM32MP131AAG3, STM32MP131CAE3, STM32MP131CAF3, STM32MP131CAG3, STM32MP131DAE7, STM32MP131DAF7, STM32MP131DAG7, STM32MP131FAE7, STM32MP131FAF7, STM32MP131FAG7, STM32MP133AAE3, STM32MP133AAF3, STM32MP133AAG3, STM32MP133CAE3, STM32MP133CAF3, STM32MP133CAG3, STM32MP133DAE7, STM32MP133DAF7, STM32MP133DAG7, STM32MP133FAE7, STM32MP133FAF7, STM32MP133FAG7, STM32MP135AAE3, STM32MP135AAF3, STM32MP135AAG3, STM32MP135CAE3, STM32MP135CAF3, STM32MP135CAG3, STM32MP135DAE7, STM32MP135DAF7, STM32MP135DAG7, STM32MP135F-DK, STM32MP135FAE7, STM32MP135FAF7, STM32MP135FAF7T, STM32MP135FAF7U, STM32MP135FAG7, STM32MP231AAJ3, STM32MP231AAK3, STM32MP231AAL3, STM32MP231CAJ3, STM32MP231CAK3, STM32MP231CAL3, STM32MP231DAJ3, STM32MP231DAK3, STM32MP231DAL3, STM32MP231FAJ3, STM32MP231FAK3, STM32MP231FAL3, STM32MP233AAJ3, STM32MP233AAK3, STM32MP233AAL3, STM32MP233CAJ3, STM32MP233CAK3, STM32MP233CAL3, STM32MP233DAJ3, STM32MP233DAK3, STM32MP233DAL3, STM32MP233FAJ3, STM32MP233FAK3, STM32MP233FAL3, STM32MP235AAJ3, STM32MP235AAK3, STM32MP235AAL3, STM32MP235CAJ3, STM32MP235CAK3, STM32MP235CAL3, STM32MP235DAJ3, STM32MP235DAK3, STM32MP235DAL3, STM32MP235FAJ3, STM32MP235FAK3, STM32MP235FAL3, STM32MP251AAI3, STM32MP251AAJ3, STM32MP251AAK3, STM32MP251AAL3, STM32MP251CAI3, STM32MP251CAJ3, STM32MP251CAK3, STM32MP251CAL3, STM32MP251DAI3, STM32MP251DAJ3, STM32MP251DAK3, STM32MP251DAL3, STM32MP251FAI3, STM32MP251FAJ3, STM32MP251FAK3, STM32MP251FAL3, STM32MP253AAI3, STM32MP253AAJ3, STM32MP253AAK3, STM32MP253AAL3, STM32MP253CAI3, STM32MP253CAJ3, STM32MP253CAK3, STM32MP253CAL3, STM32MP253DAI3, STM32MP253DAJ3, STM32MP253DAK3, STM32MP253DAL3, STM32MP253FAI3, STM32MP253FAJ3, STM32MP253FAK3, STM32MP253FAL3, STM32MP255AAI3, STM32MP255AAJ3, STM32MP255AAK3, STM32MP255AAL3, STM32MP255CAI3, STM32MP255CAJ3, STM32MP255CAK3, STM32MP255CAL3, STM32MP255DAI3, STM32MP255DAJ3, STM32MP255DAK3, STM32MP255DAL3, STM32MP255FAI3, STM32MP255FAJ3, STM32MP255FAK3, STM32MP255FAL3, STM32MP257AAI3, STM32MP257AAJ3, STM32MP257AAK3, STM32MP257AAL3, STM32MP257CAI3, STM32MP257CAJ3, STM32MP257CAK3, STM32MP257CAL3, STM32MP257DAI3, STM32MP257DAJ3, STM32MP257DAK3, STM32MP257DAL3, STM32MP257F-DK, STM32MP257F-EV1, STM32MP257FAI3, STM32MP257FAJ3, STM32MP257FAK3, STM32MP257FAL3, STM32N645A0H3Q, STM32N645B0H3Q, STM32N645I0H3Q, STM32N645L0H3Q, STM32N645X0H3Q, STM32N645Z0H3Q, STM32N647A0H3Q, STM32N647B0H3Q, STM32N647I0H3Q, STM32N647L0H3Q, STM32N647X0H3Q, STM32N647Z0H3Q, STM32N655A0H3Q, STM32N655B0H3Q, STM32N655I0H3Q, STM32N655L0H3Q, STM32N655X0H3Q, STM32N655Z0H3Q, STM32N6570-DK, STM32N657A0H3Q, STM32N657B0H3Q, STM32N657I0H3Q, STM32N657L0H3Q, STM32N657X0H3Q, STM32N657Z0H3Q, STM32U031C6T6, STM32U031C6U6, STM32U031C8T6, STM32U031C8U6, STM32U031F4P6, STM32U031F6P6, STM32U031F8P6, STM32U031G6Y6TR, STM32U031G8Y6TR, STM32U031K4U6, STM32U031K6U6, STM32U031K8U6, STM32U031R6I6, STM32U031R6T6, STM32U031R8I6, STM32U031R8T6, STM32U073C8T6, STM32U073C8U6, STM32U073CBT6, STM32U073CBU6, STM32U073CCT6, STM32U073CCU6, STM32U073H8Y6TR, STM32U073HBY6TR, STM32U073HCY6TR, STM32U073K8U6, STM32U073KBU6, STM32U073KCU6, STM32U073M8I6, STM32U073M8T6, STM32U073MBI6, STM32U073MBT6, STM32U073MCI6, STM32U073MCT6, STM32U073R8I6, STM32U073R8T6, STM32U073RBI6, STM32U073RBT6, STM32U073RCI6, STM32U073RCT6, STM32U083C-DK, STM32U083CCT6, STM32U083CCU6, STM32U083HCY6TR, STM32U083KCU6, STM32U083MCI6, STM32U083MCT6, STM32U083RCI6, STM32U083RCT6, STM32U375CET6, STM32U375CET6Q, STM32U375CEU6, STM32U375CEU6Q, STM32U375CEY6QTR, STM32U375CGT6, STM32U375CGT6Q, STM32U375CGU6, STM32U375CGU6Q, STM32U375CGY6QTR, STM32U375KEU6, STM32U375KGU6, STM32U375REI6, STM32U375REI6Q, STM32U375RET6, STM32U375RET6Q, STM32U375REY6GTR, STM32U375REY6QTR, STM32U375RGI6, STM32U375RGI6Q, STM32U375RGT6, STM32U375RGT6Q, STM32U375RGY6GTR, STM32U375RGY6QTR, STM32U375VEI6, STM32U375VEI6Q, STM32U375VET6, STM32U375VET6Q, STM32U375VGI6, STM32U375VGI6Q, STM32U375VGT6, STM32U375VGT6Q, STM32U385CGT6, STM32U385CGT6Q, STM32U385CGU6, STM32U385CGU6Q, STM32U385CGY6QTR, STM32U385KGU6, STM32U385RGI6, STM32U385RGI6Q, STM32U385RGT6, STM32U385RGT6Q, STM32U385RGY6GTR, STM32U385RGY6QTR, STM32U385VGI6, STM32U385VGI6Q, STM32U385VGT6, STM32U385VGT6Q, STM32U535CBT6, STM32U535CBT6Q, STM32U535CBU6, STM32U535CBU6Q, STM32U535CCT6, STM32U535CCT6Q, STM32U535CCU6, STM32U535CCU6Q, STM32U535CET6, STM32U535CET6Q, STM32U535CEU6, STM32U535CEU6Q, STM32U535JEY6QTR, STM32U535NCY6QTR, STM32U535NEY6QTR, STM32U535RBI6, STM32U535RBI6Q, STM32U535RBT6, STM32U535RBT6Q, STM32U535RCI6, STM32U535RCI6Q, STM32U535RCT6, STM32U535RCT6Q, STM32U535REI6, STM32U535REI6Q, STM32U535RET6, STM32U535RET6Q, STM32U535VCI6, STM32U535VCI6Q, STM32U535VCT6, STM32U535VCT6Q, STM32U535VEI6, STM32U535VEI6Q, STM32U535VET6, STM32U535VET6Q, STM32U545CET6, STM32U545CET6Q, STM32U545CEU6, STM32U545CEU6Q, STM32U545JEY6QTR, STM32U545NEY6QTR, STM32U545REI6, STM32U545REI6Q, STM32U545RET6, STM32U545RET6Q, STM32U545VEI6, STM32U545VEI6Q, STM32U545VET6, STM32U545VET6Q, STM32U595AIH6, STM32U595AIH6Q, STM32U595AJH6, STM32U595AJH6Q, STM32U595QII6, STM32U595QII6Q, STM32U595QJI6, STM32U595QJI6Q, STM32U595RIT6, STM32U595RIT6Q, STM32U595RJT6, STM32U595RJT6Q, STM32U595VIT6, STM32U595VIT6Q, STM32U595VJT6, STM32U595VJT6Q, STM32U595ZIT6, STM32U595ZIT6Q, STM32U595ZIY6QTR, STM32U595ZJT6, STM32U595ZJT6Q, STM32U595ZJY6QTR, STM32U599BJY6QTR, STM32U599NIH6Q, STM32U599NJH6Q, STM32U599VIT6Q, STM32U599VJT6, STM32U599VJT6Q, STM32U599ZIT6Q, STM32U599ZIY6QTR, STM32U599ZJT6Q, STM32U599ZJY6QTR, STM32U5A5AJH6, STM32U5A5AJH6Q, STM32U5A5QII3Q , STM32U5A5QJI6, STM32U5A5QJI6Q, STM32U5A5RJT6, STM32U5A5RJT6Q, STM32U5A5VJT6, STM32U5A5VJT6Q, STM32U5A5ZJT6, STM32U5A5ZJT6Q, STM32U5A5ZJY6QTR, STM32U5A9BJY6QTR, STM32U5A9J-DK, STM32U5A9NJH6Q, STM32U5A9VJT6Q, STM32U5A9ZJT6Q, STM32U5A9ZJY6QTR, STM32U5F7VIT6, STM32U5F7VIT6Q, STM32U5F7VJT6, STM32U5F7VJT6Q, STM32U5F9BJY6QTR, STM32U5F9NJH6Q, STM32U5F9VIT6Q, STM32U5F9VJT6Q, STM32U5F9ZIJ6QTR, STM32U5F9ZIT6Q, STM32U5F9ZJJ6QTR, STM32U5F9ZJT6Q, STM32U5G7VJT6, STM32U5G7VJT6Q, STM32U5G9BJY6QTR, STM32U5G9J-DK1, STM32U5G9J-DK2, STM32U5G9NJH6Q, STM32U5G9VJT6Q, STM32U5G9ZJJ6QTR, STM32U5G9ZJT6Q, STM32WB05KZV6TR, STM32WB05KZV7TR, STM32WB05TZF6TR, STM32WB05TZF7TR, STM32WB06CCF6TR, STM32WB06CCF7TR, STM32WB06CCV6TR, STM32WB06CCV7TR, STM32WB06KCV6TR, STM32WB06KCV7TR, STM32WB07CCF6TR, STM32WB07CCF7TR, STM32WB07CCV6TR, STM32WB07CCV7TR, STM32WB07KCV6TR, STM32WB07KCV7TR, STM32WB09KEV6TR, STM32WB09KEV7TR, STM32WB09TEF6TR, STM32WB09TEF7TR, STM32WB1MMCH6, STM32WBA50KGU6, STM32WBA50KGU6TR, STM32WBA52CEU6, STM32WBA52CEU6TR, STM32WBA52CEU7, STM32WBA52CEU7TR, STM32WBA52CGU6, STM32WBA52CGU6TR, STM32WBA52CGU6U, STM32WBA52CGU7, STM32WBA52CGU7TR, STM32WBA52KEU6, STM32WBA52KEU6TR, STM32WBA52KGU6, STM32WBA52KGU6TR, STM32WBA54CEU6, STM32WBA54CEU6TR, STM32WBA54CEU7, STM32WBA54CEU7TR, STM32WBA54CGU6, STM32WBA54CGU6TR, STM32WBA54CGU7, STM32WBA54CGU7TR, STM32WBA54KEU6, STM32WBA54KEU6TR, STM32WBA54KEU7, STM32WBA54KEU7TR, STM32WBA54KGU6, STM32WBA54KGU6TR, STM32WBA54KGU7, STM32WBA54KGU7TR, STM32WBA55CEU6, STM32WBA55CEU6TR, STM32WBA55CEU7, STM32WBA55CEU7TR, STM32WBA55CGU6, STM32WBA55CGU6TR, STM32WBA55CGU6U, STM32WBA55CGU7, STM32WBA55CGU7TR, STM32WBA55G-DK1, STM32WBA55HEF6, STM32WBA55HEF7, STM32WBA55HGF6, STM32WBA55HGF7, STM32WBA55UEI6, STM32WBA55UEI6TR, STM32WBA55UEI7, STM32WBA55UEI7TR, STM32WBA55UGI6, STM32WBA55UGI6TR, STM32WBA55UGI7, STM32WBA55UGI7TR, STM32WBA5MJGH6TR, STM32WBA62CGU6, STM32WBA62CIU6, STM32WBA62MGF6, STM32WBA62MIF6, STM32WBA62PGI6, STM32WBA62PII6, STM32WBA63CGU6, STM32WBA63CGU7, STM32WBA63CIU6, STM32WBA63CIU7, STM32WBA64CGU6, STM32WBA64CGU7, STM32WBA64CIU6, STM32WBA64CIU7, STM32WBA65CGU6, STM32WBA65CGU7, STM32WBA65CIU6, STM32WBA65CIU7, STM32WBA65I-DK1, STM32WBA65MGF6, STM32WBA65MGF7, STM32WBA65MIF6, STM32WBA65MIF7, STM32WBA65PGI6, STM32WBA65PGI7, STM32WBA65PII6, STM32WBA65PII7, STM32WBA65RGV6, STM32WBA65RGV7, STM32WBA65RIV6, STM32WBA65RIV7, STM32WL30K8V6, STM32WL30KBV6, STM32WL31C8V6, STM32WL31CBV6, STM32WL31K8V6, STM32WL31KBV6, STM32WL33C8V6, STM32WL33C8V6TR, STM32WL33C8V7, STM32WL33C8V7TR, STM32WL33CBV6, STM32WL33CBV6TR, STM32WL33CBV7, STM32WL33CBV7TR, STM32WL33CCV6, STM32WL33CCV6TR, STM32WL33CCV7, STM32WL33CCV7A, STM32WL33CCV7ATR, STM32WL33CCV7TR, STM32WL33K8V6, STM32WL33K8V6TR, STM32WL33K8V7, STM32WL33K8V7TR, STM32WL33KBV6, STM32WL33KBV6TR, STM32WL33KBV7, STM32WL33KBV7TR, STM32WL33KCV6, STM32WL33KCV6TR, STM32WL33KCV7, STM32WL33KCV7TR, STM32WL5MOCH6, STM32WL5MOCH6TR]
2025-08-04 10:06:29,571 [INFO] DbMcus:218 - Found 4747 MCUs, 4747 are supported
2025-08-04 10:06:29,572 [INFO] ApiDb:423 - Load user favorites file C:\Users\Oguzm/.stm32cubeide/favorites.mcus.txt: 0 item(s)
2025-08-04 10:06:29,572 [INFO] ApiDb:427 - User favorites MCUs=[]
2025-08-04 10:06:29,572 [INFO] DbMcus:224 - Set 0 / 0 favorites MCUs
2025-08-04 10:06:30,161 [INFO] ApiDb:448 - Save user favorites file C:\Users\Oguzm/.stm32cubeide/favorites.boards.txt: 1 item(s)
2025-08-04 10:06:30,161 [INFO] ApiDb:452 - User favorites Boards=[NUCLEO-G071RB]
2025-08-04 10:06:30,162 [INFO] ApiDb:581 - Connected to CubeFinder SQLite database (C:\Users\Oguzm\.stmcufinder\plugins\mcufinder\mcu\cube-finder-db.db)
2025-08-04 10:06:30,237 [INFO] ApiDb:668 - CubeFinder database Data Model version=2.1
2025-08-04 10:06:30,237 [INFO] ApiDb:669 - CubeFinder database Configuration version=3.0.39
2025-08-04 10:06:30,237 [INFO] ApiDb:670 - CubeFinder database generation date=2025-07-24 (1753349077)
2025-08-04 10:06:30,237 [INFO] ApiDb:671 - CubeFinder database FW Pack versions=[FP-ATR-ASTRA1_V2.0.0, FP-SNS-FLIGHT1_V5.1.0, FP-SNS-MOTENV1_V5.0.0, FP-SNS-MOTENVWB1_V1.4.0, FP-SNS-SMARTAG2_V1.2.0, FP-SNS-STBOX1_V2.0.0, STM32Cube_FW_C0_V1.4.0, STM32Cube_FW_F4_V1.28.2, STM32Cube_FW_F7_V1.17.3, STM32Cube_FW_G0_V1.6.2, STM32Cube_FW_G4_V1.6.1, STM32Cube_FW_H5_V1.5.0, STM32Cube_FW_H7RS_V1.2.0, STM32Cube_FW_H7_V1.12.1, STM32Cube_FW_L0_V1.12.2, STM32Cube_FW_L4_V1.18.1, STM32Cube_FW_L5_V1.5.1, STM32Cube_FW_N6_V1.2.0, STM32Cube_FW_U0_V1.3.0, STM32Cube_FW_U3_V1.2.0, STM32Cube_FW_U5_V1.8.0, STM32Cube_FW_WB0_V1.3.0, STM32Cube_FW_WBA_V1.7.0, STM32Cube_FW_WB_V1.23.0, STM32Cube_FW_WL3_V1.2.0, STM32Cube_FW_WL_V1.3.1, X-CUBE-ALGOBUILD_V1.4.0, X-CUBE-ALS_V1.0.2, X-CUBE-AZRTOS-F4_V1.1.0, X-CUBE-AZRTOS-F7_V1.1.0, X-CUBE-AZRTOS-G0_V1.1.0, X-CUBE-AZRTOS-G4_V2.0.0, X-CUBE-AZRTOS-H7RS_V1.1.0, X-CUBE-AZRTOS-H7_V3.4.0, X-CUBE-AZRTOS-L4_V2.0.0, X-CUBE-AZRTOS-L5_V2.0.0, X-CUBE-AZRTOS-WB_V2.0.0, X-CUBE-AZRTOS-WL_V2.0.0, X-CUBE-BLE1_V7.1.0, X-CUBE-BLE2_V3.3.0, X-CUBE-BLEMGR_V4.1.0, X-CUBE-EEPRMA1_V5.2.0, X-CUBE-FREERTOS_V1.3.1, X-CUBE-GNSS1_V6.0.0, X-CUBE-MEMS1_V11.3.0, X-CUBE-NFC4_V3.0.0, X-CUBE-NFC7_V2.0.0, X-CUBE-SFXS2LP1_V4.0.0, X-CUBE-ST67W61_V1.0.0, X-CUBE-SUBG2_V5.0.0, X-CUBE-TOF1_V3.4.3]
2025-08-04 10:06:30,289 [INFO] DbBoardsSqlite:226 - include board P-NUCLEO-WB55-NUCLEO as a kit item of type 'Nucleo-64'
2025-08-04 10:06:30,290 [INFO] DbBoardsSqlite:226 - include board P-NUCLEO-WB55-USBDONGLE as a kit item of type 'Nucleo USB Dongle'
2025-08-04 10:06:30,291 [INFO] DbBoardsSqlite:226 - include board STEVAL-IDP005V1 as a kit item of type 'Evaluation Board'
2025-08-04 10:06:30,291 [INFO] DbBoardsSqlite:226 - include board STEVAL-IDP005V2 as a kit item of type 'Evaluation Board'
2025-08-04 10:06:30,361 [INFO] ApiDb:240 - Found 895 in-development CPN: [B-G473E-ZEST1S, B-WB1M-WPAN1, B-WBA5M-WPAN, B-WL5M-SUBG1, NUCLEO-C031C6, NUCLEO-C051C8, NUCLEO-C071RB, NUCLEO-C092RC, NUCLEO-H503RB, NUCLEO-H533RE, NUCLEO-H563ZI, NUCLEO-H7S3L8, NUCLEO-N657X0-Q, NUCLEO-U031R8, NUCLEO-U083RC, NUCLEO-U385RG-Q, NUCLEO-U545RE-Q, NUCLEO-U5A5ZJ-Q, NUCLEO-WB05KZ, NUCLEO-WB07CC, NUCLEO-WB09KE, NUCLEO-WBA52CG, NUCLEO-WBA55CG, NUCLEO-WBA65RI, NUCLEO-WL33CC1, NUCLEO-WL33CC2, STEVAL-PROTEUS1, STEVAL-SMARTAG2, STEVAL-STWINBX1, STM320518-EVAL, STM32C0116-DK, STM32C011D6Y3TR, STM32C011D6Y6TR, STM32C011F4P3, STM32C011F4P6, STM32C011F4U3, STM32C011F4U6TR, STM32C011F6P3, STM32C011F6P6, STM32C011F6U3, STM32C011F6U6TR, STM32C011J4M3, STM32C011J4M6, STM32C011J6M3, STM32C011J6M6, STM32C0316-DK, STM32C031C4T3, STM32C031C4T6, STM32C031C4U3, STM32C031C4U6, STM32C031C6T3, STM32C031C6T6, STM32C031C6U3, STM32C031C6U6, STM32C031F4P3, STM32C031F4P6, STM32C031F6P3, STM32C031F6P6, STM32C031G4U3, STM32C031G4U6, STM32C031G6U3, STM32C031G6U6, STM32C031K4T3, STM32C031K4T6, STM32C031K4U3, STM32C031K4U6, STM32C031K6T3, STM32C031K6T6, STM32C031K6U3, STM32C031K6U6, STM32C051C6T6, STM32C051C6U6, STM32C051C8T6, STM32C051C8U6, STM32C051D8Y6TR, STM32C051F6P6, STM32C051F8P6, STM32C051G6U6, STM32C051G8U6, STM32C051K6T6, STM32C051K6U6, STM32C051K8T6, STM32C071C8T6, STM32C071C8T6N, STM32C071C8U6, STM32C071C8U6N, STM32C071CBT6, STM32C071CBT6N, STM32C071CBU6, STM32C071CBU6N, STM32C071F8P6, STM32C071F8P6N, STM32C071FBP6, STM32C071FBP6N, STM32C071FBY6TR, STM32C071G8U6, STM32C071G8U6N, STM32C071GBU6, STM32C071GBU6N, STM32C071K8T6, STM32C071K8T6N, STM32C071K8U6, STM32C071K8U6N, STM32C071KBT6, STM32C071KBT6N, STM32C071KBU6, STM32C071KBU6N, STM32C071R8T6, STM32C071R8T6N, STM32C071RBI6N, STM32C071RBT6, STM32C071RBT6N, STM32C091CBT6, STM32C091CBU6, STM32C091CCT6, STM32C091CCU6, STM32C091ECY6TR, STM32C091FBP6, STM32C091FCP6, STM32C091GBU6, STM32C091GCU6, STM32C091KBT6, STM32C091KBU6, STM32C091KCT6, STM32C091KCU6, STM32C091RBT6, STM32C091RCI6, STM32C091RCT6, STM32C092CBT6, STM32C092CBU6, STM32C092CCT6, STM32C092CCU6, STM32C092ECY6TR, STM32C092FBP6, STM32C092FCP6, STM32C092GBU6, STM32C092GCU6, STM32C092KBT6, STM32C092KBU6, STM32C092KCT6, STM32C092KCU6, STM32C092RBT6, STM32C092RCI6, STM32C092RCT6, STM32G071K8TXN, STM32G071K8UXN, STM32G081GBU6N, STM32G081KBT6N, STM32G081KBUXN, STM32G0B1CCT6N, STM32G0B1KCT6, STM32G0B1NEY6TR, STM32G0B1RCT6N, STM32G0C1CCT6, STM32G0C1CCT6N, STM32G0C1CCU6N, STM32G0C1CET6N, STM32G0C1CEU6N, STM32G0C1KCT6, STM32G0C1NEY6TR, STM32G0C1RCI6N, STM32G0C1RCT6N, STM32G0C1REI6N, STM32G0C1RET6N, STM32G0C1VCI6, STM32G0C1VEI6, STM32G411C6T3, STM32G411C6T6, STM32G411C6U3, STM32G411C6U6, STM32G411C8T3, STM32G411C8T6, STM32G411C8U3, STM32G411C8U6, STM32G411CBT3, STM32G411CBT6, STM32G411CBU3, STM32G411CBU6, STM32G411CCT3, STM32G411CCT6, STM32G411CCU3, STM32G411CCU6, STM32G411K6T3, STM32G411K6T6, STM32G411K6U3, STM32G411K6U6, STM32G411K8T3, STM32G411K8T6, STM32G411K8U3, STM32G411K8U6, STM32G411KBT3, STM32G411KBT6, STM32G411KBU3, STM32G411KBU6, STM32G411M6T3, STM32G411M6T6, STM32G411M8T3, STM32G411M8T6, STM32G411MBT3, STM32G411MBT6, STM32G411MCT3, STM32G411MCT6, STM32G411R6T3, STM32G411R6T6, STM32G411R8T3, STM32G411R8T6, STM32G411RBT3, STM32G411RBT6, STM32G411RCT3, STM32G411RCT6, STM32G414CBT3, STM32G414CBT6, STM32G414CBU3, STM32G414CBU6, STM32G414CCT3, STM32G414CCT6, STM32G414CCU3, STM32G414CCU6, STM32G414MBT3, STM32G414MBT6, STM32G414MCT3, STM32G414MCT6, STM32G414RBT3, STM32G414RBT6, STM32G414RCT3, STM32G414RCT6, STM32G414VBT3, STM32G414VBT6, STM32G414VCT3, STM32G414VCT6, STM32G431CBT3Z, STM32G431RBT3Z, STM32G471CCT6, STM32G471CCU6, STM32G471CET3, STM32G471CET6, STM32G471CEU3, STM32G471CEU6, STM32G471MCT6, STM32G471MET3, STM32G471MET6, STM32G471MEY6TR, STM32G471QCT6, STM32G471QET3, STM32G471RCT6, STM32G471RET3, STM32G471RET6, STM32G471VCH6, STM32G471VCI6, STM32G471VCT6, STM32G471VEH3, STM32G471VEH6, STM32G471VEI3, STM32G471VEI6, STM32G471VET3, STM32G471VET6, STM32G473QET3Z, STM32G473RET3Z, STM32G474CCT6, STM32G491RET3Z, STM32H503CBT6, STM32H503CBU6, STM32H503EBY6TR, STM32H503KBU6, STM32H503RBT6, STM32H523CCT6, STM32H523CCU6, STM32H523CET6, STM32H523CEU6, STM32H523HEY6TR, STM32H523RCT6, STM32H523RET6, STM32H523VCI6, STM32H523VCT6, STM32H523VEI6, STM32H523VET6, STM32H523ZCJ6, STM32H523ZCT6, STM32H523ZEJ6, STM32H523ZET6, STM32H533CET6, STM32H533CEU6, STM32H533HEY6TR, STM32H533RET6, STM32H533VEI6, STM32H533VET6, STM32H533ZEJ6, STM32H533ZET6, STM32H562AGI6, STM32H562AII6, STM32H562IGK6, STM32H562IGT6, STM32H562IIK6, STM32H562IIT6, STM32H562RGT6, STM32H562RGV6, STM32H562RIT6, STM32H562RIV6, STM32H562VGT6, STM32H562VIT6, STM32H562ZGT6, STM32H562ZIT6, STM32H563AGI6, STM32H563AII3Q, STM32H563AII6, STM32H563IGK6, STM32H563IGT6, STM32H563IIK3Q, STM32H563IIK6, STM32H563IIT3Q, STM32H563IIT6, STM32H563MIY3QTR, STM32H563RGT6, STM32H563RGV6, STM32H563RIT6, STM32H563RIV6, STM32H563VGT6, STM32H563VIT3Q, STM32H563VIT6, STM32H563ZGT6, STM32H563ZIT3Q, STM32H563ZIT6, STM32H573AII3Q, STM32H573AII6, STM32H573I-DK, STM32H573IIK3Q, STM32H573IIK6, STM32H573IIT3Q, STM32H573IIT6, STM32H573MIY3QTR, STM32H573RIT6, STM32H573RIV6, STM32H573VIT3Q, STM32H573VIT6, STM32H573ZIT3Q, STM32H573ZIT6, STM32H7R3A8I6, STM32H7R3I8K6, STM32H7R3I8T6, STM32H7R3L8H6, STM32H7R3L8H6H, STM32H7R3R8V6, STM32H7R3V8H6, STM32H7R3V8T6, STM32H7R3V8Y6TR, STM32H7R3Z8J6, STM32H7R3Z8T6, STM32H7R7A8I6, STM32H7R7I8K6, STM32H7R7I8T6, STM32H7R7L8H6, STM32H7R7L8H6H, STM32H7R7Z8J6, STM32H7S3A8I6, STM32H7S3I8K6, STM32H7S3I8T6, STM32H7S3L8H6, STM32H7S3L8H6H, STM32H7S3R8V6, STM32H7S3V8H6, STM32H7S3V8T6, STM32H7S3V8Y6TR, STM32H7S3Z8J6, STM32H7S3Z8T6, STM32H7S78-DK, STM32H7S7A8I6, STM32H7S7I8K6, STM32H7S7I8T6, STM32H7S7L8H6, STM32H7S7L8H6H, STM32H7S7Z8J6, STM32L4R5QGI6STR, STM32MP131AAE3, STM32MP131AAF3, STM32MP131AAG3, STM32MP131CAE3, STM32MP131CAF3, STM32MP131CAG3, STM32MP131DAE7, STM32MP131DAF7, STM32MP131DAG7, STM32MP131FAE7, STM32MP131FAF7, STM32MP131FAG7, STM32MP133AAE3, STM32MP133AAF3, STM32MP133AAG3, STM32MP133CAE3, STM32MP133CAF3, STM32MP133CAG3, STM32MP133DAE7, STM32MP133DAF7, STM32MP133DAG7, STM32MP133FAE7, STM32MP133FAF7, STM32MP133FAG7, STM32MP135AAE3, STM32MP135AAF3, STM32MP135AAG3, STM32MP135CAE3, STM32MP135CAF3, STM32MP135CAG3, STM32MP135DAE7, STM32MP135DAF7, STM32MP135DAG7, STM32MP135F-DK, STM32MP135FAE7, STM32MP135FAF7, STM32MP135FAF7T, STM32MP135FAF7U, STM32MP135FAG7, STM32MP231AAJ3, STM32MP231AAK3, STM32MP231AAL3, STM32MP231CAJ3, STM32MP231CAK3, STM32MP231CAL3, STM32MP231DAJ3, STM32MP231DAK3, STM32MP231DAL3, STM32MP231FAJ3, STM32MP231FAK3, STM32MP231FAL3, STM32MP233AAJ3, STM32MP233AAK3, STM32MP233AAL3, STM32MP233CAJ3, STM32MP233CAK3, STM32MP233CAL3, STM32MP233DAJ3, STM32MP233DAK3, STM32MP233DAL3, STM32MP233FAJ3, STM32MP233FAK3, STM32MP233FAL3, STM32MP235AAJ3, STM32MP235AAK3, STM32MP235AAL3, STM32MP235CAJ3, STM32MP235CAK3, STM32MP235CAL3, STM32MP235DAJ3, STM32MP235DAK3, STM32MP235DAL3, STM32MP235FAJ3, STM32MP235FAK3, STM32MP235FAL3, STM32MP251AAI3, STM32MP251AAJ3, STM32MP251AAK3, STM32MP251AAL3, STM32MP251CAI3, STM32MP251CAJ3, STM32MP251CAK3, STM32MP251CAL3, STM32MP251DAI3, STM32MP251DAJ3, STM32MP251DAK3, STM32MP251DAL3, STM32MP251FAI3, STM32MP251FAJ3, STM32MP251FAK3, STM32MP251FAL3, STM32MP253AAI3, STM32MP253AAJ3, STM32MP253AAK3, STM32MP253AAL3, STM32MP253CAI3, STM32MP253CAJ3, STM32MP253CAK3, STM32MP253CAL3, STM32MP253DAI3, STM32MP253DAJ3, STM32MP253DAK3, STM32MP253DAL3, STM32MP253FAI3, STM32MP253FAJ3, STM32MP253FAK3, STM32MP253FAL3, STM32MP255AAI3, STM32MP255AAJ3, STM32MP255AAK3, STM32MP255AAL3, STM32MP255CAI3, STM32MP255CAJ3, STM32MP255CAK3, STM32MP255CAL3, STM32MP255DAI3, STM32MP255DAJ3, STM32MP255DAK3, STM32MP255DAL3, STM32MP255FAI3, STM32MP255FAJ3, STM32MP255FAK3, STM32MP255FAL3, STM32MP257AAI3, STM32MP257AAJ3, STM32MP257AAK3, STM32MP257AAL3, STM32MP257CAI3, STM32MP257CAJ3, STM32MP257CAK3, STM32MP257CAL3, STM32MP257DAI3, STM32MP257DAJ3, STM32MP257DAK3, STM32MP257DAL3, STM32MP257F-DK, STM32MP257F-EV1, STM32MP257FAI3, STM32MP257FAJ3, STM32MP257FAK3, STM32MP257FAL3, STM32N645A0H3Q, STM32N645B0H3Q, STM32N645I0H3Q, STM32N645L0H3Q, STM32N645X0H3Q, STM32N645Z0H3Q, STM32N647A0H3Q, STM32N647B0H3Q, STM32N647I0H3Q, STM32N647L0H3Q, STM32N647X0H3Q, STM32N647Z0H3Q, STM32N655A0H3Q, STM32N655B0H3Q, STM32N655I0H3Q, STM32N655L0H3Q, STM32N655X0H3Q, STM32N655Z0H3Q, STM32N6570-DK, STM32N657A0H3Q, STM32N657B0H3Q, STM32N657I0H3Q, STM32N657L0H3Q, STM32N657X0H3Q, STM32N657Z0H3Q, STM32U031C6T6, STM32U031C6U6, STM32U031C8T6, STM32U031C8U6, STM32U031F4P6, STM32U031F6P6, STM32U031F8P6, STM32U031G6Y6TR, STM32U031G8Y6TR, STM32U031K4U6, STM32U031K6U6, STM32U031K8U6, STM32U031R6I6, STM32U031R6T6, STM32U031R8I6, STM32U031R8T6, STM32U073C8T6, STM32U073C8U6, STM32U073CBT6, STM32U073CBU6, STM32U073CCT6, STM32U073CCU6, STM32U073H8Y6TR, STM32U073HBY6TR, STM32U073HCY6TR, STM32U073K8U6, STM32U073KBU6, STM32U073KCU6, STM32U073M8I6, STM32U073M8T6, STM32U073MBI6, STM32U073MBT6, STM32U073MCI6, STM32U073MCT6, STM32U073R8I6, STM32U073R8T6, STM32U073RBI6, STM32U073RBT6, STM32U073RCI6, STM32U073RCT6, STM32U083C-DK, STM32U083CCT6, STM32U083CCU6, STM32U083HCY6TR, STM32U083KCU6, STM32U083MCI6, STM32U083MCT6, STM32U083RCI6, STM32U083RCT6, STM32U375CET6, STM32U375CET6Q, STM32U375CEU6, STM32U375CEU6Q, STM32U375CEY6QTR, STM32U375CGT6, STM32U375CGT6Q, STM32U375CGU6, STM32U375CGU6Q, STM32U375CGY6QTR, STM32U375KEU6, STM32U375KGU6, STM32U375REI6, STM32U375REI6Q, STM32U375RET6, STM32U375RET6Q, STM32U375REY6GTR, STM32U375REY6QTR, STM32U375RGI6, STM32U375RGI6Q, STM32U375RGT6, STM32U375RGT6Q, STM32U375RGY6GTR, STM32U375RGY6QTR, STM32U375VEI6, STM32U375VEI6Q, STM32U375VET6, STM32U375VET6Q, STM32U375VGI6, STM32U375VGI6Q, STM32U375VGT6, STM32U375VGT6Q, STM32U385CGT6, STM32U385CGT6Q, STM32U385CGU6, STM32U385CGU6Q, STM32U385CGY6QTR, STM32U385KGU6, STM32U385RGI6, STM32U385RGI6Q, STM32U385RGT6, STM32U385RGT6Q, STM32U385RGY6GTR, STM32U385RGY6QTR, STM32U385VGI6, STM32U385VGI6Q, STM32U385VGT6, STM32U385VGT6Q, STM32U535CBT6, STM32U535CBT6Q, STM32U535CBU6, STM32U535CBU6Q, STM32U535CCT6, STM32U535CCT6Q, STM32U535CCU6, STM32U535CCU6Q, STM32U535CET6, STM32U535CET6Q, STM32U535CEU6, STM32U535CEU6Q, STM32U535JEY6QTR, STM32U535NCY6QTR, STM32U535NEY6QTR, STM32U535RBI6, STM32U535RBI6Q, STM32U535RBT6, STM32U535RBT6Q, STM32U535RCI6, STM32U535RCI6Q, STM32U535RCT6, STM32U535RCT6Q, STM32U535REI6, STM32U535REI6Q, STM32U535RET6, STM32U535RET6Q, STM32U535VCI6, STM32U535VCI6Q, STM32U535VCT6, STM32U535VCT6Q, STM32U535VEI6, STM32U535VEI6Q, STM32U535VET6, STM32U535VET6Q, STM32U545CET6, STM32U545CET6Q, STM32U545CEU6, STM32U545CEU6Q, STM32U545JEY6QTR, STM32U545NEY6QTR, STM32U545REI6, STM32U545REI6Q, STM32U545RET6, STM32U545RET6Q, STM32U545VEI6, STM32U545VEI6Q, STM32U545VET6, STM32U545VET6Q, STM32U595AIH6, STM32U595AIH6Q, STM32U595AJH6, STM32U595AJH6Q, STM32U595QII6, STM32U595QII6Q, STM32U595QJI6, STM32U595QJI6Q, STM32U595RIT6, STM32U595RIT6Q, STM32U595RJT6, STM32U595RJT6Q, STM32U595VIT6, STM32U595VIT6Q, STM32U595VJT6, STM32U595VJT6Q, STM32U595ZIT6, STM32U595ZIT6Q, STM32U595ZIY6QTR, STM32U595ZJT6, STM32U595ZJT6Q, STM32U595ZJY6QTR, STM32U599BJY6QTR, STM32U599NIH6Q, STM32U599NJH6Q, STM32U599VIT6Q, STM32U599VJT6, STM32U599VJT6Q, STM32U599ZIT6Q, STM32U599ZIY6QTR, STM32U599ZJT6Q, STM32U599ZJY6QTR, STM32U5A5AJH6, STM32U5A5AJH6Q, STM32U5A5QII3Q , STM32U5A5QJI6, STM32U5A5QJI6Q, STM32U5A5RJT6, STM32U5A5RJT6Q, STM32U5A5VJT6, STM32U5A5VJT6Q, STM32U5A5ZJT6, STM32U5A5ZJT6Q, STM32U5A5ZJY6QTR, STM32U5A9BJY6QTR, STM32U5A9J-DK, STM32U5A9NJH6Q, STM32U5A9VJT6Q, STM32U5A9ZJT6Q, STM32U5A9ZJY6QTR, STM32U5F7VIT6, STM32U5F7VIT6Q, STM32U5F7VJT6, STM32U5F7VJT6Q, STM32U5F9BJY6QTR, STM32U5F9NJH6Q, STM32U5F9VIT6Q, STM32U5F9VJT6Q, STM32U5F9ZIJ6QTR, STM32U5F9ZIT6Q, STM32U5F9ZJJ6QTR, STM32U5F9ZJT6Q, STM32U5G7VJT6, STM32U5G7VJT6Q, STM32U5G9BJY6QTR, STM32U5G9J-DK1, STM32U5G9J-DK2, STM32U5G9NJH6Q, STM32U5G9VJT6Q, STM32U5G9ZJJ6QTR, STM32U5G9ZJT6Q, STM32WB05KZV6TR, STM32WB05KZV7TR, STM32WB05TZF6TR, STM32WB05TZF7TR, STM32WB06CCF6TR, STM32WB06CCF7TR, STM32WB06CCV6TR, STM32WB06CCV7TR, STM32WB06KCV6TR, STM32WB06KCV7TR, STM32WB07CCF6TR, STM32WB07CCF7TR, STM32WB07CCV6TR, STM32WB07CCV7TR, STM32WB07KCV6TR, STM32WB07KCV7TR, STM32WB09KEV6TR, STM32WB09KEV7TR, STM32WB09TEF6TR, STM32WB09TEF7TR, STM32WB1MMCH6, STM32WBA50KGU6, STM32WBA50KGU6TR, STM32WBA52CEU6, STM32WBA52CEU6TR, STM32WBA52CEU7, STM32WBA52CEU7TR, STM32WBA52CGU6, STM32WBA52CGU6TR, STM32WBA52CGU6U, STM32WBA52CGU7, STM32WBA52CGU7TR, STM32WBA52KEU6, STM32WBA52KEU6TR, STM32WBA52KGU6, STM32WBA52KGU6TR, STM32WBA54CEU6, STM32WBA54CEU6TR, STM32WBA54CEU7, STM32WBA54CEU7TR, STM32WBA54CGU6, STM32WBA54CGU6TR, STM32WBA54CGU7, STM32WBA54CGU7TR, STM32WBA54KEU6, STM32WBA54KEU6TR, STM32WBA54KEU7, STM32WBA54KEU7TR, STM32WBA54KGU6, STM32WBA54KGU6TR, STM32WBA54KGU7, STM32WBA54KGU7TR, STM32WBA55CEU6, STM32WBA55CEU6TR, STM32WBA55CEU7, STM32WBA55CEU7TR, STM32WBA55CGU6, STM32WBA55CGU6TR, STM32WBA55CGU6U, STM32WBA55CGU7, STM32WBA55CGU7TR, STM32WBA55G-DK1, STM32WBA55HEF6, STM32WBA55HEF7, STM32WBA55HGF6, STM32WBA55HGF7, STM32WBA55UEI6, STM32WBA55UEI6TR, STM32WBA55UEI7, STM32WBA55UEI7TR, STM32WBA55UGI6, STM32WBA55UGI6TR, STM32WBA55UGI7, STM32WBA55UGI7TR, STM32WBA5MJGH6TR, STM32WBA62CGU6, STM32WBA62CIU6, STM32WBA62MGF6, STM32WBA62MIF6, STM32WBA62PGI6, STM32WBA62PII6, STM32WBA63CGU6, STM32WBA63CGU7, STM32WBA63CIU6, STM32WBA63CIU7, STM32WBA64CGU6, STM32WBA64CGU7, STM32WBA64CIU6, STM32WBA64CIU7, STM32WBA65CGU6, STM32WBA65CGU7, STM32WBA65CIU6, STM32WBA65CIU7, STM32WBA65I-DK1, STM32WBA65MGF6, STM32WBA65MGF7, STM32WBA65MIF6, STM32WBA65MIF7, STM32WBA65PGI6, STM32WBA65PGI7, STM32WBA65PII6, STM32WBA65PII7, STM32WBA65RGV6, STM32WBA65RGV7, STM32WBA65RIV6, STM32WBA65RIV7, STM32WL30K8V6, STM32WL30KBV6, STM32WL31C8V6, STM32WL31CBV6, STM32WL31K8V6, STM32WL31KBV6, STM32WL33C8V6, STM32WL33C8V6TR, STM32WL33C8V7, STM32WL33C8V7TR, STM32WL33CBV6, STM32WL33CBV6TR, STM32WL33CBV7, STM32WL33CBV7TR, STM32WL33CCV6, STM32WL33CCV6TR, STM32WL33CCV7, STM32WL33CCV7A, STM32WL33CCV7ATR, STM32WL33CCV7TR, STM32WL33K8V6, STM32WL33K8V6TR, STM32WL33K8V7, STM32WL33K8V7TR, STM32WL33KBV6, STM32WL33KBV6TR, STM32WL33KBV7, STM32WL33KBV7TR, STM32WL33KCV6, STM32WL33KCV6TR, STM32WL33KCV7, STM32WL33KCV7TR, STM32WL5MOCH6, STM32WL5MOCH6TR]
2025-08-04 10:06:30,675 [INFO] BoardInfo:889 - No configuration file found for board P-NUCLEO-WB55
2025-08-04 10:06:30,678 [INFO] DbBoards:161 - Kit is not supported: P-NUCLEO-WB55
2025-08-04 10:06:30,691 [INFO] BoardInfo:889 - No configuration file found for board STEVAL-BFA001V1B
2025-08-04 10:06:30,693 [INFO] DbBoards:161 - Kit is not supported: STEVAL-BFA001V1B
2025-08-04 10:06:30,695 [INFO] BoardInfo:889 - No configuration file found for board STEVAL-BFA001V2B
2025-08-04 10:06:30,697 [INFO] DbBoards:161 - Kit is not supported: STEVAL-BFA001V2B
2025-08-04 10:06:30,958 [INFO] DbBoards:168 - Found 211 boards, 208 are supported
2025-08-04 10:06:30,958 [INFO] DbBoards:169 - Found 211 boards, 43 of them is supported for  Bsp
2025-08-04 10:06:30,961 [INFO] ApiDb:423 - Load user favorites file C:\Users\Oguzm/.stm32cubeide/favorites.boards.txt: 1 item(s)
2025-08-04 10:06:30,961 [INFO] ApiDb:427 - User favorites Boards=[NUCLEO-G071RB]
2025-08-04 10:06:30,961 [INFO] DbBoards:198 - Set 1 / 1 favorites Boards
2025-08-04 10:06:30,998 [INFO] LoadUrlFilesThread:185 - End of LoadServerUrlFiles without Thread
2025-08-04 10:06:30,999 [INFO] TargetSelectorAdapter:259 - Refresh data is successful
2025-08-04 10:06:31,003 [INFO] ApiDb:668 - CubeFinder database Data Model version=2.1
2025-08-04 10:06:31,003 [INFO] ApiDb:669 - CubeFinder database Configuration version=3.0.39
2025-08-04 10:06:31,003 [INFO] ApiDb:670 - CubeFinder database generation date=2025-07-24 (1753349077)
2025-08-04 10:06:31,003 [INFO] ApiDb:671 - CubeFinder database FW Pack versions=[FP-ATR-ASTRA1_V2.0.0, FP-SNS-FLIGHT1_V5.1.0, FP-SNS-MOTENV1_V5.0.0, FP-SNS-MOTENVWB1_V1.4.0, FP-SNS-SMARTAG2_V1.2.0, FP-SNS-STBOX1_V2.0.0, STM32Cube_FW_C0_V1.4.0, STM32Cube_FW_F4_V1.28.2, STM32Cube_FW_F7_V1.17.3, STM32Cube_FW_G0_V1.6.2, STM32Cube_FW_G4_V1.6.1, STM32Cube_FW_H5_V1.5.0, STM32Cube_FW_H7RS_V1.2.0, STM32Cube_FW_H7_V1.12.1, STM32Cube_FW_L0_V1.12.2, STM32Cube_FW_L4_V1.18.1, STM32Cube_FW_L5_V1.5.1, STM32Cube_FW_N6_V1.2.0, STM32Cube_FW_U0_V1.3.0, STM32Cube_FW_U3_V1.2.0, STM32Cube_FW_U5_V1.8.0, STM32Cube_FW_WB0_V1.3.0, STM32Cube_FW_WBA_V1.7.0, STM32Cube_FW_WB_V1.23.0, STM32Cube_FW_WL3_V1.2.0, STM32Cube_FW_WL_V1.3.1, X-CUBE-ALGOBUILD_V1.4.0, X-CUBE-ALS_V1.0.2, X-CUBE-AZRTOS-F4_V1.1.0, X-CUBE-AZRTOS-F7_V1.1.0, X-CUBE-AZRTOS-G0_V1.1.0, X-CUBE-AZRTOS-G4_V2.0.0, X-CUBE-AZRTOS-H7RS_V1.1.0, X-CUBE-AZRTOS-H7_V3.4.0, X-CUBE-AZRTOS-L4_V2.0.0, X-CUBE-AZRTOS-L5_V2.0.0, X-CUBE-AZRTOS-WB_V2.0.0, X-CUBE-AZRTOS-WL_V2.0.0, X-CUBE-BLE1_V7.1.0, X-CUBE-BLE2_V3.3.0, X-CUBE-BLEMGR_V4.1.0, X-CUBE-EEPRMA1_V5.2.0, X-CUBE-FREERTOS_V1.3.1, X-CUBE-GNSS1_V6.0.0, X-CUBE-MEMS1_V11.3.0, X-CUBE-NFC4_V3.0.0, X-CUBE-NFC7_V2.0.0, X-CUBE-SFXS2LP1_V4.0.0, X-CUBE-ST67W61_V1.0.0, X-CUBE-SUBG2_V5.0.0, X-CUBE-TOF1_V3.4.3]
2025-08-04 10:06:31,902 [ERROR] DbExamplesSqlite:437 - Missing JSON key: board_cpn
2025-08-04 10:06:31,903 [ERROR] DbExamplesSqlite:437 - Missing JSON key: board_cpn
2025-08-04 10:06:31,903 [ERROR] DbExamplesSqlite:437 - Missing JSON key: board_cpn
2025-08-04 10:06:31,903 [ERROR] DbExamplesSqlite:437 - Missing JSON key: board_cpn
2025-08-04 10:06:32,080 [ERROR] DbExamplesSqlite:437 - Missing JSON key: board_cpn
2025-08-04 10:06:32,083 [ERROR] DbExamplesSqlite:437 - Missing JSON key: board_cpn
2025-08-04 10:06:32,084 [ERROR] DbExamplesSqlite:437 - Missing JSON key: board_cpn
2025-08-04 10:06:32,084 [ERROR] DbExamplesSqlite:437 - Missing JSON key: board_cpn
2025-08-04 10:06:32,084 [ERROR] DbExamplesSqlite:437 - Missing JSON key: board_cpn
2025-08-04 10:06:32,084 [ERROR] DbExamplesSqlite:437 - Missing JSON key: board_cpn
2025-08-04 10:06:32,085 [ERROR] DbExamplesSqlite:437 - Missing JSON key: board_cpn
2025-08-04 10:06:32,085 [ERROR] DbExamplesSqlite:437 - Missing JSON key: board_cpn
2025-08-04 10:06:32,085 [ERROR] DbExamplesSqlite:437 - Missing JSON key: board_cpn
2025-08-04 10:06:32,345 [ERROR] DbExamplesSqlite:437 - Missing JSON key: board_cpn
2025-08-04 10:06:32,346 [ERROR] DbExamplesSqlite:437 - Missing JSON key: board_cpn
2025-08-04 10:06:32,350 [INFO] DbExamplesSqlite:395 - Ignored 33 examples not supported by CubeIDE
2025-08-04 10:06:32,350 [INFO] DbExamplesSqlite:396 - Found 10866 examples active
2025-08-04 10:06:32,351 [INFO] DbExamplesSqlite:397 - Found 0 examples obsolete
2025-08-04 10:06:32,352 [INFO] DbExamplesSqlite:398 - Found 0 examples under development
2025-08-04 10:06:32,352 [INFO] DbExamplesSqlite:399 - Found 65 examples not building
2025-08-04 10:06:32,403 [INFO] DbExamples:125 - Found 10898 examples
2025-08-04 10:06:32,467 [INFO] DbExamples:222 - Found 134 boards with related examples
2025-08-04 10:06:32,473 [INFO] DbExamples:235 - Found 111 MCUs with related examples
2025-08-04 10:06:32,516 [INFO] ApiDb:414 - User favorites file not found: C:\Users\Oguzm/.stm32cubeide/favorites.examples.txt
2025-08-04 10:06:32,517 [INFO] DbExamples:250 - Set 0 / 0 favorites Examples
2025-08-04 10:06:32,804 [INFO] McuFinderGlobals:76 - Set McuFinderConnectedMode to true
2025-08-04 10:06:32,828 [INFO] MultiScanPanel:200 - Auto-refresh data requested => check proxy status ongoing
2025-08-04 10:06:32,834 [INFO] FinderPluginLoader:95 - Searching for filters in installed packs
2025-08-04 10:06:35,412 [INFO] LoadUrlFilesThread:185 - End of LoadServerUrlFiles without Thread
2025-08-04 10:06:35,539 [INFO] DetailPanel:341 - Set advertising image to C:/Users/Oguzm/STM32Cube/Repository/\en.2400x1350px.jpeg
2025-08-04 10:06:41,204 [INFO] MultiScanPanel:200 - Auto-refresh data requested => check proxy status ongoing
2025-08-04 10:06:41,421 [INFO] LoadUrlFilesThread:185 - End of LoadServerUrlFiles without Thread
2025-08-04 10:06:41,422 [INFO] DetailPanel:341 - Set advertising image to C:/Users/Oguzm/STM32Cube/Repository/\en.2400x1350px.jpeg
2025-08-04 10:06:41,438 [INFO] DbBoards:642 - Loading board mini-images...
2025-08-04 10:06:44,136 [INFO] DbBoards:665 - Loaded 211 board mini-images
2025-08-04 10:07:19,527 [INFO] MainUpdater:2872 - connection check result : 10
2025-08-04 10:07:19,527 [INFO] MainUpdater:2872 - connection check result : 10
2025-08-04 10:07:19,544 [INFO] UtilMem:75 - Begin LoadConfig() Used Memory: 955679616 Bytes (1073741824)
2025-08-04 10:07:19,547 [INFO] OpenFileManager:354 - Change cursor
2025-08-04 10:07:19,607 [INFO] RulesReader:64 - Compatibility file has been processed (302 Rules)
2025-08-04 10:07:19,617 [INFO] ProjectFactory:442 - No CPN specified for board NUCLEO-G071RB => set CPN to STM32G071RBT6
2025-08-04 10:07:19,617 [INFO] Mcu:2011 - Initializing MCU STM32G071R(6-8-B)Tx STM32G071RBTx STM32G071RBT6
2025-08-04 10:07:22,862 [INFO] Context:756 - Trying to add GPIOservice into a context  which must be forbidden
2025-08-04 10:07:24,207 [INFO] Rule:225 - rule 117617 - U5Cobra4M][GTZC] default value MPCBB3 and MPCBB5 - Not Secured memory - MPCBB1 is applicable
2025-08-04 10:07:24,208 [INFO] Rule:225 - rule 117617 - U5Cobra4M][GTZC] default value MPCBB3 and MPCBB5 - Not Secured memory - MPCBB1 is applicable
2025-08-04 10:07:24,208 [INFO] Rule:225 - rule 117617 - U5Cobra4M][GTZC] default value MPCBB3 and MPCBB5 - Not Secured memory - MPCBB2 is applicable
2025-08-04 10:07:24,209 [INFO] Rule:225 - rule 117617 - U5Cobra4M][GTZC] default value MPCBB3 and MPCBB5 - Not Secured memory - MPCBB2 is applicable
2025-08-04 10:07:24,209 [INFO] Rule:225 - rule 117617 - U5Cobra4M][GTZC] default value MPCBB3 and MPCBB5 - Not Secured memory - MPCBB3 is applicable
2025-08-04 10:07:24,209 [INFO] Rule:225 - rule 117617 - U5Cobra4M][GTZC] default value MPCBB3 and MPCBB5 - Not Secured memory - MPCBB3 is applicable
2025-08-04 10:07:24,209 [INFO] Rule:225 - rule 117617 - U5Cobra4M][GTZC] default value MPCBB3 and MPCBB5 - Not Secured memory - MPCBB4 is applicable
2025-08-04 10:07:24,209 [INFO] Rule:225 - rule 117617 - U5Cobra4M][GTZC] default value MPCBB3 and MPCBB5 - Not Secured memory - MPCBB4 is applicable
2025-08-04 10:07:24,209 [INFO] Rule:225 - rule 117617 - U5Cobra4M][GTZC] default value MPCBB3 and MPCBB5 - Secured memory - MPCBB1 is applicable
2025-08-04 10:07:24,209 [INFO] Rule:225 - rule 117617 - U5Cobra4M][GTZC] default value MPCBB3 and MPCBB5 - Secured memory - MPCBB2 is applicable
2025-08-04 10:07:24,209 [INFO] Rule:225 - rule 117617 - U5Cobra4M][GTZC] default value MPCBB3 and MPCBB5 - Secured memory - MPCBB3 is applicable
2025-08-04 10:07:24,209 [INFO] Rule:225 - rule 117617 - U5Cobra4M][GTZC] default value MPCBB3 and MPCBB5 - Secured memory - MPCBB4 is applicable
2025-08-04 10:07:24,209 [INFO] Rule:225 - rule 117617 - U5Cobra4M][GTZC] default value MPCBB3 and MPCBB5 - Privileged memory - MPCBB1 is applicable
2025-08-04 10:07:24,209 [INFO] Rule:225 - rule 117617 - U5Cobra4M][GTZC] default value MPCBB3 and MPCBB5 - Privileged memory - MPCBB2 is applicable
2025-08-04 10:07:24,209 [INFO] Rule:225 - rule 117617 - U5Cobra4M][GTZC] default value MPCBB3 and MPCBB5 - Privileged memory - MPCBB3 is applicable
2025-08-04 10:07:24,210 [INFO] Rule:225 - rule 117617 - U5Cobra4M][GTZC] default value MPCBB3 and MPCBB5 - Privileged memory - MPCBB4 is applicable
2025-08-04 10:07:24,210 [INFO] Rule:225 - rule 117617 - U5Cobra4M][GTZC] default value MPCBB3 and MPCBB5 - Not Privileged memory - MPCBB1 is applicable
2025-08-04 10:07:24,210 [INFO] Rule:225 - rule 117617 - U5Cobra4M][GTZC] default value MPCBB3 and MPCBB5 - Not Privileged memory - MPCBB2 is applicable
2025-08-04 10:07:24,210 [INFO] Rule:225 - rule 117617 - U5Cobra4M][GTZC] default value MPCBB3 and MPCBB5 - Not Privileged memory - MPCBB3 is applicable
2025-08-04 10:07:24,210 [INFO] Rule:225 - rule 117617 - U5Cobra4M][GTZC] default value MPCBB3 and MPCBB5 - Not Privileged memory - MPCBB4 is applicable
2025-08-04 10:07:24,210 [INFO] Rule:225 - rule 117617 - U5Cobra4M][GTZC] default value MPCBB3 and MPCBB5 - Privileged memory - MPCBB1 is applicable
2025-08-04 10:07:24,210 [INFO] Rule:225 - rule 117617 - U5Cobra4M][GTZC] default value MPCBB3 and MPCBB5 - Privileged memory - MPCBB2 is applicable
2025-08-04 10:07:24,210 [INFO] Rule:225 - rule 117617 - U5Cobra4M][GTZC] default value MPCBB3 and MPCBB5 - Privileged memory - MPCBB3 is applicable
2025-08-04 10:07:24,210 [INFO] Rule:225 - rule 117617 - U5Cobra4M][GTZC] default value MPCBB3 and MPCBB5 - Privileged memory - MPCBB4 is applicable
2025-08-04 10:07:24,210 [INFO] Rule:225 - rule 117617 - U5Cobra4M][GTZC] default value MPCBB3 and MPCBB5 - Privileged memory - MPCBB1 is applicable
2025-08-04 10:07:24,210 [INFO] Rule:225 - rule 117617 - U5Cobra4M][GTZC] default value MPCBB3 and MPCBB5 - Privileged memory - MPCBB2 is applicable
2025-08-04 10:07:24,210 [INFO] Rule:225 - rule 117617 - U5Cobra4M][GTZC] default value MPCBB3 and MPCBB5 - Privileged memory - MPCBB3 is applicable
2025-08-04 10:07:24,210 [INFO] Rule:225 - rule 117617 - U5Cobra4M][GTZC] default value MPCBB3 and MPCBB5 - Privileged memory - MPCBB4 is applicable
2025-08-04 10:07:24,210 [INFO] Rule:225 - rule 117617 - U5Cobra4M][GTZC] default value MPCBB3 and MPCBB5 - Not Privileged memory - MPCBB1 is applicable
2025-08-04 10:07:24,210 [INFO] Rule:225 - rule 117617 - U5Cobra4M][GTZC] default value MPCBB3 and MPCBB5 - Not Privileged memory - MPCBB2 is applicable
2025-08-04 10:07:24,210 [INFO] Rule:225 - rule 117617 - U5Cobra4M][GTZC] default value MPCBB3 and MPCBB5 - Not Privileged memory - MPCBB3 is applicable
2025-08-04 10:07:24,210 [INFO] Rule:225 - rule 117617 - U5Cobra4M][GTZC] default value MPCBB3 and MPCBB5 - Not Privileged memory - MPCBB4 is applicable
2025-08-04 10:07:24,210 [INFO] Rule:225 - rule 117617 - U5Cobra4M][GTZC] default value MPCBB3 and MPCBB5 - Privileged memory - MPCBB1 is applicable
2025-08-04 10:07:24,210 [INFO] Rule:225 - rule 117617 - U5Cobra4M][GTZC] default value MPCBB3 and MPCBB5 - Privileged memory - MPCBB2 is applicable
2025-08-04 10:07:24,210 [INFO] Rule:225 - rule 117617 - U5Cobra4M][GTZC] default value MPCBB3 and MPCBB5 - Privileged memory - MPCBB3 is applicable
2025-08-04 10:07:24,210 [INFO] Rule:225 - rule 117617 - U5Cobra4M][GTZC] default value MPCBB3 and MPCBB5 - Privileged memory - MPCBB4 is applicable
2025-08-04 10:07:24,210 [INFO] Rule:225 - rule Rename SubGHz_Phy SUBGHZ_APPLICATION SUBGHZ_PINGPONG to SUBGHZ_ADV_APPLICATION is applicable
2025-08-04 10:07:24,210 [INFO] Rule:225 - rule Rename Enabled to IBEACON is applicable
2025-08-04 10:07:24,211 [INFO] Rule:225 - rule GTZC_S instance for project manager is applicable
2025-08-04 10:07:24,211 [INFO] Rule:225 - rule GTZC_S instance for context M33S is applicable
2025-08-04 10:07:24,211 [INFO] Rule:225 - rule GTZC_S instance value for IP GTZC is applicable
2025-08-04 10:07:24,211 [INFO] Rule:225 - rule GTZC_S instance for mcu.IP is applicable
2025-08-04 10:07:24,211 [INFO] Rule:225 - rule GTZC_S instance for VP is applicable
2025-08-04 10:07:24,211 [INFO] Rule:225 - rule GTZC_S instance for signal is applicable
2025-08-04 10:07:24,211 [INFO] Rule:225 - rule GTZC_S instance for mcu.Pin is applicable
2025-08-04 10:07:24,211 [INFO] Rule:225 - rule GTZC_S instance for VP is applicable
2025-08-04 10:07:24,211 [INFO] Rule:225 - rule GTZC_S instance for signal is applicable
2025-08-04 10:07:24,211 [INFO] Rule:225 - rule GTZC_S instance for mcu is applicable
2025-08-04 10:07:24,211 [INFO] Rule:225 - rule GTZC_S instance for mcu.Pin is applicable
2025-08-04 10:07:24,211 [INFO] Rule:225 - rule GTZC_S instance value for IP GTZC is applicable
2025-08-04 10:07:24,211 [INFO] Rule:225 - rule GTZC_S instance for project manager is applicable
2025-08-04 10:07:24,211 [INFO] Rule:225 - rule GTZC_S instance for context M33S is applicable
2025-08-04 10:07:24,211 [INFO] Rule:225 - rule GTZC_S instance for VP is applicable
2025-08-04 10:07:24,211 [INFO] Rule:225 - rule GTZC_S instance for signal is applicable
2025-08-04 10:07:24,211 [INFO] Rule:225 - rule SPDIFRX instance for mcu is applicable
2025-08-04 10:07:24,211 [INFO] Rule:225 - rule Rename Tracer Mode is applicable
2025-08-04 10:07:24,211 [INFO] Rule:225 - rule SPDIFRX instance value for IP SPDIFRX is applicable
2025-08-04 10:07:24,211 [INFO] Rule:225 - rule SPDIFRX instance for signal is applicable
2025-08-04 10:07:24,211 [INFO] Rule:225 - rule SPDIFRX instance for project manager is applicable
2025-08-04 10:07:24,211 [INFO] Rule:225 - rule SPDIFRX instance for project manager is applicable
2025-08-04 10:07:24,211 [INFO] Rule:225 - rule ADC Scan  fix with FW F7 is applicable
2025-08-04 10:07:24,211 [INFO] Rule:225 - rule ADC Scan  fix with FW F7 is applicable
2025-08-04 10:07:24,211 [INFO] Rule:225 - rule WakeUp0 Mode is applicable
2025-08-04 10:07:24,211 [INFO] Rule:225 - rule WakeUp0 SIGNAL is applicable
2025-08-04 10:07:24,212 [INFO] Rule:225 - rule WakeUp1 Mode is applicable
2025-08-04 10:07:24,212 [INFO] Rule:225 - rule WakeUp1 SIGNAL is applicable
2025-08-04 10:07:24,212 [INFO] Rule:225 - rule WakeUp2 Mode is applicable
2025-08-04 10:07:24,212 [INFO] Rule:225 - rule WakeUp2 SIGNAL is applicable
2025-08-04 10:07:24,212 [INFO] Rule:225 - rule WakeUp4 Mode is applicable
2025-08-04 10:07:24,212 [INFO] Rule:225 - rule WakeUp4 SIGNAL is applicable
2025-08-04 10:07:24,212 [INFO] Rule:225 - rule WakeUp5 Mode is applicable
2025-08-04 10:07:24,212 [INFO] Rule:225 - rule WakeUp5 SIGNAL is applicable
2025-08-04 10:07:24,212 [INFO] Rule:225 - rule Change Default Value for LSE Drive Capability for WB family is applicable
2025-08-04 10:07:24,213 [INFO] Rule:225 - rule Change Default Value for ADC Clock Prescaler G0 family is applicable
2025-08-04 10:07:24,213 [INFO] Rule:225 - rule Rename AES DataEncryptionTypesList to Algorithm is applicable
2025-08-04 10:07:24,214 [INFO] Rule:225 - rule Rename TDESECB to CRYP_TDES_ECB is applicable
2025-08-04 10:07:24,214 [INFO] Rule:225 - rule Rename TDESCBC to CRYP_TDES_CBC is applicable
2025-08-04 10:07:24,214 [INFO] Rule:225 - rule Rename DESECB to CRYP_DES_ECB is applicable
2025-08-04 10:07:24,214 [INFO] Rule:225 - rule Rename DESCBC to CRYP_DES_CBC is applicable
2025-08-04 10:07:24,214 [INFO] Rule:225 - rule Rename AESECB to CRYP_AES_ECB is applicable
2025-08-04 10:07:24,214 [INFO] Rule:225 - rule Rename AESCBC to CRYP_AES_CBC is applicable
2025-08-04 10:07:24,214 [INFO] Rule:225 - rule Rename AESCTR to CRYP_AES_CTR is applicable
2025-08-04 10:07:24,214 [INFO] Rule:225 - rule Rename AESGCM to CRYP_AES_GCM is applicable
2025-08-04 10:07:24,214 [INFO] Rule:225 - rule Rename AESCCM to CRYP_AES_CCM is applicable
2025-08-04 10:07:24,225 [INFO] Rule:225 - rule USART TxPinLevelInvertParam Mode is applicable
2025-08-04 10:07:24,225 [INFO] Rule:225 - rule USART RxPinLevelInvertParam Mode is applicable
2025-08-04 10:07:24,225 [INFO] Rule:225 - rule USART DataInvertParam Mode is applicable
2025-08-04 10:07:24,225 [INFO] Rule:225 - rule USART SwapParam Mode is applicable
2025-08-04 10:07:24,225 [INFO] Rule:225 - rule USART OverrunDisableParam Mode is applicable
2025-08-04 10:07:24,225 [INFO] Rule:225 - rule USART DMADisableonRxErrorParam Mode is applicable
2025-08-04 10:07:24,225 [INFO] Rule:225 - rule USART MSBFirstParam Mode is applicable
2025-08-04 10:07:24,225 [INFO] Rule:225 - rule Update MwName for USB_DEVICE is applicable
2025-08-04 10:07:24,226 [INFO] Rule:225 - rule Change PWR_Regulator_Voltage_Scale Default Value for RCC  H7 family is applicable
2025-08-04 10:07:24,226 [INFO] Rule:225 - rule UART/USART IPParameter rename Prescaler parameter to ClockPrescaler is applicable
2025-08-04 10:07:24,226 [INFO] Rule:225 - rule UART/USART Prescaler rename Prescaler parameter to ClockPrescaler is applicable
2025-08-04 10:07:24,226 [INFO] Rule:225 - rule TIM1CLockSelection is applicable
2025-08-04 10:07:24,226 [INFO] Rule:225 - rule TIM15CLockSelection is applicable
2025-08-04 10:07:24,226 [INFO] Rule:225 - rule align RCC SDMMC3CLockSelection default value on MP1 is applicable
2025-08-04 10:07:24,226 [INFO] Rule:225 - rule align RCC SDMMC12CLockSelection default value on MP1 is applicable
2025-08-04 10:07:24,226 [INFO] Rule:225 - rule align RCC QSPICLockSelection default value on MP1 is applicable
2025-08-04 10:07:24,226 [INFO] Rule:225 - rule align RCC QSPICLockSelection default value on MP1 is applicable
2025-08-04 10:07:24,226 [INFO] Rule:225 - rule align RCC SPI6CLockSelection default value on MP1 is applicable
2025-08-04 10:07:24,226 [INFO] Rule:225 - rule align RCC LPTIM23CLockSelection default value on MP1 is applicable
2025-08-04 10:07:24,227 [INFO] Rule:225 - rule align RCC LPTIM1CLockSelection default value on MP1 is applicable
2025-08-04 10:07:24,227 [INFO] Rule:225 - rule align RCC USART1CLockSelection default value on MP1 is applicable
2025-08-04 10:07:24,227 [INFO] Rule:225 - rule align RCC USART24CLockSelection default value on MP1 is applicable
2025-08-04 10:07:24,227 [INFO] Rule:225 - rule align RCC USART6CLockSelection default value on MP1 is applicable
2025-08-04 10:07:24,227 [INFO] Rule:225 - rule align RCC UART78CLockSelection default value on MP1 is applicable
2025-08-04 10:07:24,227 [INFO] Rule:225 - rule align RCC USART35CLockSelection default value on MP1 is applicable
2025-08-04 10:07:24,227 [INFO] Rule:225 - rule align RCC SPI45CLockSelection default value on MP1 is applicable
2025-08-04 10:07:24,227 [INFO] Rule:225 - rule align RCC I2C46CLockSelection BCLK value on MP1 is applicable
2025-08-04 10:07:24,227 [INFO] Rule:225 - rule align RCC SPI45CLockSelection default value on MP1 is applicable
2025-08-04 10:07:24,227 [INFO] Rule:225 - rule align RCC I2C12CLockSelection default value on MP1 is applicable
2025-08-04 10:07:24,227 [INFO] Rule:225 - rule align RCC I2C35CLockSelection default value on MP1 is applicable
2025-08-04 10:07:24,227 [INFO] Rule:225 - rule align RCC LPTIM45CLockSelection default value on MP1 is applicable
2025-08-04 10:07:24,227 [INFO] Rule:225 - rule Rename DCMI PIXCK signal is applicable
2025-08-04 10:07:24,227 [INFO] Rule:225 - rule Change Default Value for I2C46CLockSelection MP1 family is applicable
2025-08-04 10:07:24,227 [INFO] Rule:225 - rule Change Default Value for UART for G4, G0 and WB families is applicable
2025-08-04 10:07:24,227 [INFO] Rule:225 - rule Change Default Value for USART for G4, G0 and WB families is applicable
2025-08-04 10:07:24,227 [INFO] Rule:225 - rule Change Default Value for USART for G4 family is applicable
2025-08-04 10:07:24,227 [INFO] Rule:225 - rule Change USART1CLockSelection refparam name for MP1 is applicable
2025-08-04 10:07:24,227 [INFO] Rule:225 - rule Change USART2CLockSelection refparam name for MP1 is applicable
2025-08-04 10:07:24,228 [INFO] Rule:225 - rule Change USART3CLockSelection refparam name for MP1 is applicable
2025-08-04 10:07:24,228 [INFO] Rule:225 - rule Change UART4CLockSelection refparam name for MP1 is applicable
2025-08-04 10:07:24,228 [INFO] Rule:225 - rule Change UART5CLockSelection refparam name for MP1 is applicable
2025-08-04 10:07:24,228 [INFO] Rule:225 - rule Change LPUART1CLockSelection refparam name for MP1 is applicable
2025-08-04 10:07:24,228 [INFO] Rule:225 - rule Change LPTIM1CLockSelection refparam name for MP1 is applicable
2025-08-04 10:07:24,228 [INFO] Rule:225 - rule Change LPTIM2CLockSelection refparam name for MP1 is applicable
2025-08-04 10:07:24,228 [INFO] Rule:225 - rule Change RCC_MCO1Source refparam name for MP1 is applicable
2025-08-04 10:07:24,228 [INFO] Rule:225 - rule Change LSCOSource1 refparam name for MP1 is applicable
2025-08-04 10:07:24,228 [INFO] Rule:225 - rule Change SMPSCLockSelection refparam name for MP1 is applicable
2025-08-04 10:07:24,228 [INFO] Rule:225 - rule Change LPTIM3CLockSelection refparam name for MP1 is applicable
2025-08-04 10:07:24,228 [INFO] Rule:225 - rule Change MPCBB* Default Template Mode to Parameters is applicable
2025-08-04 10:07:24,228 [INFO] Rule:225 - rule Change MPCWM* or MPCBB* Secure Mode to Parameters is applicable
2025-08-04 10:07:24,228 [INFO] Rule:225 - rule Change MPCWM* or MPCBB* No Secure Mode to Parameters is applicable
2025-08-04 10:07:24,228 [INFO] Rule:225 - rule Change TZSC IP Secure Mode to Parameters is applicable
2025-08-04 10:07:24,228 [INFO] Rule:225 - rule Change TZSC IP No Secure Mode to Parameters is applicable
2025-08-04 10:07:24,228 [INFO] Rule:225 - rule Change TZSC IP Privilege Mode to Parameters is applicable
2025-08-04 10:07:24,228 [INFO] Rule:225 - rule Change TZSC IP No Privilege Mode to Parameters is applicable
2025-08-04 10:07:24,228 [INFO] Rule:225 - rule Change TZIC IT Secure Mode to Parameters is applicable
2025-08-04 10:07:24,228 [INFO] Rule:225 - rule Change TZIC IT No Secure Mode to Parameters is applicable
2025-08-04 10:07:24,228 [INFO] Rule:225 - rule Add MPCBB1_NonSecureArea_Start_Address value with referenced to MPCBB1_NonSecureArea_Start value is applicable
2025-08-04 10:07:24,228 [INFO] Rule:225 - rule Add MPCBB2_NonSecureArea_Start_Address value with referenced to MPCBB2_NonSecureArea_Start value is applicable
2025-08-04 10:07:24,229 [INFO] Rule:225 - rule Add MPCWM1_NonSecureArea*_Start_Address value with referenced to MPCWM1_NonSecureArea*_Start value is applicable
2025-08-04 10:07:24,229 [INFO] Rule:225 - rule Add MPCWM2_NonSecureArea*_Start_Address value with referenced to MPCWM2_NonSecureArea*_Start value is applicable
2025-08-04 10:07:24,229 [INFO] Rule:225 - rule Add MPCWM3_NonSecureArea_Start_Address value with referenced to MPCWM3_NonSecureArea_Start value is applicable
2025-08-04 10:07:24,229 [INFO] Rule:225 - rule Change Default Value for PLL1UserDefinedConfig is applicable
2025-08-04 10:07:24,229 [INFO] Rule:225 - rule Change GPIO_PuPd Default Value for USART in async mode is applicable
2025-08-04 10:07:24,229 [INFO] Rule:225 - rule Change SMPSDivider Default Value is applicable
2025-08-04 10:07:24,229 [INFO] Rule:225 - rule OPAMP is applicable
2025-08-04 10:07:24,229 [INFO] Rule:225 - rule LPUART IPParameter rename Prescaler parameter to ClockPrescaler for STM32H7 is applicable
2025-08-04 10:07:24,229 [INFO] Rule:225 - rule LPUART IPParameter rename Prescaler parameter to ClockPrescaler for STM32H7 is applicable
2025-08-04 10:07:24,229 [INFO] Rule:225 - rule LPUART IPParameter rename Prescaler parameter to ClockPrescaler for STM32WB is applicable
2025-08-04 10:07:24,229 [INFO] Rule:225 - rule LPUART IPParameter rename Prescaler parameter to ClockPrescaler for STM32WB is applicable
2025-08-04 10:07:24,229 [INFO] Rule:225 - rule LPUART IPParameter rename Prescaler parameter to ClockPrescaler for STM32G4 is applicable
2025-08-04 10:07:24,229 [INFO] Rule:225 - rule LPUART IPParameter rename Prescaler parameter to ClockPrescaler for STM32G4 is applicable
2025-08-04 10:07:24,229 [INFO] Rule:225 - rule LPUART IPParameter rename Prescaler parameter to ClockPrescaler for STM32L5 is applicable
2025-08-04 10:07:24,229 [INFO] Rule:225 - rule LPUART IPParameter rename Prescaler parameter to ClockPrescaler for STM32L5 is applicable
2025-08-04 10:07:24,229 [INFO] Rule:225 - rule LPUART IPParameter rename Prescaler parameter to ClockPrescaler for STM32G4 is applicable
2025-08-04 10:07:24,229 [INFO] Rule:225 - rule LPUART IPParameter rename Prescaler parameter to ClockPrescaler for STM32G4 is applicable
2025-08-04 10:07:24,230 [INFO] Rule:225 - rule USB device lib V2.5.3 for L0 rename USBD_SUPPORT_USER_STRING parameter to USBD_SUPPORT_USER_STRING_DESC4 is applicable
2025-08-04 10:07:24,230 [INFO] Rule:225 - rule I2SCLockSelection clock entry align is applicable
2025-08-04 10:07:24,230 [INFO] Rule:225 - rule Assign TIMx context if used as SYS timebase is applicable
2025-08-04 10:07:24,230 [INFO] Rule:225 - rule Change GPIO_Pu Default Value for I2C is applicable
2025-08-04 10:07:24,230 [INFO] Rule:225 - rule Change GPIO_Pu Default Value for SMBus is applicable
2025-08-04 10:07:24,230 [INFO] Rule:225 - rule change FDCAN default value is applicable
2025-08-04 10:07:24,230 [INFO] Rule:225 - rule Change mode sai is applicable
2025-08-04 10:07:24,230 [INFO] Rule:225 - rule **Change sai mode is applicable
2025-08-04 10:07:24,230 [INFO] Rule:225 - rule Rename STM32WPAN CFG_BLE_IRK to CFG_BLE_IR is applicable
2025-08-04 10:07:24,230 [INFO] Rule:225 - rule Rename STM32WPAN CFG_BLE_ERK to CFG_BLE_ER is applicable
2025-08-04 10:07:24,230 [INFO] Rule:225 - rule Rename STM32WPAN CFG_BLE_IRK_HEX to CFG_BLE_IR_HEX is applicable
2025-08-04 10:07:24,230 [INFO] Rule:225 - rule Rename STM32WPAN CFG_BLE_ERK_HEX to CFG_BLE_ER_HEX is applicable
2025-08-04 10:07:24,230 [INFO] Rule:225 - rule Adapt Old IOC before rework replace old CORTEX_M33/CORTEX_M55 attributes by the new one. is applicable
2025-08-04 10:07:24,230 [INFO] Rule:225 - rule Rename parametre of RCC RCC_APBDBG_DIV2 to RCC_TIMPRES_DIV2 is applicable
2025-08-04 10:07:24,230 [INFO] Rule:225 - rule Rename DIE493 pin PA10 [PA12] -> PA10 is applicable
2025-08-04 10:07:24,230 [INFO] Rule:225 - rule Rename DIE493 pin PA9 [PA11] -> PA9 is applicable
2025-08-04 10:07:24,230 [INFO] Rule:225 - rule Adapt Old IOC CSI. is applicable
2025-08-04 10:07:24,243 [INFO] DbConfProperties:307 - Apply Compatibility (16/177 Rules)
2025-08-04 10:07:24,257 [INFO] ImportTextPane:218 - (OptionalMessage_ERROR) Unable to find key (Mcu.ThirdPartyNb) in loaded IOC file
2025-08-04 10:07:24,258 [INFO] ImportTextPane:218 - (OptionalMessage_ERROR) Pin10 (VP_RIF_VS_RIF1) cannot be retrieved for this MCU
2025-08-04 10:07:24,329 [INFO] ThirdPartyModel:298 - Start build external matchings
2025-08-04 10:07:25,647 [INFO] ThirdPartyModel:316 - End build external matchings
2025-08-04 10:07:25,672 [INFO] ImportTextPane:218 - (OptionalMessage_ERROR) IP (RCC) : Invalid parameter (FamilyName)
2025-08-04 10:07:25,673 [INFO] ImportTextPane:218 - (OptionalMessage_ERROR) IP (RCC) : Parameter (PLLPoutputFreq_Value) has invalid value (64000000)
2025-08-04 10:07:25,673 [INFO] ImportTextPane:218 - (OptionalMessage_ERROR) IP (RCC) : Parameter (PLLQoutputFreq_Value) has invalid value (64000000)
2025-08-04 10:07:25,673 [INFO] ImportTextPane:218 - (OptionalMessage_ERROR) IP (RCC) : Parameter (PLLRCLKFreq_Value) has invalid value (64000000)
2025-08-04 10:07:26,073 [INFO] UtilMem:75 - End LoadConfig() Used Memory: 991017464 Bytes (1073741824)
2025-08-04 10:07:26,181 [WARN] ThirdParty:833 - waiting for thirdparty lock release [change project]
2025-08-04 10:07:26,182 [INFO] ThirdParty:835 - entering critical section [change project]
2025-08-04 10:07:26,182 [INFO] ThirdParty:1030 - CMSIS Pack Vendor :STMicroelectronics X-CUBE-PM33A1 1.0.0
2025-08-04 10:07:26,182 [INFO] ThirdParty:1030 - CMSIS Pack Vendor :STMicroelectronics USBPD 4.1
2025-08-04 10:07:26,182 [INFO] ThirdParty:1030 - CMSIS Pack Vendor :STMicroelectronics X-CUBE-AZRTOS-H7 3.3.0
2025-08-04 10:07:26,183 [INFO] ThirdParty:1030 - CMSIS Pack Vendor :STMicroelectronics X-CUBE-NFC9 1.0.0
2025-08-04 10:07:26,183 [INFO] ThirdParty:1030 - CMSIS Pack Vendor :wolfSSL I-CUBE-wolfSSL 5.8.0
2025-08-04 10:07:26,183 [INFO] ThirdParty:1030 - CMSIS Pack Vendor :STMicroelectronics USB_HOST 2.0.0
2025-08-04 10:07:26,183 [INFO] ThirdParty:1030 - CMSIS Pack Vendor :STMicroelectronics FP-SNS-MOTENVWB1 1.4.0
2025-08-04 10:07:26,183 [INFO] ThirdParty:1030 - CMSIS Pack Vendor :STMicroelectronics X-CUBE-AZRTOS-F4 1.1.0
2025-08-04 10:07:26,183 [INFO] ThirdParty:1030 - CMSIS Pack Vendor :STMicroelectronics LIBJPEG 8.0.0
2025-08-04 10:07:26,183 [INFO] ThirdParty:1030 - CMSIS Pack Vendor :STMicroelectronics FP-ATR-ASTRA1 2.0.2
2025-08-04 10:07:26,183 [INFO] ThirdParty:1030 - CMSIS Pack Vendor :STMicroelectronics X-CUBE-BLE1 7.1.0
2025-08-04 10:07:26,183 [INFO] ThirdParty:1030 - CMSIS Pack Vendor :Avnet-IotConnect X-CUBE-IoTC-DA16k-PMOD 1.0.0
2025-08-04 10:07:26,183 [INFO] ThirdParty:1030 - CMSIS Pack Vendor :STMicroelectronics X-CUBE-SMBUS 2.1.0
2025-08-04 10:07:26,183 [INFO] ThirdParty:1030 - CMSIS Pack Vendor :wolfSSL I-CUBE-wolfMQTT 1.19.2
2025-08-04 10:07:26,183 [INFO] ThirdParty:1030 - CMSIS Pack Vendor :STMicroelectronics USB_DEVICE 3.0.0
2025-08-04 10:07:26,183 [INFO] ThirdParty:1030 - CMSIS Pack Vendor :STMicroelectronics X-CUBE-ISPU 2.1.0
2025-08-04 10:07:26,183 [INFO] ThirdParty:1030 - CMSIS Pack Vendor :STMicroelectronics X-CUBE-EEPRMA1 5.2.0
2025-08-04 10:07:26,183 [INFO] ThirdParty:1030 - CMSIS Pack Vendor :STMicroelectronics X-CUBE-BLEMGR 4.1.0
2025-08-04 10:07:26,183 [INFO] ThirdParty:1030 - CMSIS Pack Vendor :STMicroelectronics X-CUBE-AZRTOS-WB 2.0.0
2025-08-04 10:07:26,183 [INFO] ThirdParty:1030 - CMSIS Pack Vendor :STMicroelectronics X-CUBE-ST60 1.0.0
2025-08-04 10:07:26,183 [INFO] ThirdParty:1030 - CMSIS Pack Vendor :STMicroelectronics X-CUBE-GNSS1 7.0.1
2025-08-04 10:07:26,183 [INFO] ThirdParty:1030 - CMSIS Pack Vendor :STMicroelectronics X-CUBE-NFC12 1.0.0
2025-08-04 10:07:26,183 [INFO] ThirdParty:1030 - CMSIS Pack Vendor :STMicroelectronics X-CUBE-AZRTOS-F7 1.1.0
2025-08-04 10:07:26,183 [INFO] ThirdParty:1030 - CMSIS Pack Vendor :STMicroelectronics X-CUBE-AZRTOS-L5 2.0.0
2025-08-04 10:07:26,183 [INFO] ThirdParty:1030 - CMSIS Pack Vendor :STMicroelectronics X-CUBE-TOUCHGFX 4.25.0
2025-08-04 10:07:26,183 [INFO] ThirdParty:1030 - CMSIS Pack Vendor :STMicroelectronics USB_DEVICE 2.0.0
2025-08-04 10:07:26,183 [INFO] ThirdParty:1030 - CMSIS Pack Vendor :STMicroelectronics X-CUBE-NFC6 3.1.0
2025-08-04 10:07:26,183 [INFO] ThirdParty:1030 - CMSIS Pack Vendor :STMicroelectronics X-CUBE-AI 10.1.0
2025-08-04 10:07:26,183 [INFO] ThirdParty:1030 - CMSIS Pack Vendor :STMicroelectronics FP-SNS-STBOX1 2.0.0
2025-08-04 10:07:26,188 [INFO] ThirdParty:1030 - CMSIS Pack Vendor :STMicroelectronics X-CUBE-MEMS1 11.2.0
2025-08-04 10:07:26,188 [INFO] ThirdParty:1030 - CMSIS Pack Vendor :STMicroelectronics FreeRTOS 0.0.1
2025-08-04 10:07:26,189 [INFO] ThirdParty:1030 - CMSIS Pack Vendor :STMicroelectronics X-CUBE-AZRTOS-G0 1.1.0
2025-08-04 10:07:26,189 [INFO] ThirdParty:1030 - CMSIS Pack Vendor :STMicroelectronics X-CUBE-SAFEA1 1.2.2
2025-08-04 10:07:26,189 [INFO] ThirdParty:1030 - CMSIS Pack Vendor :STMicroelectronics X-CUBE-NFC4 3.0.0
2025-08-04 10:07:26,189 [INFO] ThirdParty:1030 - CMSIS Pack Vendor :STMicroelectronics X-CUBE-SUBG2 5.0.0
2025-08-04 10:07:26,189 [INFO] ThirdParty:1030 - CMSIS Pack Vendor :STMicroelectronics X-CUBE-AZRTOS-H7RS 1.1.0
2025-08-04 10:07:26,189 [INFO] ThirdParty:1030 - CMSIS Pack Vendor :STMicroelectronics STM32_WPAN 1.0.0
2025-08-04 10:07:26,189 [INFO] ThirdParty:1030 - CMSIS Pack Vendor :EmbeddedOffice I-CUBE-FS-RTOS 1.0.1
2025-08-04 10:07:26,189 [INFO] ThirdParty:1030 - CMSIS Pack Vendor :STMicroelectronics lwIP 2.0.3
2025-08-04 10:07:26,189 [INFO] ThirdParty:1030 - CMSIS Pack Vendor :Cesanta I-CUBE-Mongoose 7.13.0
2025-08-04 10:07:26,189 [INFO] ThirdParty:1030 - CMSIS Pack Vendor :STMicroelectronics USB_HOST 1.0.0
2025-08-04 10:07:26,189 [INFO] ThirdParty:1030 - CMSIS Pack Vendor :Infineon AIROC-Wi-Fi-Bluetooth-STM32 1.7.0
2025-08-04 10:07:26,189 [INFO] ThirdParty:1030 - CMSIS Pack Vendor :STMicroelectronics X-CUBE-AZRTOS-G4 2.0.0
2025-08-04 10:07:26,189 [INFO] ThirdParty:1030 - CMSIS Pack Vendor :STMicroelectronics X-CUBE-WB05N 2.0.0
2025-08-04 10:07:26,189 [INFO] ThirdParty:1030 - CMSIS Pack Vendor :STMicroelectronics PDM2PCM 3.1.0
2025-08-04 10:07:26,189 [INFO] ThirdParty:1030 - CMSIS Pack Vendor :STMicroelectronics PDM2PCM 3.3.0
2025-08-04 10:07:26,189 [INFO] ThirdParty:1030 - CMSIS Pack Vendor :wolfSSL I-CUBE-wolfTPM 3.8.0
2025-08-04 10:07:26,189 [INFO] ThirdParty:1030 - CMSIS Pack Vendor :STMicroelectronics X-CUBE-AZRTOS-H7 3.4.0
2025-08-04 10:07:26,189 [INFO] ThirdParty:1030 - CMSIS Pack Vendor :STMicroelectronics X-CUBE-DISPLAY 3.0.0
2025-08-04 10:07:26,189 [INFO] ThirdParty:1030 - CMSIS Pack Vendor :wolfSSL I-CUBE-wolfSSH 1.4.20
2025-08-04 10:07:26,189 [INFO] ThirdParty:1030 - CMSIS Pack Vendor :STMicroelectronics X-CUBE-NFC7 2.0.0
2025-08-04 10:07:26,189 [INFO] ThirdParty:1030 - CMSIS Pack Vendor :STMicroelectronics X-CUBE-TCPP 4.2.0
2025-08-04 10:07:26,189 [INFO] ThirdParty:1030 - CMSIS Pack Vendor :RealThread X-CUBE-RT-Thread_Nano 4.1.1
2025-08-04 10:07:26,189 [INFO] ThirdParty:1030 - CMSIS Pack Vendor :STMicroelectronics FP-ATR-SIGFOX1 3.2.0
2025-08-04 10:07:26,189 [INFO] ThirdParty:1030 - CMSIS Pack Vendor :STMicroelectronics X-CUBE-NFC10 1.0.0
2025-08-04 10:07:26,189 [INFO] ThirdParty:1030 - CMSIS Pack Vendor :STMicroelectronics X-CUBE-BLEMGR 4.0.0
2025-08-04 10:07:26,189 [INFO] ThirdParty:1030 - CMSIS Pack Vendor :STMicroelectronics X-CUBE-EEPRMA1 5.1.0
2025-08-04 10:07:26,189 [INFO] ThirdParty:1030 - CMSIS Pack Vendor :STMicroelectronics X-CUBE-FREERTOS 1.3.1
2025-08-04 10:07:26,189 [INFO] ThirdParty:1030 - CMSIS Pack Vendor :STMicroelectronics HAL Drivers 0.0.0
2025-08-04 10:07:26,189 [INFO] ThirdParty:1030 - CMSIS Pack Vendor :STMicroelectronics MBEDTLS 2.16.2
2025-08-04 10:07:26,189 [INFO] ThirdParty:1030 - CMSIS Pack Vendor :STMicroelectronics X-CUBE-IPS 3.1.0
2025-08-04 10:07:26,191 [INFO] ThirdParty:1030 - CMSIS Pack Vendor :STMicroelectronics X-CUBE-ALS 1.0.2
2025-08-04 10:07:26,191 [INFO] ThirdParty:1030 - CMSIS Pack Vendor :emotas I-CUBE-CANOPEN 1.3.0
2025-08-04 10:07:26,191 [INFO] ThirdParty:1030 - CMSIS Pack Vendor :STMicroelectronics MBEDTLS 2.14.1
2025-08-04 10:07:26,191 [INFO] ThirdParty:1030 - CMSIS Pack Vendor :ITTIA_DB I-CUBE-ITTIADB 8.9.0
2025-08-04 10:07:26,191 [INFO] ThirdParty:1030 - CMSIS Pack Vendor :portGmbH I-Cube-SoM-uGOAL 1.1.0
2025-08-04 10:07:26,191 [INFO] ThirdParty:1030 - CMSIS Pack Vendor :quantropi X-CUBE-qispace-sdk-base 2.0.0
2025-08-04 10:07:26,191 [INFO] ThirdParty:1030 - CMSIS Pack Vendor :STMicroelectronics X-CUBE-ST67W61 1.0.0
2025-08-04 10:07:26,191 [INFO] ThirdParty:1030 - CMSIS Pack Vendor :STMicroelectronics X-CUBE-AI 10.2.0
2025-08-04 10:07:26,191 [INFO] ThirdParty:1030 - CMSIS Pack Vendor :STMicroelectronics FP-SNS-STAIOTCFT 1.0.0
2025-08-04 10:07:26,191 [INFO] ThirdParty:1030 - CMSIS Pack Vendor :STMicroelectronics ThreadX 1.0.0
2025-08-04 10:07:26,192 [INFO] ThirdParty:1030 - CMSIS Pack Vendor :STMicroelectronics FP-SNS-SMARTAG2 1.2.0
2025-08-04 10:07:26,192 [INFO] ThirdParty:1030 - CMSIS Pack Vendor :STMicroelectronics FP-SNS-FLIGHT1 5.1.0
2025-08-04 10:07:26,192 [INFO] ThirdParty:1030 - CMSIS Pack Vendor :STMicroelectronics X-CUBE-AZRTOS-WL 2.0.0
2025-08-04 10:07:26,192 [INFO] ThirdParty:1030 - CMSIS Pack Vendor :SEGGER I-CUBE-embOS 1.3.1
2025-08-04 10:07:26,192 [INFO] ThirdParty:1030 - CMSIS Pack Vendor :STMicroelectronics X-CUBE-ALGOBUILD 1.4.0
2025-08-04 10:07:26,192 [INFO] ThirdParty:1030 - CMSIS Pack Vendor :STMicroelectronics X-CUBE-DPower 1.3.0
2025-08-04 10:07:26,192 [INFO] ThirdParty:1030 - CMSIS Pack Vendor :STMicroelectronics X-CUBE-MEMS1 11.3.0
2025-08-04 10:07:26,192 [INFO] ThirdParty:1030 - CMSIS Pack Vendor :STMicroelectronics FP-SNS-MOTENV1 5.0.0
2025-08-04 10:07:26,192 [INFO] ThirdParty:1030 - CMSIS Pack Vendor :STMicroelectronics USB_DEVICE 1.0.0
2025-08-04 10:07:26,192 [INFO] ThirdParty:1030 - CMSIS Pack Vendor :STMicroelectronics X-CUBE-AZRTOS-L4 2.0.0
2025-08-04 10:07:26,192 [INFO] ThirdParty:1030 - CMSIS Pack Vendor :STMicroelectronics ThreadX 0.0.2
2025-08-04 10:07:26,192 [INFO] ThirdParty:1030 - CMSIS Pack Vendor :WES I-CUBE-Cesium 1.3.0
2025-08-04 10:07:26,192 [INFO] ThirdParty:1030 - CMSIS Pack Vendor :STMicroelectronics lwIP 2.1.2
2025-08-04 10:07:26,192 [INFO] ThirdParty:1030 - CMSIS Pack Vendor :STMicroelectronics X-CUBE-SFXS2LP1 4.0.0
2025-08-04 10:07:26,192 [INFO] ThirdParty:1030 - CMSIS Pack Vendor :STMicroelectronics X-CUBE-BLE2 3.3.0
2025-08-04 10:07:26,192 [INFO] ThirdParty:1030 - CMSIS Pack Vendor :STMicroelectronics X-CUBE-TOF1 3.4.3
2025-08-04 10:07:26,192 [INFO] ThirdParty:1030 - CMSIS Pack Vendor :STMicroelectronics PDM2PCM 3.2.0
2025-08-04 10:07:26,193 [INFO] ThirdParty:841 - exiting critical section [change project]
2025-08-04 10:07:26,696 [INFO] PinOutPanel:1589 - setPackage(No Configuration,No Configuration)
2025-08-04 10:07:26,699 [INFO] PinOutPanel:1589 - setPackage(STM32G071RBTx,LQFP64)
2025-08-04 10:07:27,367 [INFO] UtilMem:75 - Before build in PCC Used Memory: 861993528 Bytes (1073741824)
2025-08-04 10:07:28,013 [INFO] UtilMem:75 - After build in PCC Used Memory: 939061816 Bytes (1073741824)
2025-08-04 10:07:28,038 [INFO] IPUIPlugin:80 - create IPUIPlugin
2025-08-04 10:07:28,039 [INFO] IPUIPlugin:80 - create IPUIPlugin
2025-08-04 10:07:28,039 [INFO] IPUIPlugin:80 - create IPUIPlugin
2025-08-04 10:07:28,039 [INFO] IPUIPlugin:80 - create IPUIPlugin
2025-08-04 10:07:28,040 [INFO] IPUIPlugin:80 - create IPUIPlugin
2025-08-04 10:07:28,040 [INFO] IPUIPlugin:80 - create IPUIPlugin
2025-08-04 10:07:28,040 [INFO] IPUIPlugin:80 - create IPUIPlugin
2025-08-04 10:07:28,040 [INFO] IPUIPlugin:80 - create IPUIPlugin
2025-08-04 10:07:28,040 [INFO] IPUIPlugin:80 - create IPUIPlugin
2025-08-04 10:07:28,041 [INFO] IPUIPlugin:80 - create IPUIPlugin
2025-08-04 10:07:28,041 [INFO] IPUIPlugin:80 - create IPUIPlugin
2025-08-04 10:07:28,041 [INFO] IPUIPlugin:80 - create IPUIPlugin
2025-08-04 10:07:28,041 [INFO] IPUIPlugin:80 - create IPUIPlugin
2025-08-04 10:07:28,041 [INFO] IPUIPlugin:80 - create IPUIPlugin
2025-08-04 10:07:28,042 [INFO] IPUIPlugin:80 - create IPUIPlugin
2025-08-04 10:07:28,042 [INFO] IPUIPlugin:80 - create IPUIPlugin
2025-08-04 10:07:28,042 [INFO] IPUIPlugin:80 - create IPUIPlugin
2025-08-04 10:07:28,042 [INFO] IPUIPlugin:80 - create IPUIPlugin
2025-08-04 10:07:28,042 [INFO] IPUIPlugin:80 - create IPUIPlugin
2025-08-04 10:07:28,042 [INFO] IPUIPlugin:80 - create IPUIPlugin
2025-08-04 10:07:28,043 [INFO] IPUIPlugin:80 - create IPUIPlugin
2025-08-04 10:07:28,043 [INFO] IPUIPlugin:80 - create IPUIPlugin
2025-08-04 10:07:28,043 [INFO] IPUIPlugin:80 - create IPUIPlugin
2025-08-04 10:07:28,043 [INFO] IPUIPlugin:80 - create IPUIPlugin
2025-08-04 10:07:28,043 [INFO] IPUIPlugin:80 - create IPUIPlugin
2025-08-04 10:07:28,043 [INFO] IPUIPlugin:80 - create IPUIPlugin
2025-08-04 10:07:28,043 [INFO] IPUIPlugin:80 - create IPUIPlugin
2025-08-04 10:07:28,044 [INFO] IPUIPlugin:80 - create IPUIPlugin
2025-08-04 10:07:28,044 [INFO] IPUIPlugin:80 - create IPUIPlugin
2025-08-04 10:07:28,044 [INFO] IPUIPlugin:80 - create IPUIPlugin
2025-08-04 10:07:28,044 [INFO] IPUIPlugin:80 - create IPUIPlugin
2025-08-04 10:07:28,044 [INFO] IPUIPlugin:80 - create IPUIPlugin
2025-08-04 10:07:28,044 [INFO] IPUIPlugin:80 - create IPUIPlugin
2025-08-04 10:07:28,044 [INFO] IPUIPlugin:80 - create IPUIPlugin
2025-08-04 10:07:28,044 [INFO] IPUIPlugin:80 - create IPUIPlugin
2025-08-04 10:07:28,045 [INFO] IPUIPlugin:80 - create IPUIPlugin
2025-08-04 10:07:28,045 [INFO] IPUIPlugin:80 - create IPUIPlugin
2025-08-04 10:07:28,045 [INFO] IPUIPlugin:80 - create IPUIPlugin
2025-08-04 10:07:28,045 [INFO] IPUIPlugin:80 - create IPUIPlugin
2025-08-04 10:07:28,046 [INFO] IPUIPlugin:80 - create IPUIPlugin
2025-08-04 10:07:28,046 [INFO] IPUIPlugin:80 - create IPUIPlugin
2025-08-04 10:07:28,046 [INFO] IPUIPlugin:80 - create IPUIPlugin
2025-08-04 10:07:28,046 [INFO] IPUIPlugin:80 - create IPUIPlugin
2025-08-04 10:07:28,074 [INFO] CADModel:165 - CPN selected for project levelSTM32G071RBT6
2025-08-04 10:07:28,074 [INFO] CADModel:114 - Register for checkConnection events
2025-08-04 10:07:28,122 [INFO] OpenFileManager:385 - Restore cursor
2025-08-04 10:07:29,191 [INFO] UtilMem:75 - End SaveConfig() Used Memory: 878072528 Bytes (1073741824)
2025-08-04 10:07:29,278 [INFO] UtilMem:75 - End SaveConfig() Used Memory: 894849984 Bytes (1073741824)
2025-08-04 10:07:29,451 [INFO] BlockDiagram:2775 - set Specific Code input for plugin: NVIC
2025-08-04 10:07:29,451 [INFO] BlockDiagram:2775 - set Specific Code input for plugin: USART
2025-08-04 10:07:29,452 [INFO] BlockDiagram:2775 - set Specific Code input for plugin: SYS
2025-08-04 10:07:29,453 [INFO] BlockDiagram:2775 - set Specific Code input for plugin: GPIO
2025-08-04 10:07:29,453 [INFO] BlockDiagram:2775 - set Specific Code input for plugin: RCC
2025-08-04 10:07:29,454 [INFO] CodeGenerator:882 - code generatio: config db path: C:\Users\Oguzm\Downloads\STM32CubeIDE_1.18.1\STM32CubeIDE\plugins\com.st.stm32cube.common.mx_6.14.1.202504091515\\db\
2025-08-04 10:07:29,647 [INFO] CodeEngine:263 - oldGeneratedFile, C:\Users\Oguzm\STM32CubeIDE\TEI_Projects\I2C\MXTmpFiles\license.tmp_save
2025-08-04 10:07:29,775 [INFO] CodeEngine:287 - Generated code: C:\Users\Oguzm\STM32CubeIDE\TEI_Projects\I2C\MXTmpFiles\license.tmp
2025-08-04 10:07:29,835 [INFO] CodeEngine:263 - oldGeneratedFile, C:\Users\Oguzm\STM32CubeIDE\TEI_Projects\I2C\MXTmpFiles\gpio.tmp_save
2025-08-04 10:07:29,932 [INFO] CodeEngine:287 - Generated code: C:\Users\Oguzm\STM32CubeIDE\TEI_Projects\I2C\MXTmpFiles\gpio.tmp
2025-08-04 10:07:30,009 [INFO] CodeEngine:263 - oldGeneratedFile, C:\Users\Oguzm\STM32CubeIDE\TEI_Projects\I2C\Core\Src\stm32g0xx_it.c_save
2025-08-04 10:07:30,210 [INFO] CodeEngine:287 - Generated code: C:\Users\Oguzm\STM32CubeIDE\TEI_Projects\I2C\Core\Src\stm32g0xx_it.c
2025-08-04 10:07:30,216 [INFO] CodeEngine:263 - oldGeneratedFile, C:\Users\Oguzm\STM32CubeIDE\TEI_Projects\I2C\Core\Inc\stm32g0xx_it.h_save
2025-08-04 10:07:30,288 [INFO] CodeEngine:287 - Generated code: C:\Users\Oguzm\STM32CubeIDE\TEI_Projects\I2C\Core\Inc\stm32g0xx_it.h
2025-08-04 10:07:30,304 [INFO] CodeEngine:263 - oldGeneratedFile, C:\Users\Oguzm\STM32CubeIDE\TEI_Projects\I2C\Core\Src\stm32g0xx_hal_msp.c_save
2025-08-04 10:07:30,438 [INFO] CodeEngine:287 - Generated code: C:\Users\Oguzm\STM32CubeIDE\TEI_Projects\I2C\Core\Src\stm32g0xx_hal_msp.c
2025-08-04 10:07:30,444 [INFO] CodeEngine:263 - oldGeneratedFile, C:\Users\Oguzm\STM32CubeIDE\TEI_Projects\I2C\MXTmpFiles\system.tmp_save
2025-08-04 10:07:30,502 [INFO] CodeEngine:287 - Generated code: C:\Users\Oguzm\STM32CubeIDE\TEI_Projects\I2C\MXTmpFiles\system.tmp
2025-08-04 10:07:30,513 [INFO] CodeEngine:319 - oldGeneratedFile, C:\Users\Oguzm\STM32CubeIDE\TEI_Projects\I2C\Core\Inc\stm32g0xx_hal_conf.h_save
2025-08-04 10:07:30,571 [INFO] CodeEngine:343 - Generated code: C:\Users\Oguzm\STM32CubeIDE\TEI_Projects\I2C\Core\Inc\stm32g0xx_hal_conf.h
2025-08-04 10:07:30,603 [INFO] ApiDbMcu:508 - Load IP Config File for USART2
2025-08-04 10:07:30,605 [INFO] ApiDbMcu:508 - Load IP Config File for RCC
2025-08-04 10:07:30,617 [INFO] CodeEngine:263 - oldGeneratedFile, C:\Users\Oguzm\STM32CubeIDE\TEI_Projects\I2C\Core\Inc\main.h_save
2025-08-04 10:07:30,703 [INFO] CodeEngine:287 - Generated code: C:\Users\Oguzm\STM32CubeIDE\TEI_Projects\I2C\Core\Inc\main.h
2025-08-04 10:07:30,708 [INFO] CodeEngine:263 - oldGeneratedFile, C:\Users\Oguzm\STM32CubeIDE\TEI_Projects\I2C\Core\Src\main.c_save
2025-08-04 10:07:30,805 [INFO] CodeEngine:287 - Generated code: C:\Users\Oguzm\STM32CubeIDE\TEI_Projects\I2C\Core\Src\main.c
2025-08-04 10:07:31,209 [INFO] ProjectBuilder:3324 - Time for Copy HAL[1] : 180mS.
2025-08-04 10:07:31,214 [INFO] ProjectBuilder:4912 - Project Generator version: 4.6.0.1-B1
2025-08-04 10:07:31,296 [INFO] ConfigFileManager:1590 - The Die is : DIE460
2025-08-04 10:07:31,299 [INFO] ApiDbMcu:508 - Load IP Config File for FATFS
2025-08-04 10:07:31,308 [INFO] ApiDbMcu:508 - Load IP Config File for FREERTOS
2025-08-04 10:07:31,317 [INFO] ApiDbMcu:508 - Load IP Config File for USBPD
2025-08-04 10:07:34,736 [INFO] ProjectBuilder:5191 - Time for Generating toolchain IDE Files: 3522mS.
2025-08-04 10:07:34,742 [INFO] ProjectBuilder:3181 - Time for Copy CMSIS : 5mS.
2025-08-04 10:07:34,748 [INFO] ProjectBuilder:3181 - Time for Copy CMSIS : 0mS.
2025-08-04 10:07:35,909 [INFO] McuFinderGlobals:76 - Set McuFinderConnectedMode to true
2025-08-04 10:07:35,916 [INFO] ApiDb:448 - Save user favorites file C:\Users\Oguzm/.stm32cubeide/favorites.mcus.txt: 0 item(s)
2025-08-04 10:07:35,916 [INFO] ApiDb:452 - User favorites MCUs=[]
2025-08-04 10:07:35,920 [INFO] ApiDb:448 - Save user favorites file C:\Users\Oguzm/.stm32cubeide/favorites.boards.txt: 1 item(s)
2025-08-04 10:07:35,920 [INFO] ApiDb:452 - User favorites Boards=[NUCLEO-G071RB]
2025-08-04 10:07:56,091 [INFO] I2cTimingTraitement:330 - 0x00503D58
2025-08-04 10:08:24,822 [INFO] UtilMem:75 - End SaveConfig() Used Memory: 922369408 Bytes (1073741824)
2025-08-04 10:08:26,094 [INFO] UtilMem:75 - End SaveConfig() Used Memory: 961802728 Bytes (1073741824)
2025-08-04 10:08:26,540 [INFO] UtilMem:75 - End SaveConfig() Used Memory: 989478272 Bytes (1073741824)
2025-08-04 10:08:27,219 [INFO] BlockDiagram:2775 - set Specific Code input for plugin: NVIC
2025-08-04 10:08:27,219 [INFO] BlockDiagram:2775 - set Specific Code input for plugin: USART
2025-08-04 10:08:27,219 [INFO] BlockDiagram:2775 - set Specific Code input for plugin: SYS
2025-08-04 10:08:27,219 [INFO] BlockDiagram:2775 - set Specific Code input for plugin: GPIO
2025-08-04 10:08:27,219 [INFO] BlockDiagram:2775 - set Specific Code input for plugin: RCC
2025-08-04 10:08:27,219 [INFO] BlockDiagram:2775 - set Specific Code input for plugin: I2C
2025-08-04 10:08:27,222 [INFO] CodeGenerator:882 - code generatio: config db path: C:\Users\Oguzm\Downloads\STM32CubeIDE_1.18.1\STM32CubeIDE\plugins\com.st.stm32cube.common.mx_6.14.1.202504091515\\db\
2025-08-04 10:08:27,373 [INFO] CodeEngine:263 - oldGeneratedFile, C:\Users\Oguzm\STM32CubeIDE\TEI_Projects\I2C\MXTmpFiles\license.tmp_save
2025-08-04 10:08:27,764 [INFO] CodeEngine:287 - Generated code: C:\Users\Oguzm\STM32CubeIDE\TEI_Projects\I2C\MXTmpFiles\license.tmp
2025-08-04 10:08:27,887 [INFO] CodeEngine:263 - oldGeneratedFile, C:\Users\Oguzm\STM32CubeIDE\TEI_Projects\I2C\MXTmpFiles\gpio.tmp_save
2025-08-04 10:08:28,113 [INFO] CodeEngine:287 - Generated code: C:\Users\Oguzm\STM32CubeIDE\TEI_Projects\I2C\MXTmpFiles\gpio.tmp
2025-08-04 10:08:28,520 [INFO] CodeEngine:263 - oldGeneratedFile, C:\Users\Oguzm\STM32CubeIDE\TEI_Projects\I2C\Core\Src\stm32g0xx_it.c_save
2025-08-04 10:08:28,734 [INFO] CodeEngine:287 - Generated code: C:\Users\Oguzm\STM32CubeIDE\TEI_Projects\I2C\Core\Src\stm32g0xx_it.c
2025-08-04 10:08:28,742 [INFO] CodeEngine:263 - oldGeneratedFile, C:\Users\Oguzm\STM32CubeIDE\TEI_Projects\I2C\Core\Inc\stm32g0xx_it.h_save
2025-08-04 10:08:28,913 [INFO] CodeEngine:287 - Generated code: C:\Users\Oguzm\STM32CubeIDE\TEI_Projects\I2C\Core\Inc\stm32g0xx_it.h
2025-08-04 10:08:28,938 [INFO] CodeEngine:263 - oldGeneratedFile, C:\Users\Oguzm\STM32CubeIDE\TEI_Projects\I2C\Core\Src\stm32g0xx_hal_msp.c_save
2025-08-04 10:08:29,231 [INFO] CodeEngine:287 - Generated code: C:\Users\Oguzm\STM32CubeIDE\TEI_Projects\I2C\Core\Src\stm32g0xx_hal_msp.c
2025-08-04 10:08:29,238 [INFO] CodeEngine:263 - oldGeneratedFile, C:\Users\Oguzm\STM32CubeIDE\TEI_Projects\I2C\MXTmpFiles\system.tmp_save
2025-08-04 10:08:29,409 [INFO] CodeEngine:287 - Generated code: C:\Users\Oguzm\STM32CubeIDE\TEI_Projects\I2C\MXTmpFiles\system.tmp
2025-08-04 10:08:29,434 [INFO] CodeEngine:319 - oldGeneratedFile, C:\Users\Oguzm\STM32CubeIDE\TEI_Projects\I2C\Core\Inc\stm32g0xx_hal_conf.h_save
2025-08-04 10:08:29,607 [INFO] CodeEngine:343 - Generated code: C:\Users\Oguzm\STM32CubeIDE\TEI_Projects\I2C\Core\Inc\stm32g0xx_hal_conf.h
2025-08-04 10:08:29,663 [INFO] ApiDbMcu:508 - Load IP Config File for I2C1
2025-08-04 10:08:29,679 [INFO] CodeEngine:263 - oldGeneratedFile, C:\Users\Oguzm\STM32CubeIDE\TEI_Projects\I2C\Core\Inc\main.h_save
2025-08-04 10:08:29,858 [INFO] CodeEngine:287 - Generated code: C:\Users\Oguzm\STM32CubeIDE\TEI_Projects\I2C\Core\Inc\main.h
2025-08-04 10:08:29,869 [INFO] CodeEngine:263 - oldGeneratedFile, C:\Users\Oguzm\STM32CubeIDE\TEI_Projects\I2C\Core\Src\main.c_save
2025-08-04 10:08:30,083 [INFO] CodeEngine:287 - Generated code: C:\Users\Oguzm\STM32CubeIDE\TEI_Projects\I2C\Core\Src\main.c
2025-08-04 10:08:30,694 [INFO] ProjectBuilder:3324 - Time for Copy HAL[1] : 327mS.
2025-08-04 10:08:30,699 [INFO] ProjectBuilder:4912 - Project Generator version: 4.6.0.1-B1
2025-08-04 10:08:30,828 [INFO] ConfigFileManager:1590 - The Die is : DIE460
2025-08-04 10:08:32,690 [INFO] ProjectBuilder:5191 - Time for Generating toolchain IDE Files: 1990mS.
2025-08-04 10:08:32,692 [INFO] ProjectBuilder:3181 - Time for Copy CMSIS : 1mS.
2025-08-04 10:08:32,697 [INFO] ProjectBuilder:3181 - Time for Copy CMSIS : 0mS.
2025-08-04 10:08:45,643 [INFO] I2cTimingTraitement:330 - 0x00503D58
2025-08-04 10:20:31,331 [INFO] I2cTimingTraitement:330 - 0x00503D58
2025-08-04 10:20:32,963 [INFO] UtilMem:75 - End SaveConfig() Used Memory: 813584976 Bytes (1073741824)
2025-08-04 10:20:35,571 [INFO] UtilMem:75 - End SaveConfig() Used Memory: 965763752 Bytes (1073741824)
2025-08-04 10:20:36,145 [INFO] ProjectBuilder:2368 - IP not ready for code generation: Clock
2025-08-04 10:20:49,038 [INFO] UtilMem:75 - End SaveConfig() Used Memory: 743204136 Bytes (1073741824)
2025-08-04 10:20:49,103 [INFO] I2cTimingTraitement:330 - 0x00B07CB4
2025-08-04 10:20:54,861 [INFO] UtilMem:75 - End SaveConfig() Used Memory: 722872168 Bytes (1073741824)
2025-08-04 10:20:55,549 [INFO] UtilMem:75 - End SaveConfig() Used Memory: 989210472 Bytes (1073741824)
2025-08-04 10:20:55,748 [INFO] ProjectBuilder:2368 - IP not ready for code generation: Clock
2025-08-04 10:21:15,889 [INFO] I2cTimingTraitement:330 - 0x10B17DB5
2025-08-04 10:21:21,227 [INFO] I2cTimingTraitement:330 - 0x10B17DB5
2025-08-04 10:21:24,896 [INFO] UtilMem:75 - End SaveConfig() Used Memory: 948626280 Bytes (1073741824)
2025-08-04 10:21:26,067 [INFO] UtilMem:75 - End SaveConfig() Used Memory: 982180712 Bytes (1073741824)
2025-08-04 10:21:26,408 [INFO] UtilMem:75 - End SaveConfig() Used Memory: 1010492264 Bytes (1073741824)
2025-08-04 10:21:26,567 [INFO] BlockDiagram:2775 - set Specific Code input for plugin: NVIC
2025-08-04 10:21:26,567 [INFO] BlockDiagram:2775 - set Specific Code input for plugin: USART
2025-08-04 10:21:26,567 [INFO] BlockDiagram:2775 - set Specific Code input for plugin: SYS
2025-08-04 10:21:26,568 [INFO] BlockDiagram:2775 - set Specific Code input for plugin: GPIO
2025-08-04 10:21:26,568 [INFO] BlockDiagram:2775 - set Specific Code input for plugin: RCC
2025-08-04 10:21:26,568 [INFO] BlockDiagram:2775 - set Specific Code input for plugin: I2C
2025-08-04 10:21:26,569 [INFO] CodeGenerator:882 - code generatio: config db path: C:\Users\Oguzm\Downloads\STM32CubeIDE_1.18.1\STM32CubeIDE\plugins\com.st.stm32cube.common.mx_6.14.1.202504091515\\db\
2025-08-04 10:21:26,711 [INFO] CodeEngine:263 - oldGeneratedFile, C:\Users\Oguzm\STM32CubeIDE\TEI_Projects\I2C\MXTmpFiles\license.tmp_save
2025-08-04 10:21:27,192 [INFO] CodeEngine:287 - Generated code: C:\Users\Oguzm\STM32CubeIDE\TEI_Projects\I2C\MXTmpFiles\license.tmp
2025-08-04 10:21:27,285 [INFO] CodeEngine:263 - oldGeneratedFile, C:\Users\Oguzm\STM32CubeIDE\TEI_Projects\I2C\MXTmpFiles\gpio.tmp_save
2025-08-04 10:21:27,584 [INFO] CodeEngine:287 - Generated code: C:\Users\Oguzm\STM32CubeIDE\TEI_Projects\I2C\MXTmpFiles\gpio.tmp
2025-08-04 10:21:28,047 [INFO] CodeEngine:263 - oldGeneratedFile, C:\Users\Oguzm\STM32CubeIDE\TEI_Projects\I2C\Core\Src\stm32g0xx_it.c_save
2025-08-04 10:21:28,501 [INFO] CodeEngine:287 - Generated code: C:\Users\Oguzm\STM32CubeIDE\TEI_Projects\I2C\Core\Src\stm32g0xx_it.c
2025-08-04 10:21:28,513 [INFO] CodeEngine:263 - oldGeneratedFile, C:\Users\Oguzm\STM32CubeIDE\TEI_Projects\I2C\Core\Inc\stm32g0xx_it.h_save
2025-08-04 10:21:28,688 [INFO] CodeEngine:287 - Generated code: C:\Users\Oguzm\STM32CubeIDE\TEI_Projects\I2C\Core\Inc\stm32g0xx_it.h
2025-08-04 10:21:28,714 [INFO] CodeEngine:263 - oldGeneratedFile, C:\Users\Oguzm\STM32CubeIDE\TEI_Projects\I2C\Core\Src\stm32g0xx_hal_msp.c_save
2025-08-04 10:21:29,003 [INFO] CodeEngine:287 - Generated code: C:\Users\Oguzm\STM32CubeIDE\TEI_Projects\I2C\Core\Src\stm32g0xx_hal_msp.c
2025-08-04 10:21:29,012 [INFO] CodeEngine:263 - oldGeneratedFile, C:\Users\Oguzm\STM32CubeIDE\TEI_Projects\I2C\MXTmpFiles\system.tmp_save
2025-08-04 10:21:29,165 [INFO] CodeEngine:287 - Generated code: C:\Users\Oguzm\STM32CubeIDE\TEI_Projects\I2C\MXTmpFiles\system.tmp
2025-08-04 10:21:29,186 [INFO] CodeEngine:319 - oldGeneratedFile, C:\Users\Oguzm\STM32CubeIDE\TEI_Projects\I2C\Core\Inc\stm32g0xx_hal_conf.h_save
2025-08-04 10:21:29,310 [INFO] CodeEngine:343 - Generated code: C:\Users\Oguzm\STM32CubeIDE\TEI_Projects\I2C\Core\Inc\stm32g0xx_hal_conf.h
2025-08-04 10:21:29,364 [INFO] CodeEngine:263 - oldGeneratedFile, C:\Users\Oguzm\STM32CubeIDE\TEI_Projects\I2C\Core\Inc\main.h_save
2025-08-04 10:21:29,495 [INFO] CodeEngine:287 - Generated code: C:\Users\Oguzm\STM32CubeIDE\TEI_Projects\I2C\Core\Inc\main.h
2025-08-04 10:21:29,506 [INFO] CodeEngine:263 - oldGeneratedFile, C:\Users\Oguzm\STM32CubeIDE\TEI_Projects\I2C\Core\Src\main.c_save
2025-08-04 10:21:29,695 [INFO] CodeEngine:287 - Generated code: C:\Users\Oguzm\STM32CubeIDE\TEI_Projects\I2C\Core\Src\main.c
2025-08-04 10:21:30,446 [INFO] ProjectBuilder:3324 - Time for Copy HAL[1] : 428mS.
2025-08-04 10:21:30,453 [INFO] ProjectBuilder:4912 - Project Generator version: 4.6.0.1-B1
2025-08-04 10:21:30,612 [INFO] ConfigFileManager:1590 - The Die is : DIE460
2025-08-04 10:21:31,966 [INFO] ProjectBuilder:5191 - Time for Generating toolchain IDE Files: 1512mS.
2025-08-04 10:21:31,968 [INFO] ProjectBuilder:3181 - Time for Copy CMSIS : 1mS.
2025-08-04 10:21:31,972 [INFO] ProjectBuilder:3181 - Time for Copy CMSIS : 0mS.
2025-08-04 10:22:10,765 [INFO] I2cTimingTraitement:330 - 0x00503D58
2025-08-04 10:22:12,561 [INFO] I2cTimingTraitement:330 - 0x00503D58
2025-08-04 10:22:14,736 [INFO] UtilMem:75 - End SaveConfig() Used Memory: 727437128 Bytes (1073741824)
2025-08-04 10:22:16,563 [INFO] UtilMem:75 - End SaveConfig() Used Memory: 877607736 Bytes (1073741824)
2025-08-04 10:22:16,686 [INFO] ProjectBuilder:2368 - IP not ready for code generation: Clock
2025-08-04 10:22:24,591 [INFO] I2cTimingTraitement:330 - 0x00503D58
2025-08-04 10:22:24,617 [INFO] I2cTimingTraitement:330 - 0x00503D58
2025-08-04 10:22:47,591 [INFO] I2cTimingTraitement:330 - 0x00503D58
2025-08-04 10:22:50,889 [INFO] UtilMem:75 - End SaveConfig() Used Memory: 771084936 Bytes (1073741824)
2025-08-04 10:22:52,952 [INFO] UtilMem:75 - End SaveConfig() Used Memory: 746335456 Bytes (1073741824)
2025-08-04 10:22:53,093 [INFO] BlockDiagram:2775 - set Specific Code input for plugin: NVIC
2025-08-04 10:22:53,094 [INFO] BlockDiagram:2775 - set Specific Code input for plugin: USART
2025-08-04 10:22:53,094 [INFO] BlockDiagram:2775 - set Specific Code input for plugin: SYS
2025-08-04 10:22:53,094 [INFO] BlockDiagram:2775 - set Specific Code input for plugin: GPIO
2025-08-04 10:22:53,094 [INFO] BlockDiagram:2775 - set Specific Code input for plugin: RCC
2025-08-04 10:22:53,094 [INFO] BlockDiagram:2775 - set Specific Code input for plugin: I2C
2025-08-04 10:22:53,098 [INFO] CodeGenerator:882 - code generatio: config db path: C:\Users\Oguzm\Downloads\STM32CubeIDE_1.18.1\STM32CubeIDE\plugins\com.st.stm32cube.common.mx_6.14.1.202504091515\\db\
2025-08-04 10:22:53,188 [INFO] CodeEngine:263 - oldGeneratedFile, C:\Users\Oguzm\STM32CubeIDE\TEI_Projects\I2C\MXTmpFiles\license.tmp_save
2025-08-04 10:22:53,287 [INFO] CodeEngine:287 - Generated code: C:\Users\Oguzm\STM32CubeIDE\TEI_Projects\I2C\MXTmpFiles\license.tmp
2025-08-04 10:22:53,320 [INFO] CodeEngine:263 - oldGeneratedFile, C:\Users\Oguzm\STM32CubeIDE\TEI_Projects\I2C\MXTmpFiles\gpio.tmp_save
2025-08-04 10:22:53,395 [INFO] CodeEngine:287 - Generated code: C:\Users\Oguzm\STM32CubeIDE\TEI_Projects\I2C\MXTmpFiles\gpio.tmp
2025-08-04 10:22:53,559 [INFO] CodeEngine:263 - oldGeneratedFile, C:\Users\Oguzm\STM32CubeIDE\TEI_Projects\I2C\Core\Src\stm32g0xx_it.c_save
2025-08-04 10:22:53,743 [INFO] CodeEngine:287 - Generated code: C:\Users\Oguzm\STM32CubeIDE\TEI_Projects\I2C\Core\Src\stm32g0xx_it.c
2025-08-04 10:22:53,750 [INFO] CodeEngine:263 - oldGeneratedFile, C:\Users\Oguzm\STM32CubeIDE\TEI_Projects\I2C\Core\Inc\stm32g0xx_it.h_save
2025-08-04 10:22:53,807 [INFO] CodeEngine:287 - Generated code: C:\Users\Oguzm\STM32CubeIDE\TEI_Projects\I2C\Core\Inc\stm32g0xx_it.h
2025-08-04 10:22:53,822 [INFO] CodeEngine:263 - oldGeneratedFile, C:\Users\Oguzm\STM32CubeIDE\TEI_Projects\I2C\Core\Src\stm32g0xx_hal_msp.c_save
2025-08-04 10:22:53,922 [INFO] CodeEngine:287 - Generated code: C:\Users\Oguzm\STM32CubeIDE\TEI_Projects\I2C\Core\Src\stm32g0xx_hal_msp.c
2025-08-04 10:22:53,925 [INFO] CodeEngine:263 - oldGeneratedFile, C:\Users\Oguzm\STM32CubeIDE\TEI_Projects\I2C\MXTmpFiles\system.tmp_save
2025-08-04 10:22:53,973 [INFO] CodeEngine:287 - Generated code: C:\Users\Oguzm\STM32CubeIDE\TEI_Projects\I2C\MXTmpFiles\system.tmp
2025-08-04 10:22:53,985 [INFO] CodeEngine:319 - oldGeneratedFile, C:\Users\Oguzm\STM32CubeIDE\TEI_Projects\I2C\Core\Inc\stm32g0xx_hal_conf.h_save
2025-08-04 10:22:54,055 [INFO] CodeEngine:343 - Generated code: C:\Users\Oguzm\STM32CubeIDE\TEI_Projects\I2C\Core\Inc\stm32g0xx_hal_conf.h
2025-08-04 10:22:54,081 [INFO] CodeEngine:263 - oldGeneratedFile, C:\Users\Oguzm\STM32CubeIDE\TEI_Projects\I2C\Core\Inc\main.h_save
2025-08-04 10:22:54,154 [INFO] CodeEngine:287 - Generated code: C:\Users\Oguzm\STM32CubeIDE\TEI_Projects\I2C\Core\Inc\main.h
2025-08-04 10:22:54,163 [INFO] CodeEngine:263 - oldGeneratedFile, C:\Users\Oguzm\STM32CubeIDE\TEI_Projects\I2C\Core\Src\main.c_save
2025-08-04 10:22:54,286 [INFO] CodeEngine:287 - Generated code: C:\Users\Oguzm\STM32CubeIDE\TEI_Projects\I2C\Core\Src\main.c
2025-08-04 10:22:54,821 [INFO] ProjectBuilder:3324 - Time for Copy HAL[1] : 233mS.
2025-08-04 10:22:54,826 [INFO] ProjectBuilder:4912 - Project Generator version: 4.6.0.1-B1
2025-08-04 10:22:54,950 [INFO] ConfigFileManager:1590 - The Die is : DIE460
2025-08-04 10:22:56,170 [INFO] ProjectBuilder:5191 - Time for Generating toolchain IDE Files: 1343mS.
2025-08-04 10:22:56,172 [INFO] ProjectBuilder:3181 - Time for Copy CMSIS : 2mS.
2025-08-04 10:22:56,175 [INFO] ProjectBuilder:3181 - Time for Copy CMSIS : 0mS.
2025-08-04 10:23:04,147 [INFO] I2cTimingTraitement:330 - 0x00503D58
2025-08-04 10:51:08,156 [INFO] I2cTimingTraitement:330 - 0x00503D58
2025-08-04 10:52:47,001 [INFO] WebApp:194 - Connection lost
2025-08-04 10:52:48,420 [INFO] WebApp:191 - Connection restablished
