2025-08-08 10:32:40,726 [INFO] Activator:176 - 


2025-08-08 10:32:40,731 [INFO] Activator:177 - !SESSION log4j initialized
2025-08-08 10:32:48,557 [INFO] LogOutputStream:77 - [STDOUT_REDIRECT] 
2025-08-08 10:32:50,073 [INFO] ApplicationProperties:184 - Using Application install path: C:\Users\Oguzm\Downloads\STM32CubeIDE_1.18.1\STM32CubeIDE\plugins\com.st.stm32cube.common.mx_6.14.1.202504091515
2025-08-08 10:32:50,093 [INFO] DbMcusXml:78 - Set database path to: C:\Users\Oguzm\Downloads\STM32CubeIDE_1.18.1\STM32CubeIDE\plugins\com.st.stm32cube.common.mx_6.14.1.202504091515\\db\/mcu/
2025-08-08 10:32:50,093 [INFO] ApiDb:274 - Set plugin database path to: C:\Users\Oguzm\Downloads\STM32CubeIDE_1.18.1\STM32CubeIDE\plugins\com.st.stm32cube.common.mx_6.14.1.202504091515\\db\/plugins/boardmanager/
2025-08-08 10:32:50,094 [WARN] ApiDb:259 - Overriding images path with different value:  => C:\Users\Oguzm\Downloads\STM32CubeIDE_1.18.1\STM32CubeIDE\plugins\com.st.stm32cube.common.mx_6.14.1.202504091515\\db\/plugins/mcufinder/images/
2025-08-08 10:32:50,105 [INFO] ApiDb:250 - Set database path to: C:\Users\Oguzm\.stmcufinder\plugins\mcufinder//mcu/
2025-08-08 10:32:50,108 [INFO] DbMcusAds:125 - Set database path to: C:\Users\Oguzm\.stmcufinder\plugins\mcufinder//mcu/
2025-08-08 10:32:50,110 [INFO] CrossReferenceDbSqlite:203 - Set database path to: C:\Users\Oguzm\.stmcufinder\plugins\mcufinder//mcu/cs/
2025-08-08 10:32:50,226 [INFO] RulesReader:64 - Compatibility file has been processed (302 Rules)
2025-08-08 10:32:50,396 [INFO] DbMcusXml:78 - Set database path to: C:\Users\Oguzm\Downloads\STM32CubeIDE_1.18.1\STM32CubeIDE\plugins\com.st.stm32cube.common.mx_6.14.1.202504091515\\db\/mcu/
2025-08-08 10:32:50,397 [INFO] ApiDb:274 - Set plugin database path to: C:\Users\Oguzm\Downloads\STM32CubeIDE_1.18.1\STM32CubeIDE\plugins\com.st.stm32cube.common.mx_6.14.1.202504091515\\db\/plugins/boardmanager/
2025-08-08 10:32:50,397 [INFO] ApiDb:261 - Set plugin images path to: C:\Users\Oguzm\Downloads\STM32CubeIDE_1.18.1\STM32CubeIDE\plugins\com.st.stm32cube.common.mx_6.14.1.202504091515\\db\/plugins/mcufinder/images/
2025-08-08 10:32:50,397 [WARN] DbFile:41 - Overriding database path with different value: C:\Users\Oguzm\.stmcufinder\plugins\mcufinder/ => C:\Users\Oguzm\.stmcufinder\plugins\mcufinder
2025-08-08 10:32:50,397 [INFO] ApiDb:250 - Set database path to: C:\Users\Oguzm\.stmcufinder\plugins\mcufinder//mcu/
2025-08-08 10:32:50,397 [WARN] DbFile:41 - Overriding database path with different value: C:\Users\Oguzm\.stmcufinder\plugins\mcufinder/ => C:\Users\Oguzm\.stmcufinder\plugins\mcufinder
2025-08-08 10:32:50,397 [INFO] DbMcusAds:125 - Set database path to: C:\Users\Oguzm\.stmcufinder\plugins\mcufinder//mcu/
2025-08-08 10:32:50,397 [WARN] DbFile:41 - Overriding database path with different value: C:\Users\Oguzm\.stmcufinder\plugins\mcufinder/ => C:\Users\Oguzm\.stmcufinder\plugins\mcufinder
2025-08-08 10:32:50,397 [WARN] DbFile:41 - Overriding database path with different value: C:\Users\Oguzm\.stmcufinder\plugins\mcufinder/ => C:\Users\Oguzm\.stmcufinder\plugins\mcufinder
2025-08-08 10:32:50,397 [INFO] CrossReferenceDbSqlite:203 - Set database path to: C:\Users\Oguzm\.stmcufinder\plugins\mcufinder//mcu/cs/
2025-08-08 10:32:50,490 [INFO] MainPanel:272 - HeapMemory: 268435456
2025-08-08 10:32:50,602 [INFO] DbMcusXml:78 - Set database path to: C:\Users\Oguzm\Downloads\STM32CubeIDE_1.18.1\STM32CubeIDE\plugins\com.st.stm32cube.common.mx_6.14.1.202504091515\\db\/mcu/
2025-08-08 10:32:50,603 [INFO] ApiDb:274 - Set plugin database path to: C:\Users\Oguzm\Downloads\STM32CubeIDE_1.18.1\STM32CubeIDE\plugins\com.st.stm32cube.common.mx_6.14.1.202504091515\\db\/plugins/boardmanager/
2025-08-08 10:32:50,603 [INFO] ApiDb:261 - Set plugin images path to: C:\Users\Oguzm\Downloads\STM32CubeIDE_1.18.1\STM32CubeIDE\plugins\com.st.stm32cube.common.mx_6.14.1.202504091515\\db\/plugins/mcufinder/images/
2025-08-08 10:32:50,603 [WARN] DbFile:41 - Overriding database path with different value: C:\Users\Oguzm\.stmcufinder\plugins\mcufinder/ => C:\Users\Oguzm\.stmcufinder\plugins\mcufinder
2025-08-08 10:32:50,604 [INFO] ApiDb:250 - Set database path to: C:\Users\Oguzm\.stmcufinder\plugins\mcufinder//mcu/
2025-08-08 10:32:50,604 [WARN] DbFile:41 - Overriding database path with different value: C:\Users\Oguzm\.stmcufinder\plugins\mcufinder/ => C:\Users\Oguzm\.stmcufinder\plugins\mcufinder
2025-08-08 10:32:50,604 [INFO] DbMcusAds:125 - Set database path to: C:\Users\Oguzm\.stmcufinder\plugins\mcufinder//mcu/
2025-08-08 10:32:50,604 [WARN] DbFile:41 - Overriding database path with different value: C:\Users\Oguzm\.stmcufinder\plugins\mcufinder/ => C:\Users\Oguzm\.stmcufinder\plugins\mcufinder
2025-08-08 10:32:50,604 [WARN] DbFile:41 - Overriding database path with different value: C:\Users\Oguzm\.stmcufinder\plugins\mcufinder/ => C:\Users\Oguzm\.stmcufinder\plugins\mcufinder
2025-08-08 10:32:50,604 [INFO] CrossReferenceDbSqlite:203 - Set database path to: C:\Users\Oguzm\.stmcufinder\plugins\mcufinder//mcu/cs/
2025-08-08 10:32:50,625 [INFO] ApplicationProperties:184 - Using Application install path: C:\Users\Oguzm\Downloads\STM32CubeIDE_1.18.1\STM32CubeIDE\plugins\com.st.stm32cube.common.mx_6.14.1.202504091515
2025-08-08 10:32:50,626 [INFO] PluginManage:196 - Search for loadable plugins [exclusion list=, ]
2025-08-08 10:32:50,628 [INFO] PluginManage:310 - Check plugin analytics
2025-08-08 10:32:50,805 [INFO] AnalyticsPlugin:253 - Accepted Software Licenses: 
2025-08-08 10:32:50,805 [INFO] AnalyticsPlugin:255 - Accepted CMSIS Pack Licenses: 
2025-08-08 10:32:50,805 [INFO] AnalyticsPlugin:257 - Accepted Firmware Licenses: FW.G0.1.6.0
2025-08-08 10:32:50,808 [INFO] PluginManage:359 - Loaded plugin analytics (category:tool,tabindex:-1)
2025-08-08 10:32:50,809 [INFO] PluginManage:310 - Check plugin cadmodel
2025-08-08 10:32:50,816 [INFO] CADModel:105 - Init CAD model plugin
2025-08-08 10:32:50,816 [INFO] PluginManage:359 - Loaded plugin cadmodel (category:power,tabindex:5)
2025-08-08 10:32:50,816 [INFO] PluginManage:310 - Check plugin clock
2025-08-08 10:32:50,829 [INFO] PluginManage:359 - Loaded plugin clock (category:base,tabindex:2)
2025-08-08 10:32:50,830 [INFO] PluginManage:310 - Check plugin ddr
2025-08-08 10:32:50,832 [INFO] PluginManage:359 - Loaded plugin ddr (category:tool,tabindex:6)
2025-08-08 10:32:50,832 [INFO] PluginManage:310 - Check plugin filemanager
2025-08-08 10:32:50,996 [INFO] PluginManage:359 - Loaded plugin filemanager (category:base,tabindex:10)
2025-08-08 10:32:50,997 [INFO] PluginManage:310 - Check plugin ipmanager
2025-08-08 10:32:51,004 [INFO] PluginManage:359 - Loaded plugin ipmanager (category:base,tabindex:5)
2025-08-08 10:32:51,004 [INFO] PluginManage:310 - Check plugin lpbam
2025-08-08 10:32:51,012 [INFO] PluginManage:359 - Loaded plugin lpbam (category:base,tabindex:0)
2025-08-08 10:32:51,012 [INFO] PluginManage:310 - Check plugin memorymap
2025-08-08 10:32:51,025 [INFO] PluginManage:359 - Loaded plugin memorymap (category:base,tabindex:4)
2025-08-08 10:32:51,025 [INFO] PluginManage:310 - Check plugin pinoutandconfiguration
2025-08-08 10:32:51,036 [INFO] PluginManage:359 - Loaded plugin pinoutandconfiguration (category:base,tabindex:1)
2025-08-08 10:32:51,036 [INFO] PluginManage:310 - Check plugin pinoutconfig
2025-08-08 10:32:51,125 [WARN] SupportedApi:132 - Cannot load RTOS API schema: s4s-elt-must-match.1: The content of 'definitions' must match (annotation?, (simpleType | complexType)?, (unique | key | keyref)*)). A problem was found starting at: attribute.
2025-08-08 10:32:51,254 [INFO] PluginManage:359 - Loaded plugin pinoutconfig (category:base,tabindex:0)
2025-08-08 10:32:51,255 [INFO] PluginManage:310 - Check plugin power
2025-08-08 10:32:51,266 [INFO] PluginManage:359 - Loaded plugin power (category:power,tabindex:4)
2025-08-08 10:32:51,266 [INFO] PluginManage:310 - Check plugin projectmanager
2025-08-08 10:32:51,282 [INFO] PluginManage:359 - Loaded plugin projectmanager (category:projectmanager,tabindex:4)
2025-08-08 10:32:51,282 [INFO] PluginManage:310 - Check plugin rif
2025-08-08 10:32:51,289 [INFO] PluginManage:359 - Loaded plugin rif (category:base,tabindex:3)
2025-08-08 10:32:51,290 [INFO] PluginManage:310 - Check plugin thirdparty
2025-08-08 10:32:51,446 [INFO] PluginManage:359 - Loaded plugin thirdparty (category:base,tabindex:-1)
2025-08-08 10:32:51,447 [INFO] PluginManage:310 - Check plugin tools
2025-08-08 10:32:51,446 [WARN] IntegrityCheckThread:84 - waiting for thirdparty lock release [integrity check]
2025-08-08 10:32:51,447 [INFO] IntegrityCheckThread:86 - entering critical section [integrity check]
2025-08-08 10:32:51,447 [INFO] ThirdPartyUpdaterWithRetryManager:70 - Updater plugin not ready yet. [1/15]
2025-08-08 10:32:51,450 [INFO] PluginManage:359 - Loaded plugin tools (category:base,tabindex:7)
2025-08-08 10:32:51,450 [INFO] PluginManage:310 - Check plugin tutovideos
2025-08-08 10:32:51,608 [INFO] PluginManage:359 - Loaded plugin tutovideos (category:base,tabindex:-1)
2025-08-08 10:32:51,610 [INFO] PluginManage:310 - Check plugin updater
2025-08-08 10:32:51,637 [INFO] PluginManage:359 - Loaded plugin updater (category:base,tabindex:12)
2025-08-08 10:32:51,637 [INFO] PluginManage:310 - Check plugin userauth
2025-08-08 10:32:51,643 [INFO] UserAuth:118 - Init User Auth plugin
2025-08-08 10:32:51,644 [INFO] PluginManage:359 - Loaded plugin userauth (category:base,tabindex:14)
2025-08-08 10:32:51,645 [INFO] PluginManage:283 - PluginManage : Loaded plugins [18]
2025-08-08 10:32:51,916 [INFO] PinOutPanel:1589 - setPackage(No Configuration,No Configuration)
2025-08-08 10:32:51,996 [INFO] CADModel:165 - CPN selected for project level
2025-08-08 10:32:51,996 [INFO] CADModel:114 - Register for checkConnection events
2025-08-08 10:32:52,012 [INFO] IPUIPlugin:80 - create IPUIPlugin
2025-08-08 10:32:52,013 [INFO] PluginManager:220 - loadIPPluginJar : add adc
2025-08-08 10:32:52,016 [INFO] IPUIPlugin:80 - create IPUIPlugin
2025-08-08 10:32:52,016 [INFO] PluginManager:220 - loadIPPluginJar : add aes
2025-08-08 10:32:52,018 [INFO] IPUIPlugin:80 - create IPUIPlugin
2025-08-08 10:32:52,018 [INFO] PluginManager:220 - loadIPPluginJar : add can
2025-08-08 10:32:52,019 [INFO] IPUIPlugin:80 - create IPUIPlugin
2025-08-08 10:32:52,021 [INFO] PluginManager:220 - loadIPPluginJar : add comp
2025-08-08 10:32:52,023 [INFO] IPUIPlugin:80 - create IPUIPlugin
2025-08-08 10:32:52,023 [INFO] PluginManager:220 - loadIPPluginJar : add cryp
2025-08-08 10:32:52,026 [INFO] IPUIPlugin:80 - create IPUIPlugin
2025-08-08 10:32:52,026 [INFO] PluginManager:220 - loadIPPluginJar : add ddr_ctrl_phy
2025-08-08 10:32:52,029 [INFO] IPUIPlugin:80 - create IPUIPlugin
2025-08-08 10:32:52,029 [INFO] PluginManager:220 - loadIPPluginJar : add dfsdm
2025-08-08 10:32:52,033 [INFO] IPUIPlugin:80 - create IPUIPlugin
2025-08-08 10:32:52,033 [INFO] PluginManager:220 - loadIPPluginJar : add dma
2025-08-08 10:32:52,035 [INFO] IPUIPlugin:80 - create IPUIPlugin
2025-08-08 10:32:52,036 [INFO] PluginManager:220 - loadIPPluginJar : add dma3
2025-08-08 10:32:52,038 [INFO] IPUIPlugin:80 - create IPUIPlugin
2025-08-08 10:32:52,038 [INFO] PluginManager:220 - loadIPPluginJar : add extmemmanager
2025-08-08 10:32:52,040 [INFO] IPUIPlugin:80 - create IPUIPlugin
2025-08-08 10:32:52,040 [INFO] PluginManager:220 - loadIPPluginJar : add fatfs
2025-08-08 10:32:52,044 [INFO] IPUIPlugin:80 - create IPUIPlugin
2025-08-08 10:32:52,044 [INFO] PluginManager:220 - loadIPPluginJar : add fmc
2025-08-08 10:32:52,049 [INFO] IPUIPlugin:80 - create IPUIPlugin
2025-08-08 10:32:52,049 [INFO] PluginManager:220 - loadIPPluginJar : add freertos
2025-08-08 10:32:52,051 [INFO] IPUIPlugin:80 - create IPUIPlugin
2025-08-08 10:32:52,051 [INFO] PluginManager:220 - loadIPPluginJar : add genericplugin
2025-08-08 10:32:52,053 [INFO] IPUIPlugin:80 - create IPUIPlugin
2025-08-08 10:32:52,054 [INFO] PluginManager:220 - loadIPPluginJar : add gfxmmu
2025-08-08 10:32:52,059 [INFO] IPUIPlugin:80 - create IPUIPlugin
2025-08-08 10:32:52,060 [INFO] PluginManager:220 - loadIPPluginJar : add gic
2025-08-08 10:32:52,064 [INFO] IPUIPlugin:80 - create IPUIPlugin
2025-08-08 10:32:52,064 [INFO] PluginManager:220 - loadIPPluginJar : add gpio
2025-08-08 10:32:52,068 [INFO] IPUIPlugin:80 - create IPUIPlugin
2025-08-08 10:32:52,068 [INFO] PluginManager:220 - loadIPPluginJar : add gtzc
2025-08-08 10:32:52,071 [INFO] IPUIPlugin:80 - create IPUIPlugin
2025-08-08 10:32:52,072 [INFO] PluginManager:220 - loadIPPluginJar : add hash
2025-08-08 10:32:52,075 [INFO] IPUIPlugin:80 - create IPUIPlugin
2025-08-08 10:32:52,075 [INFO] PluginManager:220 - loadIPPluginJar : add i2c
2025-08-08 10:32:52,079 [INFO] IPUIPlugin:80 - create IPUIPlugin
2025-08-08 10:32:52,079 [INFO] PluginManager:220 - loadIPPluginJar : add i2s
2025-08-08 10:32:52,082 [INFO] IPUIPlugin:80 - create IPUIPlugin
2025-08-08 10:32:52,083 [INFO] PluginManager:220 - loadIPPluginJar : add i3c
2025-08-08 10:32:52,087 [INFO] IPUIPlugin:80 - create IPUIPlugin
2025-08-08 10:32:52,087 [INFO] PluginManager:220 - loadIPPluginJar : add ipddr
2025-08-08 10:32:52,095 [INFO] IPUIPlugin:80 - create IPUIPlugin
2025-08-08 10:32:52,095 [INFO] PluginManager:220 - loadIPPluginJar : add linkedlist
2025-08-08 10:32:52,100 [INFO] IPUIPlugin:80 - create IPUIPlugin
2025-08-08 10:32:52,100 [INFO] PluginManager:220 - loadIPPluginJar : add lorawan
2025-08-08 10:32:52,102 [INFO] IPUIPlugin:80 - create IPUIPlugin
2025-08-08 10:32:52,102 [INFO] PluginManager:220 - loadIPPluginJar : add ltdc
2025-08-08 10:32:52,108 [INFO] IPUIPlugin:80 - create IPUIPlugin
2025-08-08 10:32:52,108 [INFO] PluginManager:220 - loadIPPluginJar : add mdma
2025-08-08 10:32:52,112 [INFO] IPUIPlugin:80 - create IPUIPlugin
2025-08-08 10:32:52,112 [INFO] PluginManager:220 - loadIPPluginJar : add nvic
2025-08-08 10:32:52,115 [INFO] IPUIPlugin:80 - create IPUIPlugin
2025-08-08 10:32:52,115 [INFO] PluginManager:220 - loadIPPluginJar : add opamp
2025-08-08 10:32:52,119 [INFO] IPUIPlugin:80 - create IPUIPlugin
2025-08-08 10:32:52,119 [INFO] PluginManager:220 - loadIPPluginJar : add openamp
2025-08-08 10:32:52,124 [INFO] IPUIPlugin:80 - create IPUIPlugin
2025-08-08 10:32:52,124 [INFO] PluginManager:220 - loadIPPluginJar : add pdm2pcm
2025-08-08 10:32:52,130 [INFO] IPUIPlugin:80 - create IPUIPlugin
2025-08-08 10:32:52,133 [INFO] PluginManager:220 - loadIPPluginJar : add plateformsettings
2025-08-08 10:32:52,136 [INFO] IPUIPlugin:80 - create IPUIPlugin
2025-08-08 10:32:52,136 [INFO] PluginManager:220 - loadIPPluginJar : add quadspi
2025-08-08 10:32:52,138 [INFO] IPUIPlugin:80 - create IPUIPlugin
2025-08-08 10:32:52,139 [INFO] PluginManager:220 - loadIPPluginJar : add radio
2025-08-08 10:32:52,145 [INFO] IPUIPlugin:80 - create IPUIPlugin
2025-08-08 10:32:52,145 [INFO] PluginManager:220 - loadIPPluginJar : add resmgrutility
2025-08-08 10:32:52,150 [INFO] IPUIPlugin:80 - create IPUIPlugin
2025-08-08 10:32:52,150 [INFO] PluginManager:220 - loadIPPluginJar : add sai
2025-08-08 10:32:52,153 [INFO] IPUIPlugin:80 - create IPUIPlugin
2025-08-08 10:32:52,153 [INFO] PluginManager:220 - loadIPPluginJar : add spi
2025-08-08 10:32:52,162 [INFO] IPUIPlugin:80 - create IPUIPlugin
2025-08-08 10:32:52,162 [INFO] PluginManager:220 - loadIPPluginJar : add stm32_wpan
2025-08-08 10:32:52,166 [INFO] IPUIPlugin:80 - create IPUIPlugin
2025-08-08 10:32:52,166 [INFO] PluginManager:220 - loadIPPluginJar : add tim
2025-08-08 10:32:52,171 [INFO] IPUIPlugin:80 - create IPUIPlugin
2025-08-08 10:32:52,171 [INFO] PluginManager:220 - loadIPPluginJar : add touchsensing
2025-08-08 10:32:52,175 [INFO] IPUIPlugin:80 - create IPUIPlugin
2025-08-08 10:32:52,175 [INFO] PluginManager:220 - loadIPPluginJar : add tracer_emb
2025-08-08 10:32:52,179 [INFO] IPUIPlugin:80 - create IPUIPlugin
2025-08-08 10:32:52,179 [INFO] PluginManager:220 - loadIPPluginJar : add ts
2025-08-08 10:32:52,181 [INFO] IPUIPlugin:80 - create IPUIPlugin
2025-08-08 10:32:52,181 [INFO] PluginManager:220 - loadIPPluginJar : add tsc
2025-08-08 10:32:52,184 [INFO] IPUIPlugin:80 - create IPUIPlugin
2025-08-08 10:32:52,185 [INFO] PluginManager:220 - loadIPPluginJar : add ucpd
2025-08-08 10:32:52,189 [INFO] IPUIPlugin:80 - create IPUIPlugin
2025-08-08 10:32:52,189 [INFO] PluginManager:220 - loadIPPluginJar : add usart
2025-08-08 10:32:52,193 [INFO] IPUIPlugin:80 - create IPUIPlugin
2025-08-08 10:32:52,195 [INFO] PluginManager:220 - loadIPPluginJar : add usbx
2025-08-08 10:32:52,327 [FATAL] Updater:351 - Updater called before beeing initialized
2025-08-08 10:32:52,353 [INFO] RulesReader:64 - Compatibility file has been processed (302 Rules)
2025-08-08 10:32:52,364 [INFO] RulesReader:64 - Compatibility file has been processed (302 Rules)
2025-08-08 10:32:52,371 [INFO] CADModel:165 - CPN selected for project level
2025-08-08 10:32:52,372 [INFO] CADModel:114 - Register for checkConnection events
2025-08-08 10:32:52,372 [FATAL] Updater:351 - Updater called before beeing initialized
2025-08-08 10:32:52,372 [ERROR] CADModel:125 - Updater not yet initialized, retry later 
2025-08-08 10:32:52,544 [FATAL] Updater:351 - Updater called before beeing initialized
2025-08-08 10:32:52,547 [INFO] CADModel:165 - CPN selected for project level
2025-08-08 10:32:52,547 [INFO] CADModel:114 - Register for checkConnection events
2025-08-08 10:32:52,547 [FATAL] Updater:351 - Updater called before beeing initialized
2025-08-08 10:32:52,547 [ERROR] CADModel:125 - Updater not yet initialized, retry later 
2025-08-08 10:32:52,551 [FATAL] Updater:351 - Updater called before beeing initialized
2025-08-08 10:32:52,689 [FATAL] Updater:351 - Updater called before beeing initialized
2025-08-08 10:32:52,693 [INFO] DbMcusAds:53 - JSON generation date=Tue Jul 08 11:14:23 TRT 2025 (1751962463582)
2025-08-08 10:32:52,693 [FATAL] Updater:351 - Updater called before beeing initialized
2025-08-08 10:32:52,727 [WARN] DetailPanel:346 - Failed to get advertising image, set to default
2025-08-08 10:32:52,930 [FATAL] Updater:351 - Updater called before beeing initialized
2025-08-08 10:32:52,932 [FATAL] Updater:351 - Updater called before beeing initialized
2025-08-08 10:32:52,932 [FATAL] Updater:351 - Updater called before beeing initialized
2025-08-08 10:32:52,932 [WARN] DetailPanel:346 - Failed to get advertising image, set to default
2025-08-08 10:32:52,933 [FATAL] Updater:351 - Updater called before beeing initialized
2025-08-08 10:32:52,979 [ERROR] Updater:1198 - MainUpdater not yet initialized. External WinMGr cannot be set.
2025-08-08 10:32:52,981 [INFO] Updater:1134 - Updater Version found : 6.14.1
2025-08-08 10:32:52,997 [INFO] ApplicationProperties:184 - Using Application install path: C:\Users\Oguzm\Downloads\STM32CubeIDE_1.18.1\STM32CubeIDE\plugins\com.st.stm32cube.common.mx_6.14.1.202504091515
2025-08-08 10:32:54,448 [INFO] ThirdPartyUpdaterWithRetryManager:70 - Updater plugin not ready yet. [2/15]
2025-08-08 10:32:54,575 [ERROR] LogOutputStream:75 - [STDERR_REDIRECT] Aug 08, 2025 10:32:54 AM java.util.prefs.WindowsPreferences <init>
2025-08-08 10:32:54,575 [ERROR] LogOutputStream:75 - [STDERR_REDIRECT] WARNING: Could not open/create prefs root node Software\JavaSoft\Prefs at root 0xffffffff80000002. Windows RegCreateKeyEx(...) returned error code 5.
2025-08-08 10:32:54,575 [ERROR] LogOutputStream:75 - [STDERR_REDIRECT] 
2025-08-08 10:32:55,075 [INFO] MainUpdater:2872 - connection check result : 10
2025-08-08 10:32:55,075 [INFO] MainUpdater:3566 - Updater definition file requires update
2025-08-08 10:32:55,075 [INFO] MainUpdater:289 - Updater Check For Update Now.
2025-08-08 10:32:55,075 [INFO] MicroXplorer:498 - Change Database Version : DB.6.0.141
2025-08-08 10:32:55,075 [INFO] McuFinderGlobals:63 - Set McuFinder mode to 2 (CubeIDE integrated)
2025-08-08 10:32:55,075 [INFO] UserAuth:484 - Internet connection configuration mode: 1
2025-08-08 10:32:55,107 [INFO] JxBrowserEngine:152 - Initiate JxBrowser Engine with user profile folder
2025-08-08 10:32:55,161 [INFO] ServerAccessManage:473 - Download File updaters.zip
2025-08-08 10:32:55,419 [INFO] FileExtend:242 - Unzip File : updaters.zip
2025-08-08 10:32:55,419 [INFO] FileExtend:257 - Standard Zip Deflate
2025-08-08 10:32:56,001 [INFO] ServerAccessManage:473 - Download File PacksControlFlags.xml
2025-08-08 10:32:56,272 [INFO] ServerAccessManage:473 - Download File cubemx.pidx
2025-08-08 10:32:56,512 [INFO] LoadServerUpdatesThread:375 - End of LoadServerUpdate Thread
2025-08-08 10:32:56,775 [INFO] CheckServerUpdateThread:120 - End of CheckServer Thread
2025-08-08 10:32:57,429 [INFO] WebApp:169 - Instantiating new browser for Auth
2025-08-08 10:32:58,022 [WARN] PackLoader:240 - Cannot read IP mode file for STMicroelectronics.FP-SNS-MOTENVWB1.1.4.0
2025-08-08 10:32:58,036 [WARN] PackLoader:240 - Cannot read IP mode file for STMicroelectronics.FP-ATR-ASTRA1.2.0.2
2025-08-08 10:32:58,061 [WARN] PackLoader:240 - Cannot read IP mode file for STMicroelectronics.X-CUBE-SMBUS.2.1.0
2025-08-08 10:32:58,071 [WARN] PackLoader:240 - Cannot read IP mode file for STMicroelectronics.X-CUBE-ST60.1.0.0
2025-08-08 10:32:58,111 [WARN] PackLoader:240 - Cannot read IP mode file for STMicroelectronics.X-CUBE-AZRTOS-F7.1.1.0
2025-08-08 10:32:58,153 [WARN] PackLoader:240 - Cannot read IP mode file for Infineon.AIROC-Wi-Fi-Bluetooth-STM32.1.7.0
2025-08-08 10:32:58,199 [WARN] PackLoader:240 - Cannot read IP mode file for STMicroelectronics.X-CUBE-AZRTOS-H7.3.4.0
2025-08-08 10:32:58,219 [WARN] PackLoader:240 - Cannot read IP mode file for STMicroelectronics.X-CUBE-DISPLAY.3.0.0
2025-08-08 10:32:58,243 [WARN] PackLoader:240 - Cannot read IP mode file for STMicroelectronics.X-CUBE-NFC10.1.0.0
2025-08-08 10:32:58,268 [WARN] PackLoader:240 - Cannot read IP mode file for STMicroelectronics.X-CUBE-BLEMGR.4.0.0
2025-08-08 10:32:58,284 [WARN] PackLoader:240 - Cannot read IP mode file for emotas.I-CUBE-CANOPEN.1.3.0
2025-08-08 10:32:58,293 [WARN] ConditionMgr:438 - getConditionDescription Invalid condition id : Cortex-A Device cause : null
2025-08-08 10:32:58,429 [WARN] ConditionMgr:1044 - genDependencies : Invalid condition id : Cortex-A Device cause : null
2025-08-08 10:32:58,430 [WARN] ConditionMgr:1044 - genDependencies : Invalid condition id : Cortex-A Device cause : null
2025-08-08 10:32:58,430 [WARN] ConditionMgr:1044 - genDependencies : Invalid condition id : Cortex-A Device cause : null
2025-08-08 10:32:58,438 [ERROR] Engine:466 - C:\Users\Oguzm\.stm32cubemx\thirdparties\pdsc\STMicroelectronics.FP-SNS-STBOX1.2.1.0.pdsc: PDSC version is not supported
2025-08-08 10:32:58,446 [WARN] PackLoader:240 - Cannot read IP mode file for STMicroelectronics.FP-SNS-SMARTAG2.1.2.0
2025-08-08 10:32:58,456 [WARN] PackLoader:240 - Cannot read IP mode file for STMicroelectronics.FP-SNS-FLIGHT1.5.1.0
2025-08-08 10:32:58,509 [INFO] LogOutputStream:77 - [STDOUT_REDIRECT] 1 : Invalid condition id : UX_CORESTACK_Condition cause : null
2025-08-08 10:32:58,515 [INFO] LogOutputStream:77 - [STDOUT_REDIRECT] 1 : Invalid condition id : UX_CORESTACK_Condition cause : null
2025-08-08 10:32:58,516 [INFO] LogOutputStream:77 - [STDOUT_REDIRECT] 1 : Invalid condition id : UX_CORESTACK_Condition cause : null
2025-08-08 10:32:58,518 [INFO] LogOutputStream:77 - [STDOUT_REDIRECT] 1 : Invalid condition id : UX_CORESTACK_Condition cause : null
2025-08-08 10:32:58,519 [INFO] LogOutputStream:77 - [STDOUT_REDIRECT] 1 : Invalid condition id : UX_CORESTACK_Condition cause : null
2025-08-08 10:32:58,524 [WARN] PackLoader:240 - Cannot read IP mode file for STMicroelectronics.X-CUBE-AZRTOS-WL.2.0.0
2025-08-08 10:32:58,533 [WARN] PackLoader:240 - Cannot read IP mode file for STMicroelectronics.FP-SNS-MOTENV1.5.0.0
2025-08-08 10:32:58,546 [WARN] PackLoader:240 - Cannot read IP mode file for WES.I-CUBE-Cesium.1.3.0
2025-08-08 10:32:58,557 [WARN] PackLoader:240 - Cannot read IP mode file for STMicroelectronics.X-CUBE-BLE2.3.3.0
2025-08-08 10:32:58,569 [WARN] PackLoader:240 - Cannot read IP mode file for STMicroelectronics.X-CUBE-NFC9.1.0.0
2025-08-08 10:32:58,580 [WARN] PackLoader:240 - Cannot read IP mode file for wolfSSL.I-CUBE-wolfSSL.5.8.0
2025-08-08 10:32:58,591 [WARN] PackLoader:240 - Cannot read IP mode file for STMicroelectronics.X-CUBE-BLE1.7.1.0
2025-08-08 10:32:58,630 [WARN] PackLoader:240 - Cannot read IP mode file for wolfSSL.I-CUBE-wolfMQTT.1.19.2
2025-08-08 10:32:58,708 [WARN] PackLoader:240 - Cannot read IP mode file for STMicroelectronics.X-CUBE-EEPRMA1.5.2.0
2025-08-08 10:32:58,734 [WARN] PackLoader:240 - Cannot read IP mode file for STMicroelectronics.X-CUBE-AI.10.1.0
2025-08-08 10:32:58,815 [WARN] PackLoader:240 - Cannot read IP mode file for STMicroelectronics.X-CUBE-MEMS1.11.2.0
2025-08-08 10:32:59,022 [WARN] PackLoader:240 - Cannot read IP mode file for STMicroelectronics.X-CUBE-AZRTOS-G0.1.1.0
2025-08-08 10:32:59,033 [WARN] PackLoader:240 - Cannot read IP mode file for STMicroelectronics.X-CUBE-SAFEA1.1.2.2
2025-08-08 10:32:59,043 [WARN] PackLoader:240 - Cannot read IP mode file for STMicroelectronics.X-CUBE-NFC4.3.0.0
2025-08-08 10:32:59,056 [WARN] PackLoader:240 - Cannot read IP mode file for EmbeddedOffice.I-CUBE-FS-RTOS.1.0.1
2025-08-08 10:32:59,064 [WARN] PackLoader:240 - Cannot read IP mode file for STMicroelectronics.X-CUBE-WB05N.2.0.0
2025-08-08 10:32:59,072 [WARN] PackLoader:240 - Cannot read IP mode file for wolfSSL.I-CUBE-wolfTPM.3.8.0
2025-08-08 10:32:59,082 [WARN] PackLoader:240 - Cannot read IP mode file for STMicroelectronics.X-CUBE-TCPP.4.2.0
2025-08-08 10:32:59,091 [WARN] PackLoader:240 - Cannot read IP mode file for RealThread.X-CUBE-RT-Thread_Nano.4.1.1
2025-08-08 10:32:59,098 [WARN] PackLoader:240 - Cannot read IP mode file for STMicroelectronics.FP-ATR-SIGFOX1.3.2.0
2025-08-08 10:32:59,106 [WARN] PackLoader:240 - Cannot read IP mode file for STMicroelectronics.X-CUBE-EEPRMA1.5.1.0
2025-08-08 10:32:59,120 [WARN] PackLoader:240 - Cannot read IP mode file for ITTIA_DB.I-CUBE-ITTIADB.8.9.0
2025-08-08 10:32:59,130 [WARN] PackLoader:240 - Cannot read IP mode file for STMicroelectronics.X-CUBE-ST67W61.1.0.0
2025-08-08 10:32:59,135 [WARN] PackLoader:240 - Cannot read IP mode file for STMicroelectronics.X-CUBE-AI.10.2.0
2025-08-08 10:32:59,171 [WARN] PackLoader:240 - Cannot read IP mode file for SEGGER.I-CUBE-embOS.1.3.1
2025-08-08 10:32:59,227 [WARN] PackLoader:240 - Cannot read IP mode file for STMicroelectronics.X-CUBE-ALGOBUILD.1.4.0
2025-08-08 10:32:59,399 [WARN] PackLoader:240 - Cannot read IP mode file for STMicroelectronics.X-CUBE-MEMS1.11.3.0
2025-08-08 10:32:59,645 [WARN] PackLoader:240 - Cannot read IP mode file for STMicroelectronics.X-CUBE-PM33A1.1.0.0
2025-08-08 10:32:59,718 [WARN] PackLoader:240 - Cannot read IP mode file for STMicroelectronics.X-CUBE-AZRTOS-F4.1.1.0
2025-08-08 10:32:59,779 [WARN] PackLoader:240 - Cannot read IP mode file for Avnet-IotConnect.X-CUBE-IoTC-DA16k-PMOD.1.0.0
2025-08-08 10:32:59,818 [WARN] PackLoader:240 - Cannot read IP mode file for STMicroelectronics.X-CUBE-ISPU.2.1.0
2025-08-08 10:32:59,862 [WARN] PackLoader:240 - Cannot read IP mode file for STMicroelectronics.X-CUBE-NFC12.1.0.0
2025-08-08 10:32:59,997 [WARN] PackLoader:240 - Cannot read IP mode file for STMicroelectronics.X-CUBE-AZRTOS-L5.2.0.0
2025-08-08 10:32:59,999 [INFO] WebApp:463 - Apply proxy settings
2025-08-08 10:33:00,008 [INFO] WebApp:548 - Chromium requires no authentication
2025-08-08 10:33:00,015 [WARN] PackLoader:240 - Cannot read IP mode file for STMicroelectronics.X-CUBE-NFC6.3.1.0
2025-08-08 10:33:00,028 [WARN] PackLoader:240 - Cannot read IP mode file for STMicroelectronics.X-CUBE-FREERTOS.1.3.1
2025-08-08 10:33:00,032 [INFO] WebApp:491 - Direct internet connection detected
2025-08-08 10:33:00,036 [WARN] PackLoader:240 - Cannot read IP mode file for STMicroelectronics.FP-SNS-STAIOTCFT.1.0.0
2025-08-08 10:33:00,046 [WARN] PackLoader:240 - Cannot read IP mode file for STMicroelectronics.X-CUBE-DPower.1.3.0
2025-08-08 10:33:00,069 [WARN] ConditionMgr:438 - getConditionDescription Invalid condition id : LAN8742 Phy interface Condition cause : null
2025-08-08 10:33:00,070 [WARN] PackLoader:240 - Cannot read IP mode file for STMicroelectronics.X-CUBE-AZRTOS-L4.2.0.0
2025-08-08 10:33:00,072 [WARN] ConditionMgr:1044 - genDependencies : Invalid condition id : LAN8742 Phy interface Condition cause : null
2025-08-08 10:33:00,072 [WARN] ConditionMgr:1044 - genDependencies : Invalid condition id : LAN8742 Phy interface Condition cause : null
2025-08-08 10:33:00,073 [WARN] ConditionMgr:1044 - genDependencies : Invalid condition id : LAN8742 Phy interface Condition cause : null
2025-08-08 10:33:00,088 [WARN] PackLoader:240 - Cannot read IP mode file for STMicroelectronics.X-CUBE-SFXS2LP1.4.0.0
2025-08-08 10:33:00,097 [INFO] WebApp:894 - Register for checkConnection events
2025-08-08 10:33:00,098 [INFO] WebApp:463 - Apply proxy settings
2025-08-08 10:33:00,098 [INFO] WebApp:548 - Chromium requires no authentication
2025-08-08 10:33:00,099 [INFO] WebApp:491 - Direct internet connection detected
2025-08-08 10:33:00,115 [WARN] PackLoader:240 - Cannot read IP mode file for STMicroelectronics.X-CUBE-AZRTOS-H7.3.3.0
2025-08-08 10:33:00,134 [WARN] PackLoader:240 - Cannot read IP mode file for STMicroelectronics.X-CUBE-BLEMGR.4.1.0
2025-08-08 10:33:00,163 [WARN] ConditionMgr:438 - getConditionDescription Invalid condition id : UX DEVICE CLASS RTOS Condition cause : null
2025-08-08 10:33:00,164 [WARN] ConditionMgr:438 - getConditionDescription Invalid condition id : UX DEVICE CLASS RTOS Condition cause : null
2025-08-08 10:33:00,166 [WARN] PackLoader:240 - Cannot read IP mode file for STMicroelectronics.X-CUBE-AZRTOS-WB.2.0.0
2025-08-08 10:33:00,167 [WARN] ConditionMgr:1044 - genDependencies : Invalid condition id : UX DEVICE CLASS RTOS Condition cause : null
2025-08-08 10:33:00,168 [WARN] ConditionMgr:1044 - genDependencies : Invalid condition id : UX DEVICE CLASS RTOS Condition cause : null
2025-08-08 10:33:00,169 [WARN] ConditionMgr:1044 - genDependencies : Invalid condition id : UX DEVICE CLASS RTOS Condition cause : null
2025-08-08 10:33:00,169 [WARN] ConditionMgr:1044 - genDependencies : Invalid condition id : UX DEVICE CLASS RTOS Condition cause : null
2025-08-08 10:33:00,169 [WARN] ConditionMgr:1044 - genDependencies : Invalid condition id : UX DEVICE CLASS RTOS Condition cause : null
2025-08-08 10:33:00,178 [WARN] PackLoader:240 - Cannot read IP mode file for STMicroelectronics.X-CUBE-GNSS1.7.0.1
2025-08-08 10:33:00,187 [WARN] PackLoader:240 - Cannot read IP mode file for STMicroelectronics.X-CUBE-TOUCHGFX.4.25.0
2025-08-08 10:33:00,195 [WARN] PackLoader:240 - Cannot read IP mode file for STMicroelectronics.FP-SNS-STBOX1.2.0.0
2025-08-08 10:33:00,213 [WARN] PackLoader:240 - Cannot read IP mode file for STMicroelectronics.X-CUBE-SUBG2.5.0.0
2025-08-08 10:33:00,241 [WARN] PackLoader:240 - Cannot read IP mode file for STMicroelectronics.X-CUBE-AZRTOS-H7RS.1.1.0
2025-08-08 10:33:00,251 [WARN] PackLoader:240 - Cannot read IP mode file for Cesanta.I-CUBE-Mongoose.7.13.0
2025-08-08 10:33:00,269 [WARN] PackLoader:240 - Cannot read IP mode file for STMicroelectronics.X-CUBE-AZRTOS-G4.2.0.0
2025-08-08 10:33:00,278 [WARN] PackLoader:240 - Cannot read IP mode file for wolfSSL.I-CUBE-wolfSSH.1.4.20
2025-08-08 10:33:00,286 [WARN] PackLoader:240 - Cannot read IP mode file for STMicroelectronics.X-CUBE-NFC7.2.0.0
2025-08-08 10:33:00,304 [WARN] PackLoader:240 - Cannot read IP mode file for STMicroelectronics.X-CUBE-IPS.3.1.0
2025-08-08 10:33:00,322 [WARN] PackLoader:240 - Cannot read IP mode file for STMicroelectronics.X-CUBE-ALS.1.0.2
2025-08-08 10:33:00,331 [WARN] PackLoader:240 - Cannot read IP mode file for portGmbH.I-Cube-SoM-uGOAL.1.1.0
2025-08-08 10:33:00,348 [WARN] PackLoader:240 - Cannot read IP mode file for STMicroelectronics.X-CUBE-TOF1.3.4.3
2025-08-08 10:33:00,362 [INFO] ThirdParty:978 - Integrity check success = true
2025-08-08 10:33:00,362 [INFO] IntegrityCheckThread:100 - exiting critical section [integrity check]
2025-08-08 10:33:00,362 [INFO] IntegrityCheckThread:103 - End integrity checks thread
2025-08-08 10:33:00,560 [INFO] WebApp:225 - Starting web application
2025-08-08 10:33:00,561 [INFO] WebApp:593 - Web application path used C:\Users\Oguzm\Downloads\STM32CubeIDE_1.18.1\STM32CubeIDE\plugins\com.st.stm32cube.common.mx_6.14.1.202504091515\db\plugins\mcufinder\reactClient1\index.html
2025-08-08 10:33:01,126 [INFO] WebApp:191 - Connection restablished
2025-08-08 10:33:01,419 [INFO] UserAuth:484 - Internet connection configuration mode: 1
2025-08-08 10:33:03,002 [INFO] McuFinderGlobals:63 - Set McuFinder mode to 2 (CubeIDE integrated)
2025-08-08 10:33:03,016 [INFO] MainUpdater:2872 - connection check result : 10
2025-08-08 10:33:03,019 [INFO] MainUpdater:2872 - connection check result : 10
2025-08-08 10:33:03,110 [INFO] MicroXplorer:468 - Change Database Path : 
2025-08-08 10:33:03,111 [INFO] MicroXplorer:498 - Change Database Version : DB.6.0.141
2025-08-08 10:33:03,131 [WARN] ThirdParty:871 - waiting for thirdparty lock release [close project]
2025-08-08 10:33:03,131 [INFO] ThirdParty:873 - entering critical section [close project]
2025-08-08 10:33:03,133 [INFO] ThirdParty:883 - exiting critical section [close project]
2025-08-08 10:33:03,139 [INFO] PinOutPanel:1589 - setPackage(No Configuration,No Configuration)
2025-08-08 10:33:03,151 [INFO] UtilMem:75 - Begin LoadConfig() Used Memory: 297960112 Bytes (715128832)
2025-08-08 10:33:03,155 [INFO] MicroXplorer:468 - Change Database Path : 
2025-08-08 10:33:03,155 [INFO] MicroXplorer:498 - Change Database Version : DB.6.0.141
2025-08-08 10:33:03,156 [INFO] OpenFileManager:354 - Change cursor
2025-08-08 10:33:03,210 [INFO] Mcu:2011 - Initializing MCU STM32G071R(6-8-B)Tx STM32G071RBTx STM32G071RBT6
2025-08-08 10:33:07,776 [INFO] Context:756 - Trying to add GPIOservice into a context  which must be forbidden
2025-08-08 10:33:09,517 [INFO] ImportTextPane:218 - (OptionalMessage_ERROR) Pin12 (VP_RIF_VS_RIF1) cannot be retrieved for this MCU
2025-08-08 10:33:09,895 [INFO] RtosManager:558 - Registered RTOS mode: class=CMSIS, group=RTOS, mode=CMSIS_V1, owner=FREERTOS
2025-08-08 10:33:09,897 [INFO] RtosManager:558 - Registered RTOS mode: class=CMSIS, group=RTOS2, mode=CMSIS_V2, owner=FREERTOS
2025-08-08 10:33:09,898 [INFO] RtosManager:558 - Registered RTOS mode: class=RTOS, group=Core, mode=CMSIS_V1, owner=FREERTOS
2025-08-08 10:33:09,899 [INFO] RtosManager:558 - Registered RTOS mode: class=RTOS, group=Core, mode=CMSIS_V2, owner=FREERTOS
2025-08-08 10:33:09,899 [WARN] ModelIntegratedComponent:184 - Missing modes for component STMicroelectronics:FreeRTOS:0.0.1:STMicroelectronics:RTOS:FreeRTOS:Core:::10.2.0:
2025-08-08 10:33:09,935 [WARN] ModelIntegratedComponent:63 - No mode defined for component null
2025-08-08 10:33:09,935 [WARN] ModelIntegratedComponent:63 - No mode defined for component null
2025-08-08 10:33:09,935 [WARN] ModelIntegratedComponent:63 - No mode defined for component null
2025-08-08 10:33:09,935 [WARN] ModelIntegratedComponent:63 - No mode defined for component null
2025-08-08 10:33:09,935 [WARN] ModelIntegratedComponent:63 - No mode defined for component null
2025-08-08 10:33:09,935 [WARN] ModelIntegratedComponent:63 - No mode defined for component null
2025-08-08 10:33:09,935 [WARN] ModelIntegratedComponent:63 - No mode defined for component null
2025-08-08 10:33:09,936 [WARN] ModelIntegratedComponent:63 - No mode defined for component null
2025-08-08 10:33:09,936 [WARN] ModelIntegratedComponent:63 - No mode defined for component null
2025-08-08 10:33:09,936 [WARN] ModelIntegratedComponent:63 - No mode defined for component null
2025-08-08 10:33:09,936 [WARN] ModelIntegratedComponent:63 - No mode defined for component null
2025-08-08 10:33:09,936 [WARN] ModelIntegratedComponent:63 - No mode defined for component null
2025-08-08 10:33:09,936 [WARN] ModelIntegratedComponent:63 - No mode defined for component null
2025-08-08 10:33:09,936 [WARN] ModelIntegratedComponent:63 - No mode defined for component null
2025-08-08 10:33:09,936 [WARN] ModelIntegratedComponent:63 - No mode defined for component null
2025-08-08 10:33:09,936 [WARN] ModelIntegratedComponent:63 - No mode defined for component null
2025-08-08 10:33:09,936 [WARN] ModelIntegratedComponent:63 - No mode defined for component null
2025-08-08 10:33:09,936 [WARN] ModelIntegratedComponent:63 - No mode defined for component null
2025-08-08 10:33:09,936 [WARN] ModelIntegratedComponent:63 - No mode defined for component null
2025-08-08 10:33:09,936 [WARN] ModelIntegratedComponent:63 - No mode defined for component null
2025-08-08 10:33:09,936 [WARN] ModelIntegratedComponent:63 - No mode defined for component null
2025-08-08 10:33:09,936 [WARN] ModelIntegratedComponent:63 - No mode defined for component null
2025-08-08 10:33:09,936 [WARN] ModelIntegratedComponent:63 - No mode defined for component null
2025-08-08 10:33:09,936 [WARN] ModelIntegratedComponent:63 - No mode defined for component null
2025-08-08 10:33:09,937 [WARN] ModelIntegratedComponent:63 - No mode defined for component null
2025-08-08 10:33:09,937 [WARN] ModelIntegratedComponent:63 - No mode defined for component null
2025-08-08 10:33:09,937 [WARN] ModelIntegratedComponent:63 - No mode defined for component null
2025-08-08 10:33:09,937 [WARN] ModelIntegratedComponent:63 - No mode defined for component null
2025-08-08 10:33:09,937 [WARN] ModelIntegratedComponent:63 - No mode defined for component null
2025-08-08 10:33:09,937 [WARN] ModelIntegratedComponent:63 - No mode defined for component null
2025-08-08 10:33:09,937 [WARN] ModelIntegratedComponent:63 - No mode defined for component null
2025-08-08 10:33:09,937 [WARN] ModelIntegratedComponent:63 - No mode defined for component null
2025-08-08 10:33:09,937 [WARN] ModelIntegratedComponent:63 - No mode defined for component null
2025-08-08 10:33:09,937 [WARN] ModelIntegratedComponent:63 - No mode defined for component null
2025-08-08 10:33:09,937 [WARN] ModelIntegratedComponent:63 - No mode defined for component null
2025-08-08 10:33:09,937 [WARN] ModelPack:524 - Component already loaded: STMicroelectronics:HAL Drivers:0.0.0:STMicroelectronics:Device:STMicro_Driver:XSPI:HAL::0.0.1:HAL_XSPI
2025-08-08 10:33:10,114 [INFO] ThirdPartyModel:298 - Start build external matchings
2025-08-08 10:33:10,918 [INFO] ThirdPartyModel:316 - End build external matchings
2025-08-08 10:33:10,977 [INFO] ImportTextPane:218 - (OptionalMessage_ERROR) IP (RCC) : Invalid parameter (FamilyName)
2025-08-08 10:33:10,978 [INFO] ImportTextPane:218 - (OptionalMessage_ERROR) IP (RCC) : Parameter (PLLPoutputFreq_Value) has invalid value (64000000)
2025-08-08 10:33:10,980 [INFO] ImportTextPane:218 - (OptionalMessage_ERROR) IP (RCC) : Parameter (PLLQoutputFreq_Value) has invalid value (64000000)
2025-08-08 10:33:11,611 [INFO] ApiDb:581 - Connected to CubeFinder SQLite database (C:\Users\Oguzm\.stmcufinder\plugins\mcufinder\mcu\cube-finder-db.db)
2025-08-08 10:33:11,766 [INFO] ApiDb:668 - CubeFinder database Data Model version=2.1
2025-08-08 10:33:11,766 [INFO] ApiDb:669 - CubeFinder database Configuration version=3.0.39
2025-08-08 10:33:11,767 [INFO] ApiDb:670 - CubeFinder database generation date=2025-07-24 (1753349077)
2025-08-08 10:33:11,767 [INFO] ApiDb:671 - CubeFinder database FW Pack versions=[FP-ATR-ASTRA1_V2.0.0, FP-SNS-FLIGHT1_V5.1.0, FP-SNS-MOTENV1_V5.0.0, FP-SNS-MOTENVWB1_V1.4.0, FP-SNS-SMARTAG2_V1.2.0, FP-SNS-STBOX1_V2.0.0, STM32Cube_FW_C0_V1.4.0, STM32Cube_FW_F4_V1.28.2, STM32Cube_FW_F7_V1.17.3, STM32Cube_FW_G0_V1.6.2, STM32Cube_FW_G4_V1.6.1, STM32Cube_FW_H5_V1.5.0, STM32Cube_FW_H7RS_V1.2.0, STM32Cube_FW_H7_V1.12.1, STM32Cube_FW_L0_V1.12.2, STM32Cube_FW_L4_V1.18.1, STM32Cube_FW_L5_V1.5.1, STM32Cube_FW_N6_V1.2.0, STM32Cube_FW_U0_V1.3.0, STM32Cube_FW_U3_V1.2.0, STM32Cube_FW_U5_V1.8.0, STM32Cube_FW_WB0_V1.3.0, STM32Cube_FW_WBA_V1.7.0, STM32Cube_FW_WB_V1.23.0, STM32Cube_FW_WL3_V1.2.0, STM32Cube_FW_WL_V1.3.1, X-CUBE-ALGOBUILD_V1.4.0, X-CUBE-ALS_V1.0.2, X-CUBE-AZRTOS-F4_V1.1.0, X-CUBE-AZRTOS-F7_V1.1.0, X-CUBE-AZRTOS-G0_V1.1.0, X-CUBE-AZRTOS-G4_V2.0.0, X-CUBE-AZRTOS-H7RS_V1.1.0, X-CUBE-AZRTOS-H7_V3.4.0, X-CUBE-AZRTOS-L4_V2.0.0, X-CUBE-AZRTOS-L5_V2.0.0, X-CUBE-AZRTOS-WB_V2.0.0, X-CUBE-AZRTOS-WL_V2.0.0, X-CUBE-BLE1_V7.1.0, X-CUBE-BLE2_V3.3.0, X-CUBE-BLEMGR_V4.1.0, X-CUBE-EEPRMA1_V5.2.0, X-CUBE-FREERTOS_V1.3.1, X-CUBE-GNSS1_V6.0.0, X-CUBE-MEMS1_V11.3.0, X-CUBE-NFC4_V3.0.0, X-CUBE-NFC7_V2.0.0, X-CUBE-SFXS2LP1_V4.0.0, X-CUBE-ST67W61_V1.0.0, X-CUBE-SUBG2_V5.0.0, X-CUBE-TOF1_V3.4.3]
2025-08-08 10:33:11,979 [INFO] DbBoardsSqlite:226 - include board P-NUCLEO-WB55-NUCLEO as a kit item of type 'Nucleo-64'
2025-08-08 10:33:11,980 [INFO] DbBoardsSqlite:226 - include board P-NUCLEO-WB55-USBDONGLE as a kit item of type 'Nucleo USB Dongle'
2025-08-08 10:33:11,983 [INFO] DbBoardsSqlite:226 - include board STEVAL-IDP005V1 as a kit item of type 'Evaluation Board'
2025-08-08 10:33:11,984 [INFO] DbBoardsSqlite:226 - include board STEVAL-IDP005V2 as a kit item of type 'Evaluation Board'
2025-08-08 10:33:13,569 [INFO] ApiDb:240 - Found 895 in-development CPN: [B-G473E-ZEST1S, B-WB1M-WPAN1, B-WBA5M-WPAN, B-WL5M-SUBG1, NUCLEO-C031C6, NUCLEO-C051C8, NUCLEO-C071RB, NUCLEO-C092RC, NUCLEO-H503RB, NUCLEO-H533RE, NUCLEO-H563ZI, NUCLEO-H7S3L8, NUCLEO-N657X0-Q, NUCLEO-U031R8, NUCLEO-U083RC, NUCLEO-U385RG-Q, NUCLEO-U545RE-Q, NUCLEO-U5A5ZJ-Q, NUCLEO-WB05KZ, NUCLEO-WB07CC, NUCLEO-WB09KE, NUCLEO-WBA52CG, NUCLEO-WBA55CG, NUCLEO-WBA65RI, NUCLEO-WL33CC1, NUCLEO-WL33CC2, STEVAL-PROTEUS1, STEVAL-SMARTAG2, STEVAL-STWINBX1, STM320518-EVAL, STM32C0116-DK, STM32C011D6Y3TR, STM32C011D6Y6TR, STM32C011F4P3, STM32C011F4P6, STM32C011F4U3, STM32C011F4U6TR, STM32C011F6P3, STM32C011F6P6, STM32C011F6U3, STM32C011F6U6TR, STM32C011J4M3, STM32C011J4M6, STM32C011J6M3, STM32C011J6M6, STM32C0316-DK, STM32C031C4T3, STM32C031C4T6, STM32C031C4U3, STM32C031C4U6, STM32C031C6T3, STM32C031C6T6, STM32C031C6U3, STM32C031C6U6, STM32C031F4P3, STM32C031F4P6, STM32C031F6P3, STM32C031F6P6, STM32C031G4U3, STM32C031G4U6, STM32C031G6U3, STM32C031G6U6, STM32C031K4T3, STM32C031K4T6, STM32C031K4U3, STM32C031K4U6, STM32C031K6T3, STM32C031K6T6, STM32C031K6U3, STM32C031K6U6, STM32C051C6T6, STM32C051C6U6, STM32C051C8T6, STM32C051C8U6, STM32C051D8Y6TR, STM32C051F6P6, STM32C051F8P6, STM32C051G6U6, STM32C051G8U6, STM32C051K6T6, STM32C051K6U6, STM32C051K8T6, STM32C071C8T6, STM32C071C8T6N, STM32C071C8U6, STM32C071C8U6N, STM32C071CBT6, STM32C071CBT6N, STM32C071CBU6, STM32C071CBU6N, STM32C071F8P6, STM32C071F8P6N, STM32C071FBP6, STM32C071FBP6N, STM32C071FBY6TR, STM32C071G8U6, STM32C071G8U6N, STM32C071GBU6, STM32C071GBU6N, STM32C071K8T6, STM32C071K8T6N, STM32C071K8U6, STM32C071K8U6N, STM32C071KBT6, STM32C071KBT6N, STM32C071KBU6, STM32C071KBU6N, STM32C071R8T6, STM32C071R8T6N, STM32C071RBI6N, STM32C071RBT6, STM32C071RBT6N, STM32C091CBT6, STM32C091CBU6, STM32C091CCT6, STM32C091CCU6, STM32C091ECY6TR, STM32C091FBP6, STM32C091FCP6, STM32C091GBU6, STM32C091GCU6, STM32C091KBT6, STM32C091KBU6, STM32C091KCT6, STM32C091KCU6, STM32C091RBT6, STM32C091RCI6, STM32C091RCT6, STM32C092CBT6, STM32C092CBU6, STM32C092CCT6, STM32C092CCU6, STM32C092ECY6TR, STM32C092FBP6, STM32C092FCP6, STM32C092GBU6, STM32C092GCU6, STM32C092KBT6, STM32C092KBU6, STM32C092KCT6, STM32C092KCU6, STM32C092RBT6, STM32C092RCI6, STM32C092RCT6, STM32G071K8TXN, STM32G071K8UXN, STM32G081GBU6N, STM32G081KBT6N, STM32G081KBUXN, STM32G0B1CCT6N, STM32G0B1KCT6, STM32G0B1NEY6TR, STM32G0B1RCT6N, STM32G0C1CCT6, STM32G0C1CCT6N, STM32G0C1CCU6N, STM32G0C1CET6N, STM32G0C1CEU6N, STM32G0C1KCT6, STM32G0C1NEY6TR, STM32G0C1RCI6N, STM32G0C1RCT6N, STM32G0C1REI6N, STM32G0C1RET6N, STM32G0C1VCI6, STM32G0C1VEI6, STM32G411C6T3, STM32G411C6T6, STM32G411C6U3, STM32G411C6U6, STM32G411C8T3, STM32G411C8T6, STM32G411C8U3, STM32G411C8U6, STM32G411CBT3, STM32G411CBT6, STM32G411CBU3, STM32G411CBU6, STM32G411CCT3, STM32G411CCT6, STM32G411CCU3, STM32G411CCU6, STM32G411K6T3, STM32G411K6T6, STM32G411K6U3, STM32G411K6U6, STM32G411K8T3, STM32G411K8T6, STM32G411K8U3, STM32G411K8U6, STM32G411KBT3, STM32G411KBT6, STM32G411KBU3, STM32G411KBU6, STM32G411M6T3, STM32G411M6T6, STM32G411M8T3, STM32G411M8T6, STM32G411MBT3, STM32G411MBT6, STM32G411MCT3, STM32G411MCT6, STM32G411R6T3, STM32G411R6T6, STM32G411R8T3, STM32G411R8T6, STM32G411RBT3, STM32G411RBT6, STM32G411RCT3, STM32G411RCT6, STM32G414CBT3, STM32G414CBT6, STM32G414CBU3, STM32G414CBU6, STM32G414CCT3, STM32G414CCT6, STM32G414CCU3, STM32G414CCU6, STM32G414MBT3, STM32G414MBT6, STM32G414MCT3, STM32G414MCT6, STM32G414RBT3, STM32G414RBT6, STM32G414RCT3, STM32G414RCT6, STM32G414VBT3, STM32G414VBT6, STM32G414VCT3, STM32G414VCT6, STM32G431CBT3Z, STM32G431RBT3Z, STM32G471CCT6, STM32G471CCU6, STM32G471CET3, STM32G471CET6, STM32G471CEU3, STM32G471CEU6, STM32G471MCT6, STM32G471MET3, STM32G471MET6, STM32G471MEY6TR, STM32G471QCT6, STM32G471QET3, STM32G471RCT6, STM32G471RET3, STM32G471RET6, STM32G471VCH6, STM32G471VCI6, STM32G471VCT6, STM32G471VEH3, STM32G471VEH6, STM32G471VEI3, STM32G471VEI6, STM32G471VET3, STM32G471VET6, STM32G473QET3Z, STM32G473RET3Z, STM32G474CCT6, STM32G491RET3Z, STM32H503CBT6, STM32H503CBU6, STM32H503EBY6TR, STM32H503KBU6, STM32H503RBT6, STM32H523CCT6, STM32H523CCU6, STM32H523CET6, STM32H523CEU6, STM32H523HEY6TR, STM32H523RCT6, STM32H523RET6, STM32H523VCI6, STM32H523VCT6, STM32H523VEI6, STM32H523VET6, STM32H523ZCJ6, STM32H523ZCT6, STM32H523ZEJ6, STM32H523ZET6, STM32H533CET6, STM32H533CEU6, STM32H533HEY6TR, STM32H533RET6, STM32H533VEI6, STM32H533VET6, STM32H533ZEJ6, STM32H533ZET6, STM32H562AGI6, STM32H562AII6, STM32H562IGK6, STM32H562IGT6, STM32H562IIK6, STM32H562IIT6, STM32H562RGT6, STM32H562RGV6, STM32H562RIT6, STM32H562RIV6, STM32H562VGT6, STM32H562VIT6, STM32H562ZGT6, STM32H562ZIT6, STM32H563AGI6, STM32H563AII3Q, STM32H563AII6, STM32H563IGK6, STM32H563IGT6, STM32H563IIK3Q, STM32H563IIK6, STM32H563IIT3Q, STM32H563IIT6, STM32H563MIY3QTR, STM32H563RGT6, STM32H563RGV6, STM32H563RIT6, STM32H563RIV6, STM32H563VGT6, STM32H563VIT3Q, STM32H563VIT6, STM32H563ZGT6, STM32H563ZIT3Q, STM32H563ZIT6, STM32H573AII3Q, STM32H573AII6, STM32H573I-DK, STM32H573IIK3Q, STM32H573IIK6, STM32H573IIT3Q, STM32H573IIT6, STM32H573MIY3QTR, STM32H573RIT6, STM32H573RIV6, STM32H573VIT3Q, STM32H573VIT6, STM32H573ZIT3Q, STM32H573ZIT6, STM32H7R3A8I6, STM32H7R3I8K6, STM32H7R3I8T6, STM32H7R3L8H6, STM32H7R3L8H6H, STM32H7R3R8V6, STM32H7R3V8H6, STM32H7R3V8T6, STM32H7R3V8Y6TR, STM32H7R3Z8J6, STM32H7R3Z8T6, STM32H7R7A8I6, STM32H7R7I8K6, STM32H7R7I8T6, STM32H7R7L8H6, STM32H7R7L8H6H, STM32H7R7Z8J6, STM32H7S3A8I6, STM32H7S3I8K6, STM32H7S3I8T6, STM32H7S3L8H6, STM32H7S3L8H6H, STM32H7S3R8V6, STM32H7S3V8H6, STM32H7S3V8T6, STM32H7S3V8Y6TR, STM32H7S3Z8J6, STM32H7S3Z8T6, STM32H7S78-DK, STM32H7S7A8I6, STM32H7S7I8K6, STM32H7S7I8T6, STM32H7S7L8H6, STM32H7S7L8H6H, STM32H7S7Z8J6, STM32L4R5QGI6STR, STM32MP131AAE3, STM32MP131AAF3, STM32MP131AAG3, STM32MP131CAE3, STM32MP131CAF3, STM32MP131CAG3, STM32MP131DAE7, STM32MP131DAF7, STM32MP131DAG7, STM32MP131FAE7, STM32MP131FAF7, STM32MP131FAG7, STM32MP133AAE3, STM32MP133AAF3, STM32MP133AAG3, STM32MP133CAE3, STM32MP133CAF3, STM32MP133CAG3, STM32MP133DAE7, STM32MP133DAF7, STM32MP133DAG7, STM32MP133FAE7, STM32MP133FAF7, STM32MP133FAG7, STM32MP135AAE3, STM32MP135AAF3, STM32MP135AAG3, STM32MP135CAE3, STM32MP135CAF3, STM32MP135CAG3, STM32MP135DAE7, STM32MP135DAF7, STM32MP135DAG7, STM32MP135F-DK, STM32MP135FAE7, STM32MP135FAF7, STM32MP135FAF7T, STM32MP135FAF7U, STM32MP135FAG7, STM32MP231AAJ3, STM32MP231AAK3, STM32MP231AAL3, STM32MP231CAJ3, STM32MP231CAK3, STM32MP231CAL3, STM32MP231DAJ3, STM32MP231DAK3, STM32MP231DAL3, STM32MP231FAJ3, STM32MP231FAK3, STM32MP231FAL3, STM32MP233AAJ3, STM32MP233AAK3, STM32MP233AAL3, STM32MP233CAJ3, STM32MP233CAK3, STM32MP233CAL3, STM32MP233DAJ3, STM32MP233DAK3, STM32MP233DAL3, STM32MP233FAJ3, STM32MP233FAK3, STM32MP233FAL3, STM32MP235AAJ3, STM32MP235AAK3, STM32MP235AAL3, STM32MP235CAJ3, STM32MP235CAK3, STM32MP235CAL3, STM32MP235DAJ3, STM32MP235DAK3, STM32MP235DAL3, STM32MP235FAJ3, STM32MP235FAK3, STM32MP235FAL3, STM32MP251AAI3, STM32MP251AAJ3, STM32MP251AAK3, STM32MP251AAL3, STM32MP251CAI3, STM32MP251CAJ3, STM32MP251CAK3, STM32MP251CAL3, STM32MP251DAI3, STM32MP251DAJ3, STM32MP251DAK3, STM32MP251DAL3, STM32MP251FAI3, STM32MP251FAJ3, STM32MP251FAK3, STM32MP251FAL3, STM32MP253AAI3, STM32MP253AAJ3, STM32MP253AAK3, STM32MP253AAL3, STM32MP253CAI3, STM32MP253CAJ3, STM32MP253CAK3, STM32MP253CAL3, STM32MP253DAI3, STM32MP253DAJ3, STM32MP253DAK3, STM32MP253DAL3, STM32MP253FAI3, STM32MP253FAJ3, STM32MP253FAK3, STM32MP253FAL3, STM32MP255AAI3, STM32MP255AAJ3, STM32MP255AAK3, STM32MP255AAL3, STM32MP255CAI3, STM32MP255CAJ3, STM32MP255CAK3, STM32MP255CAL3, STM32MP255DAI3, STM32MP255DAJ3, STM32MP255DAK3, STM32MP255DAL3, STM32MP255FAI3, STM32MP255FAJ3, STM32MP255FAK3, STM32MP255FAL3, STM32MP257AAI3, STM32MP257AAJ3, STM32MP257AAK3, STM32MP257AAL3, STM32MP257CAI3, STM32MP257CAJ3, STM32MP257CAK3, STM32MP257CAL3, STM32MP257DAI3, STM32MP257DAJ3, STM32MP257DAK3, STM32MP257DAL3, STM32MP257F-DK, STM32MP257F-EV1, STM32MP257FAI3, STM32MP257FAJ3, STM32MP257FAK3, STM32MP257FAL3, STM32N645A0H3Q, STM32N645B0H3Q, STM32N645I0H3Q, STM32N645L0H3Q, STM32N645X0H3Q, STM32N645Z0H3Q, STM32N647A0H3Q, STM32N647B0H3Q, STM32N647I0H3Q, STM32N647L0H3Q, STM32N647X0H3Q, STM32N647Z0H3Q, STM32N655A0H3Q, STM32N655B0H3Q, STM32N655I0H3Q, STM32N655L0H3Q, STM32N655X0H3Q, STM32N655Z0H3Q, STM32N6570-DK, STM32N657A0H3Q, STM32N657B0H3Q, STM32N657I0H3Q, STM32N657L0H3Q, STM32N657X0H3Q, STM32N657Z0H3Q, STM32U031C6T6, STM32U031C6U6, STM32U031C8T6, STM32U031C8U6, STM32U031F4P6, STM32U031F6P6, STM32U031F8P6, STM32U031G6Y6TR, STM32U031G8Y6TR, STM32U031K4U6, STM32U031K6U6, STM32U031K8U6, STM32U031R6I6, STM32U031R6T6, STM32U031R8I6, STM32U031R8T6, STM32U073C8T6, STM32U073C8U6, STM32U073CBT6, STM32U073CBU6, STM32U073CCT6, STM32U073CCU6, STM32U073H8Y6TR, STM32U073HBY6TR, STM32U073HCY6TR, STM32U073K8U6, STM32U073KBU6, STM32U073KCU6, STM32U073M8I6, STM32U073M8T6, STM32U073MBI6, STM32U073MBT6, STM32U073MCI6, STM32U073MCT6, STM32U073R8I6, STM32U073R8T6, STM32U073RBI6, STM32U073RBT6, STM32U073RCI6, STM32U073RCT6, STM32U083C-DK, STM32U083CCT6, STM32U083CCU6, STM32U083HCY6TR, STM32U083KCU6, STM32U083MCI6, STM32U083MCT6, STM32U083RCI6, STM32U083RCT6, STM32U375CET6, STM32U375CET6Q, STM32U375CEU6, STM32U375CEU6Q, STM32U375CEY6QTR, STM32U375CGT6, STM32U375CGT6Q, STM32U375CGU6, STM32U375CGU6Q, STM32U375CGY6QTR, STM32U375KEU6, STM32U375KGU6, STM32U375REI6, STM32U375REI6Q, STM32U375RET6, STM32U375RET6Q, STM32U375REY6GTR, STM32U375REY6QTR, STM32U375RGI6, STM32U375RGI6Q, STM32U375RGT6, STM32U375RGT6Q, STM32U375RGY6GTR, STM32U375RGY6QTR, STM32U375VEI6, STM32U375VEI6Q, STM32U375VET6, STM32U375VET6Q, STM32U375VGI6, STM32U375VGI6Q, STM32U375VGT6, STM32U375VGT6Q, STM32U385CGT6, STM32U385CGT6Q, STM32U385CGU6, STM32U385CGU6Q, STM32U385CGY6QTR, STM32U385KGU6, STM32U385RGI6, STM32U385RGI6Q, STM32U385RGT6, STM32U385RGT6Q, STM32U385RGY6GTR, STM32U385RGY6QTR, STM32U385VGI6, STM32U385VGI6Q, STM32U385VGT6, STM32U385VGT6Q, STM32U535CBT6, STM32U535CBT6Q, STM32U535CBU6, STM32U535CBU6Q, STM32U535CCT6, STM32U535CCT6Q, STM32U535CCU6, STM32U535CCU6Q, STM32U535CET6, STM32U535CET6Q, STM32U535CEU6, STM32U535CEU6Q, STM32U535JEY6QTR, STM32U535NCY6QTR, STM32U535NEY6QTR, STM32U535RBI6, STM32U535RBI6Q, STM32U535RBT6, STM32U535RBT6Q, STM32U535RCI6, STM32U535RCI6Q, STM32U535RCT6, STM32U535RCT6Q, STM32U535REI6, STM32U535REI6Q, STM32U535RET6, STM32U535RET6Q, STM32U535VCI6, STM32U535VCI6Q, STM32U535VCT6, STM32U535VCT6Q, STM32U535VEI6, STM32U535VEI6Q, STM32U535VET6, STM32U535VET6Q, STM32U545CET6, STM32U545CET6Q, STM32U545CEU6, STM32U545CEU6Q, STM32U545JEY6QTR, STM32U545NEY6QTR, STM32U545REI6, STM32U545REI6Q, STM32U545RET6, STM32U545RET6Q, STM32U545VEI6, STM32U545VEI6Q, STM32U545VET6, STM32U545VET6Q, STM32U595AIH6, STM32U595AIH6Q, STM32U595AJH6, STM32U595AJH6Q, STM32U595QII6, STM32U595QII6Q, STM32U595QJI6, STM32U595QJI6Q, STM32U595RIT6, STM32U595RIT6Q, STM32U595RJT6, STM32U595RJT6Q, STM32U595VIT6, STM32U595VIT6Q, STM32U595VJT6, STM32U595VJT6Q, STM32U595ZIT6, STM32U595ZIT6Q, STM32U595ZIY6QTR, STM32U595ZJT6, STM32U595ZJT6Q, STM32U595ZJY6QTR, STM32U599BJY6QTR, STM32U599NIH6Q, STM32U599NJH6Q, STM32U599VIT6Q, STM32U599VJT6, STM32U599VJT6Q, STM32U599ZIT6Q, STM32U599ZIY6QTR, STM32U599ZJT6Q, STM32U599ZJY6QTR, STM32U5A5AJH6, STM32U5A5AJH6Q, STM32U5A5QII3Q , STM32U5A5QJI6, STM32U5A5QJI6Q, STM32U5A5RJT6, STM32U5A5RJT6Q, STM32U5A5VJT6, STM32U5A5VJT6Q, STM32U5A5ZJT6, STM32U5A5ZJT6Q, STM32U5A5ZJY6QTR, STM32U5A9BJY6QTR, STM32U5A9J-DK, STM32U5A9NJH6Q, STM32U5A9VJT6Q, STM32U5A9ZJT6Q, STM32U5A9ZJY6QTR, STM32U5F7VIT6, STM32U5F7VIT6Q, STM32U5F7VJT6, STM32U5F7VJT6Q, STM32U5F9BJY6QTR, STM32U5F9NJH6Q, STM32U5F9VIT6Q, STM32U5F9VJT6Q, STM32U5F9ZIJ6QTR, STM32U5F9ZIT6Q, STM32U5F9ZJJ6QTR, STM32U5F9ZJT6Q, STM32U5G7VJT6, STM32U5G7VJT6Q, STM32U5G9BJY6QTR, STM32U5G9J-DK1, STM32U5G9J-DK2, STM32U5G9NJH6Q, STM32U5G9VJT6Q, STM32U5G9ZJJ6QTR, STM32U5G9ZJT6Q, STM32WB05KZV6TR, STM32WB05KZV7TR, STM32WB05TZF6TR, STM32WB05TZF7TR, STM32WB06CCF6TR, STM32WB06CCF7TR, STM32WB06CCV6TR, STM32WB06CCV7TR, STM32WB06KCV6TR, STM32WB06KCV7TR, STM32WB07CCF6TR, STM32WB07CCF7TR, STM32WB07CCV6TR, STM32WB07CCV7TR, STM32WB07KCV6TR, STM32WB07KCV7TR, STM32WB09KEV6TR, STM32WB09KEV7TR, STM32WB09TEF6TR, STM32WB09TEF7TR, STM32WB1MMCH6, STM32WBA50KGU6, STM32WBA50KGU6TR, STM32WBA52CEU6, STM32WBA52CEU6TR, STM32WBA52CEU7, STM32WBA52CEU7TR, STM32WBA52CGU6, STM32WBA52CGU6TR, STM32WBA52CGU6U, STM32WBA52CGU7, STM32WBA52CGU7TR, STM32WBA52KEU6, STM32WBA52KEU6TR, STM32WBA52KGU6, STM32WBA52KGU6TR, STM32WBA54CEU6, STM32WBA54CEU6TR, STM32WBA54CEU7, STM32WBA54CEU7TR, STM32WBA54CGU6, STM32WBA54CGU6TR, STM32WBA54CGU7, STM32WBA54CGU7TR, STM32WBA54KEU6, STM32WBA54KEU6TR, STM32WBA54KEU7, STM32WBA54KEU7TR, STM32WBA54KGU6, STM32WBA54KGU6TR, STM32WBA54KGU7, STM32WBA54KGU7TR, STM32WBA55CEU6, STM32WBA55CEU6TR, STM32WBA55CEU7, STM32WBA55CEU7TR, STM32WBA55CGU6, STM32WBA55CGU6TR, STM32WBA55CGU6U, STM32WBA55CGU7, STM32WBA55CGU7TR, STM32WBA55G-DK1, STM32WBA55HEF6, STM32WBA55HEF7, STM32WBA55HGF6, STM32WBA55HGF7, STM32WBA55UEI6, STM32WBA55UEI6TR, STM32WBA55UEI7, STM32WBA55UEI7TR, STM32WBA55UGI6, STM32WBA55UGI6TR, STM32WBA55UGI7, STM32WBA55UGI7TR, STM32WBA5MJGH6TR, STM32WBA62CGU6, STM32WBA62CIU6, STM32WBA62MGF6, STM32WBA62MIF6, STM32WBA62PGI6, STM32WBA62PII6, STM32WBA63CGU6, STM32WBA63CGU7, STM32WBA63CIU6, STM32WBA63CIU7, STM32WBA64CGU6, STM32WBA64CGU7, STM32WBA64CIU6, STM32WBA64CIU7, STM32WBA65CGU6, STM32WBA65CGU7, STM32WBA65CIU6, STM32WBA65CIU7, STM32WBA65I-DK1, STM32WBA65MGF6, STM32WBA65MGF7, STM32WBA65MIF6, STM32WBA65MIF7, STM32WBA65PGI6, STM32WBA65PGI7, STM32WBA65PII6, STM32WBA65PII7, STM32WBA65RGV6, STM32WBA65RGV7, STM32WBA65RIV6, STM32WBA65RIV7, STM32WL30K8V6, STM32WL30KBV6, STM32WL31C8V6, STM32WL31CBV6, STM32WL31K8V6, STM32WL31KBV6, STM32WL33C8V6, STM32WL33C8V6TR, STM32WL33C8V7, STM32WL33C8V7TR, STM32WL33CBV6, STM32WL33CBV6TR, STM32WL33CBV7, STM32WL33CBV7TR, STM32WL33CCV6, STM32WL33CCV6TR, STM32WL33CCV7, STM32WL33CCV7A, STM32WL33CCV7ATR, STM32WL33CCV7TR, STM32WL33K8V6, STM32WL33K8V6TR, STM32WL33K8V7, STM32WL33K8V7TR, STM32WL33KBV6, STM32WL33KBV6TR, STM32WL33KBV7, STM32WL33KBV7TR, STM32WL33KCV6, STM32WL33KCV6TR, STM32WL33KCV7, STM32WL33KCV7TR, STM32WL5MOCH6, STM32WL5MOCH6TR]
2025-08-08 10:33:13,579 [INFO] ApiDb:668 - CubeFinder database Data Model version=2.1
2025-08-08 10:33:13,579 [INFO] ApiDb:669 - CubeFinder database Configuration version=3.0.39
2025-08-08 10:33:13,580 [INFO] ApiDb:670 - CubeFinder database generation date=2025-07-24 (1753349077)
2025-08-08 10:33:13,580 [INFO] ApiDb:671 - CubeFinder database FW Pack versions=[FP-ATR-ASTRA1_V2.0.0, FP-SNS-FLIGHT1_V5.1.0, FP-SNS-MOTENV1_V5.0.0, FP-SNS-MOTENVWB1_V1.4.0, FP-SNS-SMARTAG2_V1.2.0, FP-SNS-STBOX1_V2.0.0, STM32Cube_FW_C0_V1.4.0, STM32Cube_FW_F4_V1.28.2, STM32Cube_FW_F7_V1.17.3, STM32Cube_FW_G0_V1.6.2, STM32Cube_FW_G4_V1.6.1, STM32Cube_FW_H5_V1.5.0, STM32Cube_FW_H7RS_V1.2.0, STM32Cube_FW_H7_V1.12.1, STM32Cube_FW_L0_V1.12.2, STM32Cube_FW_L4_V1.18.1, STM32Cube_FW_L5_V1.5.1, STM32Cube_FW_N6_V1.2.0, STM32Cube_FW_U0_V1.3.0, STM32Cube_FW_U3_V1.2.0, STM32Cube_FW_U5_V1.8.0, STM32Cube_FW_WB0_V1.3.0, STM32Cube_FW_WBA_V1.7.0, STM32Cube_FW_WB_V1.23.0, STM32Cube_FW_WL3_V1.2.0, STM32Cube_FW_WL_V1.3.1, X-CUBE-ALGOBUILD_V1.4.0, X-CUBE-ALS_V1.0.2, X-CUBE-AZRTOS-F4_V1.1.0, X-CUBE-AZRTOS-F7_V1.1.0, X-CUBE-AZRTOS-G0_V1.1.0, X-CUBE-AZRTOS-G4_V2.0.0, X-CUBE-AZRTOS-H7RS_V1.1.0, X-CUBE-AZRTOS-H7_V3.4.0, X-CUBE-AZRTOS-L4_V2.0.0, X-CUBE-AZRTOS-L5_V2.0.0, X-CUBE-AZRTOS-WB_V2.0.0, X-CUBE-AZRTOS-WL_V2.0.0, X-CUBE-BLE1_V7.1.0, X-CUBE-BLE2_V3.3.0, X-CUBE-BLEMGR_V4.1.0, X-CUBE-EEPRMA1_V5.2.0, X-CUBE-FREERTOS_V1.3.1, X-CUBE-GNSS1_V6.0.0, X-CUBE-MEMS1_V11.3.0, X-CUBE-NFC4_V3.0.0, X-CUBE-NFC7_V2.0.0, X-CUBE-SFXS2LP1_V4.0.0, X-CUBE-ST67W61_V1.0.0, X-CUBE-SUBG2_V5.0.0, X-CUBE-TOF1_V3.4.3]
2025-08-08 10:33:15,955 [INFO] ApiDb:240 - Found 895 in-development CPN: [B-G473E-ZEST1S, B-WB1M-WPAN1, B-WBA5M-WPAN, B-WL5M-SUBG1, NUCLEO-C031C6, NUCLEO-C051C8, NUCLEO-C071RB, NUCLEO-C092RC, NUCLEO-H503RB, NUCLEO-H533RE, NUCLEO-H563ZI, NUCLEO-H7S3L8, NUCLEO-N657X0-Q, NUCLEO-U031R8, NUCLEO-U083RC, NUCLEO-U385RG-Q, NUCLEO-U545RE-Q, NUCLEO-U5A5ZJ-Q, NUCLEO-WB05KZ, NUCLEO-WB07CC, NUCLEO-WB09KE, NUCLEO-WBA52CG, NUCLEO-WBA55CG, NUCLEO-WBA65RI, NUCLEO-WL33CC1, NUCLEO-WL33CC2, STEVAL-PROTEUS1, STEVAL-SMARTAG2, STEVAL-STWINBX1, STM320518-EVAL, STM32C0116-DK, STM32C011D6Y3TR, STM32C011D6Y6TR, STM32C011F4P3, STM32C011F4P6, STM32C011F4U3, STM32C011F4U6TR, STM32C011F6P3, STM32C011F6P6, STM32C011F6U3, STM32C011F6U6TR, STM32C011J4M3, STM32C011J4M6, STM32C011J6M3, STM32C011J6M6, STM32C0316-DK, STM32C031C4T3, STM32C031C4T6, STM32C031C4U3, STM32C031C4U6, STM32C031C6T3, STM32C031C6T6, STM32C031C6U3, STM32C031C6U6, STM32C031F4P3, STM32C031F4P6, STM32C031F6P3, STM32C031F6P6, STM32C031G4U3, STM32C031G4U6, STM32C031G6U3, STM32C031G6U6, STM32C031K4T3, STM32C031K4T6, STM32C031K4U3, STM32C031K4U6, STM32C031K6T3, STM32C031K6T6, STM32C031K6U3, STM32C031K6U6, STM32C051C6T6, STM32C051C6U6, STM32C051C8T6, STM32C051C8U6, STM32C051D8Y6TR, STM32C051F6P6, STM32C051F8P6, STM32C051G6U6, STM32C051G8U6, STM32C051K6T6, STM32C051K6U6, STM32C051K8T6, STM32C071C8T6, STM32C071C8T6N, STM32C071C8U6, STM32C071C8U6N, STM32C071CBT6, STM32C071CBT6N, STM32C071CBU6, STM32C071CBU6N, STM32C071F8P6, STM32C071F8P6N, STM32C071FBP6, STM32C071FBP6N, STM32C071FBY6TR, STM32C071G8U6, STM32C071G8U6N, STM32C071GBU6, STM32C071GBU6N, STM32C071K8T6, STM32C071K8T6N, STM32C071K8U6, STM32C071K8U6N, STM32C071KBT6, STM32C071KBT6N, STM32C071KBU6, STM32C071KBU6N, STM32C071R8T6, STM32C071R8T6N, STM32C071RBI6N, STM32C071RBT6, STM32C071RBT6N, STM32C091CBT6, STM32C091CBU6, STM32C091CCT6, STM32C091CCU6, STM32C091ECY6TR, STM32C091FBP6, STM32C091FCP6, STM32C091GBU6, STM32C091GCU6, STM32C091KBT6, STM32C091KBU6, STM32C091KCT6, STM32C091KCU6, STM32C091RBT6, STM32C091RCI6, STM32C091RCT6, STM32C092CBT6, STM32C092CBU6, STM32C092CCT6, STM32C092CCU6, STM32C092ECY6TR, STM32C092FBP6, STM32C092FCP6, STM32C092GBU6, STM32C092GCU6, STM32C092KBT6, STM32C092KBU6, STM32C092KCT6, STM32C092KCU6, STM32C092RBT6, STM32C092RCI6, STM32C092RCT6, STM32G071K8TXN, STM32G071K8UXN, STM32G081GBU6N, STM32G081KBT6N, STM32G081KBUXN, STM32G0B1CCT6N, STM32G0B1KCT6, STM32G0B1NEY6TR, STM32G0B1RCT6N, STM32G0C1CCT6, STM32G0C1CCT6N, STM32G0C1CCU6N, STM32G0C1CET6N, STM32G0C1CEU6N, STM32G0C1KCT6, STM32G0C1NEY6TR, STM32G0C1RCI6N, STM32G0C1RCT6N, STM32G0C1REI6N, STM32G0C1RET6N, STM32G0C1VCI6, STM32G0C1VEI6, STM32G411C6T3, STM32G411C6T6, STM32G411C6U3, STM32G411C6U6, STM32G411C8T3, STM32G411C8T6, STM32G411C8U3, STM32G411C8U6, STM32G411CBT3, STM32G411CBT6, STM32G411CBU3, STM32G411CBU6, STM32G411CCT3, STM32G411CCT6, STM32G411CCU3, STM32G411CCU6, STM32G411K6T3, STM32G411K6T6, STM32G411K6U3, STM32G411K6U6, STM32G411K8T3, STM32G411K8T6, STM32G411K8U3, STM32G411K8U6, STM32G411KBT3, STM32G411KBT6, STM32G411KBU3, STM32G411KBU6, STM32G411M6T3, STM32G411M6T6, STM32G411M8T3, STM32G411M8T6, STM32G411MBT3, STM32G411MBT6, STM32G411MCT3, STM32G411MCT6, STM32G411R6T3, STM32G411R6T6, STM32G411R8T3, STM32G411R8T6, STM32G411RBT3, STM32G411RBT6, STM32G411RCT3, STM32G411RCT6, STM32G414CBT3, STM32G414CBT6, STM32G414CBU3, STM32G414CBU6, STM32G414CCT3, STM32G414CCT6, STM32G414CCU3, STM32G414CCU6, STM32G414MBT3, STM32G414MBT6, STM32G414MCT3, STM32G414MCT6, STM32G414RBT3, STM32G414RBT6, STM32G414RCT3, STM32G414RCT6, STM32G414VBT3, STM32G414VBT6, STM32G414VCT3, STM32G414VCT6, STM32G431CBT3Z, STM32G431RBT3Z, STM32G471CCT6, STM32G471CCU6, STM32G471CET3, STM32G471CET6, STM32G471CEU3, STM32G471CEU6, STM32G471MCT6, STM32G471MET3, STM32G471MET6, STM32G471MEY6TR, STM32G471QCT6, STM32G471QET3, STM32G471RCT6, STM32G471RET3, STM32G471RET6, STM32G471VCH6, STM32G471VCI6, STM32G471VCT6, STM32G471VEH3, STM32G471VEH6, STM32G471VEI3, STM32G471VEI6, STM32G471VET3, STM32G471VET6, STM32G473QET3Z, STM32G473RET3Z, STM32G474CCT6, STM32G491RET3Z, STM32H503CBT6, STM32H503CBU6, STM32H503EBY6TR, STM32H503KBU6, STM32H503RBT6, STM32H523CCT6, STM32H523CCU6, STM32H523CET6, STM32H523CEU6, STM32H523HEY6TR, STM32H523RCT6, STM32H523RET6, STM32H523VCI6, STM32H523VCT6, STM32H523VEI6, STM32H523VET6, STM32H523ZCJ6, STM32H523ZCT6, STM32H523ZEJ6, STM32H523ZET6, STM32H533CET6, STM32H533CEU6, STM32H533HEY6TR, STM32H533RET6, STM32H533VEI6, STM32H533VET6, STM32H533ZEJ6, STM32H533ZET6, STM32H562AGI6, STM32H562AII6, STM32H562IGK6, STM32H562IGT6, STM32H562IIK6, STM32H562IIT6, STM32H562RGT6, STM32H562RGV6, STM32H562RIT6, STM32H562RIV6, STM32H562VGT6, STM32H562VIT6, STM32H562ZGT6, STM32H562ZIT6, STM32H563AGI6, STM32H563AII3Q, STM32H563AII6, STM32H563IGK6, STM32H563IGT6, STM32H563IIK3Q, STM32H563IIK6, STM32H563IIT3Q, STM32H563IIT6, STM32H563MIY3QTR, STM32H563RGT6, STM32H563RGV6, STM32H563RIT6, STM32H563RIV6, STM32H563VGT6, STM32H563VIT3Q, STM32H563VIT6, STM32H563ZGT6, STM32H563ZIT3Q, STM32H563ZIT6, STM32H573AII3Q, STM32H573AII6, STM32H573I-DK, STM32H573IIK3Q, STM32H573IIK6, STM32H573IIT3Q, STM32H573IIT6, STM32H573MIY3QTR, STM32H573RIT6, STM32H573RIV6, STM32H573VIT3Q, STM32H573VIT6, STM32H573ZIT3Q, STM32H573ZIT6, STM32H7R3A8I6, STM32H7R3I8K6, STM32H7R3I8T6, STM32H7R3L8H6, STM32H7R3L8H6H, STM32H7R3R8V6, STM32H7R3V8H6, STM32H7R3V8T6, STM32H7R3V8Y6TR, STM32H7R3Z8J6, STM32H7R3Z8T6, STM32H7R7A8I6, STM32H7R7I8K6, STM32H7R7I8T6, STM32H7R7L8H6, STM32H7R7L8H6H, STM32H7R7Z8J6, STM32H7S3A8I6, STM32H7S3I8K6, STM32H7S3I8T6, STM32H7S3L8H6, STM32H7S3L8H6H, STM32H7S3R8V6, STM32H7S3V8H6, STM32H7S3V8T6, STM32H7S3V8Y6TR, STM32H7S3Z8J6, STM32H7S3Z8T6, STM32H7S78-DK, STM32H7S7A8I6, STM32H7S7I8K6, STM32H7S7I8T6, STM32H7S7L8H6, STM32H7S7L8H6H, STM32H7S7Z8J6, STM32L4R5QGI6STR, STM32MP131AAE3, STM32MP131AAF3, STM32MP131AAG3, STM32MP131CAE3, STM32MP131CAF3, STM32MP131CAG3, STM32MP131DAE7, STM32MP131DAF7, STM32MP131DAG7, STM32MP131FAE7, STM32MP131FAF7, STM32MP131FAG7, STM32MP133AAE3, STM32MP133AAF3, STM32MP133AAG3, STM32MP133CAE3, STM32MP133CAF3, STM32MP133CAG3, STM32MP133DAE7, STM32MP133DAF7, STM32MP133DAG7, STM32MP133FAE7, STM32MP133FAF7, STM32MP133FAG7, STM32MP135AAE3, STM32MP135AAF3, STM32MP135AAG3, STM32MP135CAE3, STM32MP135CAF3, STM32MP135CAG3, STM32MP135DAE7, STM32MP135DAF7, STM32MP135DAG7, STM32MP135F-DK, STM32MP135FAE7, STM32MP135FAF7, STM32MP135FAF7T, STM32MP135FAF7U, STM32MP135FAG7, STM32MP231AAJ3, STM32MP231AAK3, STM32MP231AAL3, STM32MP231CAJ3, STM32MP231CAK3, STM32MP231CAL3, STM32MP231DAJ3, STM32MP231DAK3, STM32MP231DAL3, STM32MP231FAJ3, STM32MP231FAK3, STM32MP231FAL3, STM32MP233AAJ3, STM32MP233AAK3, STM32MP233AAL3, STM32MP233CAJ3, STM32MP233CAK3, STM32MP233CAL3, STM32MP233DAJ3, STM32MP233DAK3, STM32MP233DAL3, STM32MP233FAJ3, STM32MP233FAK3, STM32MP233FAL3, STM32MP235AAJ3, STM32MP235AAK3, STM32MP235AAL3, STM32MP235CAJ3, STM32MP235CAK3, STM32MP235CAL3, STM32MP235DAJ3, STM32MP235DAK3, STM32MP235DAL3, STM32MP235FAJ3, STM32MP235FAK3, STM32MP235FAL3, STM32MP251AAI3, STM32MP251AAJ3, STM32MP251AAK3, STM32MP251AAL3, STM32MP251CAI3, STM32MP251CAJ3, STM32MP251CAK3, STM32MP251CAL3, STM32MP251DAI3, STM32MP251DAJ3, STM32MP251DAK3, STM32MP251DAL3, STM32MP251FAI3, STM32MP251FAJ3, STM32MP251FAK3, STM32MP251FAL3, STM32MP253AAI3, STM32MP253AAJ3, STM32MP253AAK3, STM32MP253AAL3, STM32MP253CAI3, STM32MP253CAJ3, STM32MP253CAK3, STM32MP253CAL3, STM32MP253DAI3, STM32MP253DAJ3, STM32MP253DAK3, STM32MP253DAL3, STM32MP253FAI3, STM32MP253FAJ3, STM32MP253FAK3, STM32MP253FAL3, STM32MP255AAI3, STM32MP255AAJ3, STM32MP255AAK3, STM32MP255AAL3, STM32MP255CAI3, STM32MP255CAJ3, STM32MP255CAK3, STM32MP255CAL3, STM32MP255DAI3, STM32MP255DAJ3, STM32MP255DAK3, STM32MP255DAL3, STM32MP255FAI3, STM32MP255FAJ3, STM32MP255FAK3, STM32MP255FAL3, STM32MP257AAI3, STM32MP257AAJ3, STM32MP257AAK3, STM32MP257AAL3, STM32MP257CAI3, STM32MP257CAJ3, STM32MP257CAK3, STM32MP257CAL3, STM32MP257DAI3, STM32MP257DAJ3, STM32MP257DAK3, STM32MP257DAL3, STM32MP257F-DK, STM32MP257F-EV1, STM32MP257FAI3, STM32MP257FAJ3, STM32MP257FAK3, STM32MP257FAL3, STM32N645A0H3Q, STM32N645B0H3Q, STM32N645I0H3Q, STM32N645L0H3Q, STM32N645X0H3Q, STM32N645Z0H3Q, STM32N647A0H3Q, STM32N647B0H3Q, STM32N647I0H3Q, STM32N647L0H3Q, STM32N647X0H3Q, STM32N647Z0H3Q, STM32N655A0H3Q, STM32N655B0H3Q, STM32N655I0H3Q, STM32N655L0H3Q, STM32N655X0H3Q, STM32N655Z0H3Q, STM32N6570-DK, STM32N657A0H3Q, STM32N657B0H3Q, STM32N657I0H3Q, STM32N657L0H3Q, STM32N657X0H3Q, STM32N657Z0H3Q, STM32U031C6T6, STM32U031C6U6, STM32U031C8T6, STM32U031C8U6, STM32U031F4P6, STM32U031F6P6, STM32U031F8P6, STM32U031G6Y6TR, STM32U031G8Y6TR, STM32U031K4U6, STM32U031K6U6, STM32U031K8U6, STM32U031R6I6, STM32U031R6T6, STM32U031R8I6, STM32U031R8T6, STM32U073C8T6, STM32U073C8U6, STM32U073CBT6, STM32U073CBU6, STM32U073CCT6, STM32U073CCU6, STM32U073H8Y6TR, STM32U073HBY6TR, STM32U073HCY6TR, STM32U073K8U6, STM32U073KBU6, STM32U073KCU6, STM32U073M8I6, STM32U073M8T6, STM32U073MBI6, STM32U073MBT6, STM32U073MCI6, STM32U073MCT6, STM32U073R8I6, STM32U073R8T6, STM32U073RBI6, STM32U073RBT6, STM32U073RCI6, STM32U073RCT6, STM32U083C-DK, STM32U083CCT6, STM32U083CCU6, STM32U083HCY6TR, STM32U083KCU6, STM32U083MCI6, STM32U083MCT6, STM32U083RCI6, STM32U083RCT6, STM32U375CET6, STM32U375CET6Q, STM32U375CEU6, STM32U375CEU6Q, STM32U375CEY6QTR, STM32U375CGT6, STM32U375CGT6Q, STM32U375CGU6, STM32U375CGU6Q, STM32U375CGY6QTR, STM32U375KEU6, STM32U375KGU6, STM32U375REI6, STM32U375REI6Q, STM32U375RET6, STM32U375RET6Q, STM32U375REY6GTR, STM32U375REY6QTR, STM32U375RGI6, STM32U375RGI6Q, STM32U375RGT6, STM32U375RGT6Q, STM32U375RGY6GTR, STM32U375RGY6QTR, STM32U375VEI6, STM32U375VEI6Q, STM32U375VET6, STM32U375VET6Q, STM32U375VGI6, STM32U375VGI6Q, STM32U375VGT6, STM32U375VGT6Q, STM32U385CGT6, STM32U385CGT6Q, STM32U385CGU6, STM32U385CGU6Q, STM32U385CGY6QTR, STM32U385KGU6, STM32U385RGI6, STM32U385RGI6Q, STM32U385RGT6, STM32U385RGT6Q, STM32U385RGY6GTR, STM32U385RGY6QTR, STM32U385VGI6, STM32U385VGI6Q, STM32U385VGT6, STM32U385VGT6Q, STM32U535CBT6, STM32U535CBT6Q, STM32U535CBU6, STM32U535CBU6Q, STM32U535CCT6, STM32U535CCT6Q, STM32U535CCU6, STM32U535CCU6Q, STM32U535CET6, STM32U535CET6Q, STM32U535CEU6, STM32U535CEU6Q, STM32U535JEY6QTR, STM32U535NCY6QTR, STM32U535NEY6QTR, STM32U535RBI6, STM32U535RBI6Q, STM32U535RBT6, STM32U535RBT6Q, STM32U535RCI6, STM32U535RCI6Q, STM32U535RCT6, STM32U535RCT6Q, STM32U535REI6, STM32U535REI6Q, STM32U535RET6, STM32U535RET6Q, STM32U535VCI6, STM32U535VCI6Q, STM32U535VCT6, STM32U535VCT6Q, STM32U535VEI6, STM32U535VEI6Q, STM32U535VET6, STM32U535VET6Q, STM32U545CET6, STM32U545CET6Q, STM32U545CEU6, STM32U545CEU6Q, STM32U545JEY6QTR, STM32U545NEY6QTR, STM32U545REI6, STM32U545REI6Q, STM32U545RET6, STM32U545RET6Q, STM32U545VEI6, STM32U545VEI6Q, STM32U545VET6, STM32U545VET6Q, STM32U595AIH6, STM32U595AIH6Q, STM32U595AJH6, STM32U595AJH6Q, STM32U595QII6, STM32U595QII6Q, STM32U595QJI6, STM32U595QJI6Q, STM32U595RIT6, STM32U595RIT6Q, STM32U595RJT6, STM32U595RJT6Q, STM32U595VIT6, STM32U595VIT6Q, STM32U595VJT6, STM32U595VJT6Q, STM32U595ZIT6, STM32U595ZIT6Q, STM32U595ZIY6QTR, STM32U595ZJT6, STM32U595ZJT6Q, STM32U595ZJY6QTR, STM32U599BJY6QTR, STM32U599NIH6Q, STM32U599NJH6Q, STM32U599VIT6Q, STM32U599VJT6, STM32U599VJT6Q, STM32U599ZIT6Q, STM32U599ZIY6QTR, STM32U599ZJT6Q, STM32U599ZJY6QTR, STM32U5A5AJH6, STM32U5A5AJH6Q, STM32U5A5QII3Q , STM32U5A5QJI6, STM32U5A5QJI6Q, STM32U5A5RJT6, STM32U5A5RJT6Q, STM32U5A5VJT6, STM32U5A5VJT6Q, STM32U5A5ZJT6, STM32U5A5ZJT6Q, STM32U5A5ZJY6QTR, STM32U5A9BJY6QTR, STM32U5A9J-DK, STM32U5A9NJH6Q, STM32U5A9VJT6Q, STM32U5A9ZJT6Q, STM32U5A9ZJY6QTR, STM32U5F7VIT6, STM32U5F7VIT6Q, STM32U5F7VJT6, STM32U5F7VJT6Q, STM32U5F9BJY6QTR, STM32U5F9NJH6Q, STM32U5F9VIT6Q, STM32U5F9VJT6Q, STM32U5F9ZIJ6QTR, STM32U5F9ZIT6Q, STM32U5F9ZJJ6QTR, STM32U5F9ZJT6Q, STM32U5G7VJT6, STM32U5G7VJT6Q, STM32U5G9BJY6QTR, STM32U5G9J-DK1, STM32U5G9J-DK2, STM32U5G9NJH6Q, STM32U5G9VJT6Q, STM32U5G9ZJJ6QTR, STM32U5G9ZJT6Q, STM32WB05KZV6TR, STM32WB05KZV7TR, STM32WB05TZF6TR, STM32WB05TZF7TR, STM32WB06CCF6TR, STM32WB06CCF7TR, STM32WB06CCV6TR, STM32WB06CCV7TR, STM32WB06KCV6TR, STM32WB06KCV7TR, STM32WB07CCF6TR, STM32WB07CCF7TR, STM32WB07CCV6TR, STM32WB07CCV7TR, STM32WB07KCV6TR, STM32WB07KCV7TR, STM32WB09KEV6TR, STM32WB09KEV7TR, STM32WB09TEF6TR, STM32WB09TEF7TR, STM32WB1MMCH6, STM32WBA50KGU6, STM32WBA50KGU6TR, STM32WBA52CEU6, STM32WBA52CEU6TR, STM32WBA52CEU7, STM32WBA52CEU7TR, STM32WBA52CGU6, STM32WBA52CGU6TR, STM32WBA52CGU6U, STM32WBA52CGU7, STM32WBA52CGU7TR, STM32WBA52KEU6, STM32WBA52KEU6TR, STM32WBA52KGU6, STM32WBA52KGU6TR, STM32WBA54CEU6, STM32WBA54CEU6TR, STM32WBA54CEU7, STM32WBA54CEU7TR, STM32WBA54CGU6, STM32WBA54CGU6TR, STM32WBA54CGU7, STM32WBA54CGU7TR, STM32WBA54KEU6, STM32WBA54KEU6TR, STM32WBA54KEU7, STM32WBA54KEU7TR, STM32WBA54KGU6, STM32WBA54KGU6TR, STM32WBA54KGU7, STM32WBA54KGU7TR, STM32WBA55CEU6, STM32WBA55CEU6TR, STM32WBA55CEU7, STM32WBA55CEU7TR, STM32WBA55CGU6, STM32WBA55CGU6TR, STM32WBA55CGU6U, STM32WBA55CGU7, STM32WBA55CGU7TR, STM32WBA55G-DK1, STM32WBA55HEF6, STM32WBA55HEF7, STM32WBA55HGF6, STM32WBA55HGF7, STM32WBA55UEI6, STM32WBA55UEI6TR, STM32WBA55UEI7, STM32WBA55UEI7TR, STM32WBA55UGI6, STM32WBA55UGI6TR, STM32WBA55UGI7, STM32WBA55UGI7TR, STM32WBA5MJGH6TR, STM32WBA62CGU6, STM32WBA62CIU6, STM32WBA62MGF6, STM32WBA62MIF6, STM32WBA62PGI6, STM32WBA62PII6, STM32WBA63CGU6, STM32WBA63CGU7, STM32WBA63CIU6, STM32WBA63CIU7, STM32WBA64CGU6, STM32WBA64CGU7, STM32WBA64CIU6, STM32WBA64CIU7, STM32WBA65CGU6, STM32WBA65CGU7, STM32WBA65CIU6, STM32WBA65CIU7, STM32WBA65I-DK1, STM32WBA65MGF6, STM32WBA65MGF7, STM32WBA65MIF6, STM32WBA65MIF7, STM32WBA65PGI6, STM32WBA65PGI7, STM32WBA65PII6, STM32WBA65PII7, STM32WBA65RGV6, STM32WBA65RGV7, STM32WBA65RIV6, STM32WBA65RIV7, STM32WL30K8V6, STM32WL30KBV6, STM32WL31C8V6, STM32WL31CBV6, STM32WL31K8V6, STM32WL31KBV6, STM32WL33C8V6, STM32WL33C8V6TR, STM32WL33C8V7, STM32WL33C8V7TR, STM32WL33CBV6, STM32WL33CBV6TR, STM32WL33CBV7, STM32WL33CBV7TR, STM32WL33CCV6, STM32WL33CCV6TR, STM32WL33CCV7, STM32WL33CCV7A, STM32WL33CCV7ATR, STM32WL33CCV7TR, STM32WL33K8V6, STM32WL33K8V6TR, STM32WL33K8V7, STM32WL33K8V7TR, STM32WL33KBV6, STM32WL33KBV6TR, STM32WL33KBV7, STM32WL33KBV7TR, STM32WL33KCV6, STM32WL33KCV6TR, STM32WL33KCV7, STM32WL33KCV7TR, STM32WL5MOCH6, STM32WL5MOCH6TR]
2025-08-08 10:33:15,963 [INFO] DbMcus:218 - Found 4747 MCUs, 4747 are supported
2025-08-08 10:33:15,965 [INFO] ApiDb:423 - Load user favorites file C:\Users\Oguzm/.stm32cubeide/favorites.mcus.txt: 0 item(s)
2025-08-08 10:33:15,965 [INFO] ApiDb:427 - User favorites MCUs=[]
2025-08-08 10:33:15,965 [INFO] DbMcus:224 - Set 0 / 0 favorites MCUs
2025-08-08 10:33:17,199 [INFO] BoardInfo:889 - No configuration file found for board P-NUCLEO-WB55
2025-08-08 10:33:17,200 [INFO] DbBoards:161 - Kit is not supported: P-NUCLEO-WB55
2025-08-08 10:33:17,208 [INFO] BoardInfo:889 - No configuration file found for board STEVAL-BFA001V1B
2025-08-08 10:33:17,209 [INFO] DbBoards:161 - Kit is not supported: STEVAL-BFA001V1B
2025-08-08 10:33:17,210 [INFO] BoardInfo:889 - No configuration file found for board STEVAL-BFA001V2B
2025-08-08 10:33:17,212 [INFO] DbBoards:161 - Kit is not supported: STEVAL-BFA001V2B
2025-08-08 10:33:17,532 [INFO] DbBoards:168 - Found 211 boards, 208 are supported
2025-08-08 10:33:17,532 [INFO] DbBoards:169 - Found 211 boards, 43 of them is supported for  Bsp
2025-08-08 10:33:17,537 [INFO] ApiDb:423 - Load user favorites file C:\Users\Oguzm/.stm32cubeide/favorites.boards.txt: 1 item(s)
2025-08-08 10:33:17,538 [INFO] ApiDb:427 - User favorites Boards=[NUCLEO-G071RB]
2025-08-08 10:33:17,538 [INFO] DbBoards:198 - Set 1 / 1 favorites Boards
2025-08-08 10:33:17,585 [INFO] UtilMem:75 - End LoadConfig() Used Memory: 457417920 Bytes (702545920)
2025-08-08 10:33:17,793 [WARN] ThirdParty:833 - waiting for thirdparty lock release [change project]
2025-08-08 10:33:17,793 [INFO] ThirdParty:835 - entering critical section [change project]
2025-08-08 10:33:17,794 [INFO] ThirdParty:1030 - CMSIS Pack Vendor :STMicroelectronics X-CUBE-PM33A1 1.0.0
2025-08-08 10:33:17,794 [INFO] ThirdParty:1030 - CMSIS Pack Vendor :STMicroelectronics USBPD 4.1
2025-08-08 10:33:17,794 [INFO] ThirdParty:1030 - CMSIS Pack Vendor :STMicroelectronics X-CUBE-AZRTOS-H7 3.3.0
2025-08-08 10:33:17,794 [INFO] ThirdParty:1030 - CMSIS Pack Vendor :STMicroelectronics X-CUBE-NFC9 1.0.0
2025-08-08 10:33:17,794 [INFO] ThirdParty:1030 - CMSIS Pack Vendor :wolfSSL I-CUBE-wolfSSL 5.8.0
2025-08-08 10:33:17,794 [INFO] ThirdParty:1030 - CMSIS Pack Vendor :STMicroelectronics USB_HOST 2.0.0
2025-08-08 10:33:17,794 [INFO] ThirdParty:1030 - CMSIS Pack Vendor :STMicroelectronics FP-SNS-MOTENVWB1 1.4.0
2025-08-08 10:33:17,794 [INFO] ThirdParty:1030 - CMSIS Pack Vendor :STMicroelectronics X-CUBE-AZRTOS-F4 1.1.0
2025-08-08 10:33:17,794 [INFO] ThirdParty:1030 - CMSIS Pack Vendor :STMicroelectronics LIBJPEG 8.0.0
2025-08-08 10:33:17,794 [INFO] ThirdParty:1030 - CMSIS Pack Vendor :STMicroelectronics FP-ATR-ASTRA1 2.0.2
2025-08-08 10:33:17,794 [INFO] ThirdParty:1030 - CMSIS Pack Vendor :STMicroelectronics X-CUBE-BLE1 7.1.0
2025-08-08 10:33:17,794 [INFO] ThirdParty:1030 - CMSIS Pack Vendor :Avnet-IotConnect X-CUBE-IoTC-DA16k-PMOD 1.0.0
2025-08-08 10:33:17,795 [INFO] ThirdParty:1030 - CMSIS Pack Vendor :STMicroelectronics X-CUBE-SMBUS 2.1.0
2025-08-08 10:33:17,795 [INFO] ThirdParty:1030 - CMSIS Pack Vendor :wolfSSL I-CUBE-wolfMQTT 1.19.2
2025-08-08 10:33:17,795 [INFO] ThirdParty:1030 - CMSIS Pack Vendor :STMicroelectronics USB_DEVICE 3.0.0
2025-08-08 10:33:17,795 [INFO] ThirdParty:1030 - CMSIS Pack Vendor :STMicroelectronics X-CUBE-ISPU 2.1.0
2025-08-08 10:33:17,795 [INFO] ThirdParty:1030 - CMSIS Pack Vendor :STMicroelectronics X-CUBE-EEPRMA1 5.2.0
2025-08-08 10:33:17,795 [INFO] ThirdParty:1030 - CMSIS Pack Vendor :STMicroelectronics X-CUBE-BLEMGR 4.1.0
2025-08-08 10:33:17,795 [INFO] ThirdParty:1030 - CMSIS Pack Vendor :STMicroelectronics X-CUBE-AZRTOS-WB 2.0.0
2025-08-08 10:33:17,795 [INFO] ThirdParty:1030 - CMSIS Pack Vendor :STMicroelectronics X-CUBE-ST60 1.0.0
2025-08-08 10:33:17,795 [INFO] ThirdParty:1030 - CMSIS Pack Vendor :STMicroelectronics X-CUBE-GNSS1 7.0.1
2025-08-08 10:33:17,795 [INFO] ThirdParty:1030 - CMSIS Pack Vendor :STMicroelectronics X-CUBE-NFC12 1.0.0
2025-08-08 10:33:17,795 [INFO] ThirdParty:1030 - CMSIS Pack Vendor :STMicroelectronics X-CUBE-AZRTOS-F7 1.1.0
2025-08-08 10:33:17,795 [INFO] ThirdParty:1030 - CMSIS Pack Vendor :STMicroelectronics X-CUBE-AZRTOS-L5 2.0.0
2025-08-08 10:33:17,795 [INFO] ThirdParty:1030 - CMSIS Pack Vendor :STMicroelectronics X-CUBE-TOUCHGFX 4.25.0
2025-08-08 10:33:17,795 [INFO] ThirdParty:1030 - CMSIS Pack Vendor :STMicroelectronics USB_DEVICE 2.0.0
2025-08-08 10:33:17,795 [INFO] ThirdParty:1030 - CMSIS Pack Vendor :STMicroelectronics X-CUBE-NFC6 3.1.0
2025-08-08 10:33:17,795 [INFO] ThirdParty:1030 - CMSIS Pack Vendor :STMicroelectronics X-CUBE-AI 10.1.0
2025-08-08 10:33:17,795 [INFO] ThirdParty:1030 - CMSIS Pack Vendor :STMicroelectronics FP-SNS-STBOX1 2.0.0
2025-08-08 10:33:17,795 [INFO] ThirdParty:1030 - CMSIS Pack Vendor :STMicroelectronics X-CUBE-MEMS1 11.2.0
2025-08-08 10:33:17,795 [INFO] ThirdParty:1030 - CMSIS Pack Vendor :STMicroelectronics FreeRTOS 0.0.1
2025-08-08 10:33:17,795 [INFO] ThirdParty:1030 - CMSIS Pack Vendor :STMicroelectronics X-CUBE-AZRTOS-G0 1.1.0
2025-08-08 10:33:17,795 [INFO] ThirdParty:1030 - CMSIS Pack Vendor :STMicroelectronics X-CUBE-SAFEA1 1.2.2
2025-08-08 10:33:17,796 [INFO] ThirdParty:1030 - CMSIS Pack Vendor :STMicroelectronics X-CUBE-NFC4 3.0.0
2025-08-08 10:33:17,796 [INFO] ThirdParty:1030 - CMSIS Pack Vendor :STMicroelectronics X-CUBE-SUBG2 5.0.0
2025-08-08 10:33:17,796 [INFO] ThirdParty:1030 - CMSIS Pack Vendor :STMicroelectronics X-CUBE-AZRTOS-H7RS 1.1.0
2025-08-08 10:33:17,796 [INFO] ThirdParty:1030 - CMSIS Pack Vendor :STMicroelectronics STM32_WPAN 1.0.0
2025-08-08 10:33:17,796 [INFO] ThirdParty:1030 - CMSIS Pack Vendor :EmbeddedOffice I-CUBE-FS-RTOS 1.0.1
2025-08-08 10:33:17,796 [INFO] ThirdParty:1030 - CMSIS Pack Vendor :STMicroelectronics lwIP 2.0.3
2025-08-08 10:33:17,796 [INFO] ThirdParty:1030 - CMSIS Pack Vendor :Cesanta I-CUBE-Mongoose 7.13.0
2025-08-08 10:33:17,796 [INFO] ThirdParty:1030 - CMSIS Pack Vendor :STMicroelectronics USB_HOST 1.0.0
2025-08-08 10:33:17,796 [INFO] ThirdParty:1030 - CMSIS Pack Vendor :Infineon AIROC-Wi-Fi-Bluetooth-STM32 1.7.0
2025-08-08 10:33:17,796 [INFO] ThirdParty:1030 - CMSIS Pack Vendor :STMicroelectronics X-CUBE-AZRTOS-G4 2.0.0
2025-08-08 10:33:17,796 [INFO] ThirdParty:1030 - CMSIS Pack Vendor :STMicroelectronics X-CUBE-WB05N 2.0.0
2025-08-08 10:33:17,796 [INFO] ThirdParty:1030 - CMSIS Pack Vendor :STMicroelectronics PDM2PCM 3.1.0
2025-08-08 10:33:17,796 [INFO] ThirdParty:1030 - CMSIS Pack Vendor :STMicroelectronics PDM2PCM 3.3.0
2025-08-08 10:33:17,796 [INFO] ThirdParty:1030 - CMSIS Pack Vendor :wolfSSL I-CUBE-wolfTPM 3.8.0
2025-08-08 10:33:17,796 [INFO] ThirdParty:1030 - CMSIS Pack Vendor :STMicroelectronics X-CUBE-AZRTOS-H7 3.4.0
2025-08-08 10:33:17,796 [INFO] ThirdParty:1030 - CMSIS Pack Vendor :STMicroelectronics X-CUBE-DISPLAY 3.0.0
2025-08-08 10:33:17,796 [INFO] ThirdParty:1030 - CMSIS Pack Vendor :wolfSSL I-CUBE-wolfSSH 1.4.20
2025-08-08 10:33:17,796 [INFO] ThirdParty:1030 - CMSIS Pack Vendor :STMicroelectronics X-CUBE-NFC7 2.0.0
2025-08-08 10:33:17,796 [INFO] ThirdParty:1030 - CMSIS Pack Vendor :STMicroelectronics X-CUBE-TCPP 4.2.0
2025-08-08 10:33:17,796 [INFO] ThirdParty:1030 - CMSIS Pack Vendor :RealThread X-CUBE-RT-Thread_Nano 4.1.1
2025-08-08 10:33:17,796 [INFO] ThirdParty:1030 - CMSIS Pack Vendor :STMicroelectronics FP-ATR-SIGFOX1 3.2.0
2025-08-08 10:33:17,796 [INFO] ThirdParty:1030 - CMSIS Pack Vendor :STMicroelectronics X-CUBE-NFC10 1.0.0
2025-08-08 10:33:17,797 [INFO] ThirdParty:1030 - CMSIS Pack Vendor :STMicroelectronics X-CUBE-BLEMGR 4.0.0
2025-08-08 10:33:17,797 [INFO] ThirdParty:1030 - CMSIS Pack Vendor :STMicroelectronics X-CUBE-EEPRMA1 5.1.0
2025-08-08 10:33:17,797 [INFO] ThirdParty:1030 - CMSIS Pack Vendor :STMicroelectronics X-CUBE-FREERTOS 1.3.1
2025-08-08 10:33:17,797 [INFO] ThirdParty:1030 - CMSIS Pack Vendor :STMicroelectronics HAL Drivers 0.0.0
2025-08-08 10:33:17,797 [INFO] ThirdParty:1030 - CMSIS Pack Vendor :STMicroelectronics MBEDTLS 2.16.2
2025-08-08 10:33:17,797 [INFO] ThirdParty:1030 - CMSIS Pack Vendor :STMicroelectronics X-CUBE-IPS 3.1.0
2025-08-08 10:33:17,797 [INFO] ThirdParty:1030 - CMSIS Pack Vendor :STMicroelectronics X-CUBE-ALS 1.0.2
2025-08-08 10:33:17,797 [INFO] ThirdParty:1030 - CMSIS Pack Vendor :emotas I-CUBE-CANOPEN 1.3.0
2025-08-08 10:33:17,797 [INFO] ThirdParty:1030 - CMSIS Pack Vendor :STMicroelectronics MBEDTLS 2.14.1
2025-08-08 10:33:17,797 [INFO] ThirdParty:1030 - CMSIS Pack Vendor :ITTIA_DB I-CUBE-ITTIADB 8.9.0
2025-08-08 10:33:17,797 [INFO] ThirdParty:1030 - CMSIS Pack Vendor :portGmbH I-Cube-SoM-uGOAL 1.1.0
2025-08-08 10:33:17,797 [INFO] ThirdParty:1030 - CMSIS Pack Vendor :quantropi X-CUBE-qispace-sdk-base 2.0.0
2025-08-08 10:33:17,797 [INFO] ThirdParty:1030 - CMSIS Pack Vendor :STMicroelectronics X-CUBE-ST67W61 1.0.0
2025-08-08 10:33:17,797 [INFO] ThirdParty:1030 - CMSIS Pack Vendor :STMicroelectronics X-CUBE-AI 10.2.0
2025-08-08 10:33:17,797 [INFO] ThirdParty:1030 - CMSIS Pack Vendor :STMicroelectronics FP-SNS-STAIOTCFT 1.0.0
2025-08-08 10:33:17,797 [INFO] ThirdParty:1030 - CMSIS Pack Vendor :STMicroelectronics ThreadX 1.0.0
2025-08-08 10:33:17,797 [INFO] ThirdParty:1030 - CMSIS Pack Vendor :STMicroelectronics FP-SNS-SMARTAG2 1.2.0
2025-08-08 10:33:17,797 [INFO] ThirdParty:1030 - CMSIS Pack Vendor :STMicroelectronics FP-SNS-FLIGHT1 5.1.0
2025-08-08 10:33:17,797 [INFO] ThirdParty:1030 - CMSIS Pack Vendor :STMicroelectronics X-CUBE-AZRTOS-WL 2.0.0
2025-08-08 10:33:17,797 [INFO] ThirdParty:1030 - CMSIS Pack Vendor :SEGGER I-CUBE-embOS 1.3.1
2025-08-08 10:33:17,797 [INFO] ThirdParty:1030 - CMSIS Pack Vendor :STMicroelectronics X-CUBE-ALGOBUILD 1.4.0
2025-08-08 10:33:17,797 [INFO] ThirdParty:1030 - CMSIS Pack Vendor :STMicroelectronics X-CUBE-DPower 1.3.0
2025-08-08 10:33:17,797 [INFO] ThirdParty:1030 - CMSIS Pack Vendor :STMicroelectronics X-CUBE-MEMS1 11.3.0
2025-08-08 10:33:17,798 [INFO] ThirdParty:1030 - CMSIS Pack Vendor :STMicroelectronics FP-SNS-MOTENV1 5.0.0
2025-08-08 10:33:17,798 [INFO] ThirdParty:1030 - CMSIS Pack Vendor :STMicroelectronics USB_DEVICE 1.0.0
2025-08-08 10:33:17,798 [INFO] ThirdParty:1030 - CMSIS Pack Vendor :STMicroelectronics X-CUBE-AZRTOS-L4 2.0.0
2025-08-08 10:33:17,798 [INFO] ThirdParty:1030 - CMSIS Pack Vendor :STMicroelectronics ThreadX 0.0.2
2025-08-08 10:33:17,798 [INFO] ThirdParty:1030 - CMSIS Pack Vendor :WES I-CUBE-Cesium 1.3.0
2025-08-08 10:33:17,798 [INFO] ThirdParty:1030 - CMSIS Pack Vendor :STMicroelectronics lwIP 2.1.2
2025-08-08 10:33:17,798 [INFO] ThirdParty:1030 - CMSIS Pack Vendor :STMicroelectronics X-CUBE-SFXS2LP1 4.0.0
2025-08-08 10:33:17,798 [INFO] ThirdParty:1030 - CMSIS Pack Vendor :STMicroelectronics X-CUBE-BLE2 3.3.0
2025-08-08 10:33:17,798 [INFO] ThirdParty:1030 - CMSIS Pack Vendor :STMicroelectronics X-CUBE-TOF1 3.4.3
2025-08-08 10:33:17,798 [INFO] ThirdParty:1030 - CMSIS Pack Vendor :STMicroelectronics PDM2PCM 3.2.0
2025-08-08 10:33:17,799 [INFO] ThirdParty:841 - exiting critical section [change project]
2025-08-08 10:33:18,405 [INFO] PinOutPanel:1589 - setPackage(No Configuration,No Configuration)
2025-08-08 10:33:18,411 [INFO] PinOutPanel:1589 - setPackage(STM32G071RBTx,LQFP64)
2025-08-08 10:33:19,031 [INFO] UtilMem:75 - Before build in PCC Used Memory: 288620960 Bytes (702545920)
2025-08-08 10:33:20,015 [INFO] UtilMem:75 - After build in PCC Used Memory: 410730792 Bytes (702545920)
2025-08-08 10:33:20,057 [INFO] IPUIPlugin:80 - create IPUIPlugin
2025-08-08 10:33:20,057 [INFO] IPUIPlugin:80 - create IPUIPlugin
2025-08-08 10:33:20,058 [INFO] IPUIPlugin:80 - create IPUIPlugin
2025-08-08 10:33:20,058 [INFO] IPUIPlugin:80 - create IPUIPlugin
2025-08-08 10:33:20,058 [INFO] IPUIPlugin:80 - create IPUIPlugin
2025-08-08 10:33:20,058 [INFO] IPUIPlugin:80 - create IPUIPlugin
2025-08-08 10:33:20,059 [INFO] IPUIPlugin:80 - create IPUIPlugin
2025-08-08 10:33:20,059 [INFO] IPUIPlugin:80 - create IPUIPlugin
2025-08-08 10:33:20,059 [INFO] IPUIPlugin:80 - create IPUIPlugin
2025-08-08 10:33:20,059 [INFO] IPUIPlugin:80 - create IPUIPlugin
2025-08-08 10:33:20,059 [INFO] IPUIPlugin:80 - create IPUIPlugin
2025-08-08 10:33:20,059 [INFO] IPUIPlugin:80 - create IPUIPlugin
2025-08-08 10:33:20,059 [INFO] IPUIPlugin:80 - create IPUIPlugin
2025-08-08 10:33:20,060 [INFO] IPUIPlugin:80 - create IPUIPlugin
2025-08-08 10:33:20,060 [INFO] IPUIPlugin:80 - create IPUIPlugin
2025-08-08 10:33:20,060 [INFO] IPUIPlugin:80 - create IPUIPlugin
2025-08-08 10:33:20,061 [INFO] IPUIPlugin:80 - create IPUIPlugin
2025-08-08 10:33:20,061 [INFO] IPUIPlugin:80 - create IPUIPlugin
2025-08-08 10:33:20,061 [INFO] IPUIPlugin:80 - create IPUIPlugin
2025-08-08 10:33:20,061 [INFO] IPUIPlugin:80 - create IPUIPlugin
2025-08-08 10:33:20,061 [INFO] IPUIPlugin:80 - create IPUIPlugin
2025-08-08 10:33:20,061 [INFO] IPUIPlugin:80 - create IPUIPlugin
2025-08-08 10:33:20,062 [INFO] IPUIPlugin:80 - create IPUIPlugin
2025-08-08 10:33:20,062 [INFO] IPUIPlugin:80 - create IPUIPlugin
2025-08-08 10:33:20,062 [INFO] IPUIPlugin:80 - create IPUIPlugin
2025-08-08 10:33:20,062 [INFO] IPUIPlugin:80 - create IPUIPlugin
2025-08-08 10:33:20,062 [INFO] IPUIPlugin:80 - create IPUIPlugin
2025-08-08 10:33:20,062 [INFO] IPUIPlugin:80 - create IPUIPlugin
2025-08-08 10:33:20,063 [INFO] IPUIPlugin:80 - create IPUIPlugin
2025-08-08 10:33:20,063 [INFO] IPUIPlugin:80 - create IPUIPlugin
2025-08-08 10:33:20,063 [INFO] IPUIPlugin:80 - create IPUIPlugin
2025-08-08 10:33:20,063 [INFO] IPUIPlugin:80 - create IPUIPlugin
2025-08-08 10:33:20,063 [INFO] IPUIPlugin:80 - create IPUIPlugin
2025-08-08 10:33:20,064 [INFO] IPUIPlugin:80 - create IPUIPlugin
2025-08-08 10:33:20,064 [INFO] IPUIPlugin:80 - create IPUIPlugin
2025-08-08 10:33:20,064 [INFO] IPUIPlugin:80 - create IPUIPlugin
2025-08-08 10:33:20,065 [INFO] IPUIPlugin:80 - create IPUIPlugin
2025-08-08 10:33:20,065 [INFO] IPUIPlugin:80 - create IPUIPlugin
2025-08-08 10:33:20,065 [INFO] IPUIPlugin:80 - create IPUIPlugin
2025-08-08 10:33:20,065 [INFO] IPUIPlugin:80 - create IPUIPlugin
2025-08-08 10:33:20,065 [INFO] IPUIPlugin:80 - create IPUIPlugin
2025-08-08 10:33:20,066 [INFO] IPUIPlugin:80 - create IPUIPlugin
2025-08-08 10:33:20,066 [INFO] IPUIPlugin:80 - create IPUIPlugin
2025-08-08 10:33:20,328 [INFO] CADModel:165 - CPN selected for project levelSTM32G071RBT6
2025-08-08 10:33:20,328 [INFO] CADModel:114 - Register for checkConnection events
2025-08-08 10:33:20,407 [INFO] OpenFileManager:385 - Restore cursor
2025-08-08 10:34:40,726 [INFO] RtosManager:967 - Current active RTOS is FREERTOS [Cortex-M0+NS]
2025-08-08 10:34:41,124 [INFO] ApiDbMcu:508 - Load IP Config File for FREERTOS
2025-08-08 10:34:41,867 [ERROR] RtosPanel:558 - Can not restore the selected Tab for FREERTOS(A reason can be that the tab is no more available.)
2025-08-08 10:34:42,007 [ERROR] RtosPanel:558 - Can not restore the selected Tab for FREERTOS(A reason can be that the tab is no more available.)
2025-08-08 10:34:56,466 [INFO] TasksAndQueuesTab:757 - Dynamic
2025-08-08 10:34:56,466 [WARN] TasksAndQueuesTab:763 - 128 128
2025-08-08 10:34:56,467 [WARN] TasksAndQueuesTab:775 - max value is: 768.0
2025-08-08 10:35:04,316 [INFO] RtosManager:978 - There is no active RTOS [Cortex-M0+NS]
2025-08-08 11:07:09,062 [INFO] MainUpdater:2872 - connection check result : 10
2025-08-08 11:07:09,072 [INFO] MainUpdater:2872 - connection check result : 10
2025-08-08 11:07:09,432 [INFO] I2cTimingTraitement:330 - 0x10707DBC
2025-08-08 11:07:09,495 [INFO] MicroXplorer:468 - Change Database Path : 
2025-08-08 11:07:09,495 [INFO] MicroXplorer:498 - Change Database Version : DB.6.0.141
2025-08-08 11:07:09,653 [ERROR] ProjectManagerView:395 - 
java.lang.NullPointerException: Cannot invoke "javax.swing.JTextField.getText()" because the return value of "java.util.List.get(int)" is null
	at com.st.microxplorer.plugins.projectmanager.gui.ProjectChoiceTab$9.caretUpdate(ProjectChoiceTab.java:2678) ~[filemanager.jar:?]
	at javax.swing.text.JTextComponent.fireCaretUpdate(JTextComponent.java:408) ~[?:?]
	at javax.swing.text.JTextComponent$MutableCaretEvent.fire(JTextComponent.java:4484) ~[?:?]
	at javax.swing.text.JTextComponent$MutableCaretEvent.stateChanged(JTextComponent.java:4506) ~[?:?]
	at javax.swing.text.DefaultCaret.fireStateChanged(DefaultCaret.java:857) ~[?:?]
	at javax.swing.text.DefaultCaret.changeCaretPosition(DefaultCaret.java:1343) ~[?:?]
	at javax.swing.text.DefaultCaret.handleSetDot(DefaultCaret.java:1242) ~[?:?]
	at javax.swing.text.DefaultCaret.setDot(DefaultCaret.java:1223) ~[?:?]
	at javax.swing.text.DefaultCaret$Handler.insertUpdate(DefaultCaret.java:1819) ~[?:?]
	at javax.swing.text.AbstractDocument.fireInsertUpdate(AbstractDocument.java:227) ~[?:?]
	at javax.swing.text.AbstractDocument.handleInsertString(AbstractDocument.java:781) ~[?:?]
	at javax.swing.text.AbstractDocument.insertString(AbstractDocument.java:740) ~[?:?]
	at javax.swing.text.PlainDocument.insertString(PlainDocument.java:131) ~[?:?]
	at javax.swing.text.AbstractDocument.replace(AbstractDocument.java:699) ~[?:?]
	at javax.swing.text.JTextComponent.setText(JTextComponent.java:1725) ~[?:?]
	at com.st.microxplorer.plugins.projectmanager.gui.ProjectChoiceTab.createHeapStackFields(ProjectChoiceTab.java:979) ~[filemanager.jar:?]
	at com.st.microxplorer.plugins.projectmanager.gui.ProjectChoiceTab.buildLinkSettingsPanel(ProjectChoiceTab.java:3766) ~[filemanager.jar:?]
	at com.st.microxplorer.plugins.projectmanager.gui.ProjectChoiceTab.defineWindowsFields(ProjectChoiceTab.java:1962) ~[filemanager.jar:?]
	at com.st.microxplorer.plugins.projectmanager.gui.ProjectChoiceTab.updateSettings(ProjectChoiceTab.java:555) ~[filemanager.jar:?]
	at com.st.microxplorer.plugins.projectmanager.gui.ProjectSettingsPanel.UpdateDialog(ProjectSettingsPanel.java:245) ~[filemanager.jar:?]
	at com.st.microxplorer.plugins.projectmanager.ProjectManagerView.propertyChange(ProjectManagerView.java:392) ~[filemanager.jar:?]
	at java.beans.PropertyChangeSupport.fire(PropertyChangeSupport.java:343) ~[?:?]
	at java.beans.PropertyChangeSupport.firePropertyChange(PropertyChangeSupport.java:335) ~[?:?]
	at java.beans.PropertyChangeSupport.firePropertyChange(PropertyChangeSupport.java:268) ~[?:?]
	at com.st.microxplorer.util.MXPropertyChangeSupport.firePropertyChange(MXPropertyChangeSupport.java:54) ~[STM32CubeMX.jar:?]
	at com.st.microxplorer.mxsystem.MxSystem.closeConfig(MxSystem.java:899) ~[STM32CubeMX.jar:?]
	at com.st.microxplorer.maingui.MainPanel.closeConfig(MainPanel.java:789) ~[STM32CubeMX.jar:?]
	at com.st.microxplorer.plugins.filemanager.engine.OpenFileManager.loadConfigurationFile(OpenFileManager.java:287) ~[filemanager.jar:?]
	at com.st.microxplorer.plugins.filemanager.engine.MainFileManager.userLoadConfig(MainFileManager.java:341) ~[filemanager.jar:?]
	at com.st.microxplorer.plugins.filemanager.engine.MainFileManager.userLoadConfig(MainFileManager.java:319) ~[filemanager.jar:?]
	at com.st.microxplorer.plugins.filemanager.FileManagerView.getSpecificTask(FileManagerView.java:246) ~[filemanager.jar:?]
	at com.st.stm32cube.common.mx.editor.CubeMxEditor.getMxTabbedPaneInstance(CubeMxEditor.java:1198) ~[com.st.stm32cube.common.mx_6.14.1.202504091515/:?]
	at com.st.stm32cube.common.mx.editor.CubeMxEditor$12$1.createSwingComponent(CubeMxEditor.java:1068) ~[com.st.stm32cube.common.mx_6.14.1.202504091515/:?]
	at com.st.stm32cube.common.mx.oss.core.awtswtbridge.EmbeddedSwingComposite.doComponentCreation(EmbeddedSwingComposite.java:492) ~[com.st.stm32cube.common.mx.oss_6.14.1.202504091515/:?]
	at com.st.stm32cube.common.mx.oss.core.awtswtbridge.EmbeddedSwingComposite$4.run(EmbeddedSwingComposite.java:291) ~[com.st.stm32cube.common.mx.oss_6.14.1.202504091515/:?]
	at com.st.stm32cube.common.mx.oss.core.awtswtbridge.AwtEnvironment$2.run(AwtEnvironment.java:166) ~[com.st.stm32cube.common.mx.oss_6.14.1.202504091515/:?]
	at java.awt.event.InvocationEvent.dispatch(InvocationEvent.java:318) ~[?:?]
	at java.awt.EventQueue.dispatchEventImpl(EventQueue.java:773) ~[?:?]
	at java.awt.EventQueue$4.run(EventQueue.java:720) ~[?:?]
	at java.awt.EventQueue$4.run(EventQueue.java:714) ~[?:?]
	at java.security.AccessController.doPrivileged(AccessController.java:400) ~[?:?]
	at java.security.ProtectionDomain$JavaSecurityAccessImpl.doIntersectionPrivilege(ProtectionDomain.java:87) ~[?:?]
	at java.awt.EventQueue.dispatchEvent(EventQueue.java:742) ~[?:?]
	at java.awt.EventDispatchThread.pumpOneEventForFilters(EventDispatchThread.java:203) ~[?:?]
	at java.awt.EventDispatchThread.pumpEventsForFilter(EventDispatchThread.java:124) ~[?:?]
	at java.awt.EventDispatchThread.pumpEventsForHierarchy(EventDispatchThread.java:113) ~[?:?]
	at java.awt.EventDispatchThread.pumpEvents(EventDispatchThread.java:109) ~[?:?]
	at java.awt.EventDispatchThread.pumpEvents(EventDispatchThread.java:101) ~[?:?]
	at java.awt.EventDispatchThread.run(EventDispatchThread.java:90) ~[?:?]
2025-08-08 11:07:09,678 [WARN] ThirdParty:871 - waiting for thirdparty lock release [close project]
2025-08-08 11:07:09,679 [INFO] ThirdParty:873 - entering critical section [close project]
2025-08-08 11:07:09,680 [INFO] ThirdParty:883 - exiting critical section [close project]
2025-08-08 11:07:09,693 [INFO] PinOutPanel:1589 - setPackage(No Configuration,No Configuration)
2025-08-08 11:07:09,730 [INFO] UtilMem:75 - Begin LoadConfig() Used Memory: 613684440 Bytes (1073741824)
2025-08-08 11:07:09,734 [INFO] MicroXplorer:468 - Change Database Path : 
2025-08-08 11:07:09,734 [INFO] MicroXplorer:498 - Change Database Version : DB.6.0.141
2025-08-08 11:07:09,734 [INFO] OpenFileManager:354 - Change cursor
2025-08-08 11:07:09,772 [INFO] Mcu:2011 - Initializing MCU STM32G071R(6-8-B)Tx STM32G071RBTx STM32G071RBT6
2025-08-08 11:07:13,634 [INFO] Context:756 - Trying to add GPIOservice into a context  which must be forbidden
2025-08-08 11:07:14,920 [INFO] ImportTextPane:218 - (OptionalMessage_ERROR) Pin12 (VP_RIF_VS_RIF1) cannot be retrieved for this MCU
2025-08-08 11:07:15,084 [INFO] RtosManager:558 - Registered RTOS mode: class=CMSIS, group=RTOS, mode=CMSIS_V1, owner=FREERTOS
2025-08-08 11:07:15,085 [INFO] RtosManager:558 - Registered RTOS mode: class=CMSIS, group=RTOS2, mode=CMSIS_V2, owner=FREERTOS
2025-08-08 11:07:15,085 [INFO] RtosManager:558 - Registered RTOS mode: class=RTOS, group=Core, mode=CMSIS_V1, owner=FREERTOS
2025-08-08 11:07:15,085 [INFO] RtosManager:558 - Registered RTOS mode: class=RTOS, group=Core, mode=CMSIS_V2, owner=FREERTOS
2025-08-08 11:07:15,086 [WARN] ModelIntegratedComponent:184 - Missing modes for component STMicroelectronics:FreeRTOS:0.0.1:STMicroelectronics:RTOS:FreeRTOS:Core:::10.2.0:
2025-08-08 11:07:15,105 [WARN] ModelIntegratedComponent:63 - No mode defined for component null
2025-08-08 11:07:15,106 [WARN] ModelIntegratedComponent:63 - No mode defined for component null
2025-08-08 11:07:15,106 [WARN] ModelIntegratedComponent:63 - No mode defined for component null
2025-08-08 11:07:15,106 [WARN] ModelIntegratedComponent:63 - No mode defined for component null
2025-08-08 11:07:15,106 [WARN] ModelIntegratedComponent:63 - No mode defined for component null
2025-08-08 11:07:15,106 [WARN] ModelIntegratedComponent:63 - No mode defined for component null
2025-08-08 11:07:15,106 [WARN] ModelIntegratedComponent:63 - No mode defined for component null
2025-08-08 11:07:15,106 [WARN] ModelIntegratedComponent:63 - No mode defined for component null
2025-08-08 11:07:15,106 [WARN] ModelIntegratedComponent:63 - No mode defined for component null
2025-08-08 11:07:15,106 [WARN] ModelIntegratedComponent:63 - No mode defined for component null
2025-08-08 11:07:15,106 [WARN] ModelIntegratedComponent:63 - No mode defined for component null
2025-08-08 11:07:15,106 [WARN] ModelIntegratedComponent:63 - No mode defined for component null
2025-08-08 11:07:15,106 [WARN] ModelIntegratedComponent:63 - No mode defined for component null
2025-08-08 11:07:15,107 [WARN] ModelIntegratedComponent:63 - No mode defined for component null
2025-08-08 11:07:15,107 [WARN] ModelIntegratedComponent:63 - No mode defined for component null
2025-08-08 11:07:15,107 [WARN] ModelIntegratedComponent:63 - No mode defined for component null
2025-08-08 11:07:15,107 [WARN] ModelIntegratedComponent:63 - No mode defined for component null
2025-08-08 11:07:15,107 [WARN] ModelIntegratedComponent:63 - No mode defined for component null
2025-08-08 11:07:15,107 [WARN] ModelIntegratedComponent:63 - No mode defined for component null
2025-08-08 11:07:15,107 [WARN] ModelIntegratedComponent:63 - No mode defined for component null
2025-08-08 11:07:15,107 [WARN] ModelIntegratedComponent:63 - No mode defined for component null
2025-08-08 11:07:15,107 [WARN] ModelIntegratedComponent:63 - No mode defined for component null
2025-08-08 11:07:15,107 [WARN] ModelIntegratedComponent:63 - No mode defined for component null
2025-08-08 11:07:15,107 [WARN] ModelIntegratedComponent:63 - No mode defined for component null
2025-08-08 11:07:15,107 [WARN] ModelIntegratedComponent:63 - No mode defined for component null
2025-08-08 11:07:15,108 [WARN] ModelIntegratedComponent:63 - No mode defined for component null
2025-08-08 11:07:15,108 [WARN] ModelIntegratedComponent:63 - No mode defined for component null
2025-08-08 11:07:15,108 [WARN] ModelIntegratedComponent:63 - No mode defined for component null
2025-08-08 11:07:15,108 [WARN] ModelIntegratedComponent:63 - No mode defined for component null
2025-08-08 11:07:15,108 [WARN] ModelIntegratedComponent:63 - No mode defined for component null
2025-08-08 11:07:15,108 [WARN] ModelIntegratedComponent:63 - No mode defined for component null
2025-08-08 11:07:15,108 [WARN] ModelIntegratedComponent:63 - No mode defined for component null
2025-08-08 11:07:15,108 [WARN] ModelIntegratedComponent:63 - No mode defined for component null
2025-08-08 11:07:15,109 [WARN] ModelIntegratedComponent:63 - No mode defined for component null
2025-08-08 11:07:15,109 [WARN] ModelIntegratedComponent:63 - No mode defined for component null
2025-08-08 11:07:15,109 [WARN] ModelPack:524 - Component already loaded: STMicroelectronics:HAL Drivers:0.0.0:STMicroelectronics:Device:STMicro_Driver:XSPI:HAL::0.0.1:HAL_XSPI
2025-08-08 11:07:15,188 [INFO] ThirdPartyModel:298 - Start build external matchings
2025-08-08 11:07:15,726 [INFO] ThirdPartyModel:316 - End build external matchings
2025-08-08 11:07:15,745 [INFO] ImportTextPane:218 - (OptionalMessage_ERROR) IP (RCC) : Invalid parameter (FamilyName)
2025-08-08 11:07:15,745 [INFO] ImportTextPane:218 - (OptionalMessage_ERROR) IP (RCC) : Parameter (PLLPoutputFreq_Value) has invalid value (64000000)
2025-08-08 11:07:15,749 [INFO] ImportTextPane:218 - (OptionalMessage_ERROR) IP (RCC) : Parameter (PLLQoutputFreq_Value) has invalid value (64000000)
2025-08-08 11:07:16,027 [INFO] UtilMem:75 - End LoadConfig() Used Memory: 988418384 Bytes (1073741824)
2025-08-08 11:07:16,096 [WARN] ThirdParty:833 - waiting for thirdparty lock release [change project]
2025-08-08 11:07:16,096 [INFO] ThirdParty:835 - entering critical section [change project]
2025-08-08 11:07:16,096 [INFO] ThirdParty:1030 - CMSIS Pack Vendor :STMicroelectronics X-CUBE-PM33A1 1.0.0
2025-08-08 11:07:16,096 [INFO] ThirdParty:1030 - CMSIS Pack Vendor :STMicroelectronics USBPD 4.1
2025-08-08 11:07:16,097 [INFO] ThirdParty:1030 - CMSIS Pack Vendor :STMicroelectronics X-CUBE-AZRTOS-H7 3.3.0
2025-08-08 11:07:16,097 [INFO] ThirdParty:1030 - CMSIS Pack Vendor :STMicroelectronics X-CUBE-NFC9 1.0.0
2025-08-08 11:07:16,097 [INFO] ThirdParty:1030 - CMSIS Pack Vendor :wolfSSL I-CUBE-wolfSSL 5.8.0
2025-08-08 11:07:16,097 [INFO] ThirdParty:1030 - CMSIS Pack Vendor :STMicroelectronics USB_HOST 2.0.0
2025-08-08 11:07:16,097 [INFO] ThirdParty:1030 - CMSIS Pack Vendor :STMicroelectronics FP-SNS-MOTENVWB1 1.4.0
2025-08-08 11:07:16,097 [INFO] ThirdParty:1030 - CMSIS Pack Vendor :STMicroelectronics X-CUBE-AZRTOS-F4 1.1.0
2025-08-08 11:07:16,097 [INFO] ThirdParty:1030 - CMSIS Pack Vendor :STMicroelectronics LIBJPEG 8.0.0
2025-08-08 11:07:16,097 [INFO] ThirdParty:1030 - CMSIS Pack Vendor :STMicroelectronics FP-ATR-ASTRA1 2.0.2
2025-08-08 11:07:16,097 [INFO] ThirdParty:1030 - CMSIS Pack Vendor :STMicroelectronics X-CUBE-BLE1 7.1.0
2025-08-08 11:07:16,097 [INFO] ThirdParty:1030 - CMSIS Pack Vendor :Avnet-IotConnect X-CUBE-IoTC-DA16k-PMOD 1.0.0
2025-08-08 11:07:16,097 [INFO] ThirdParty:1030 - CMSIS Pack Vendor :STMicroelectronics X-CUBE-SMBUS 2.1.0
2025-08-08 11:07:16,097 [INFO] ThirdParty:1030 - CMSIS Pack Vendor :wolfSSL I-CUBE-wolfMQTT 1.19.2
2025-08-08 11:07:16,097 [INFO] ThirdParty:1030 - CMSIS Pack Vendor :STMicroelectronics USB_DEVICE 3.0.0
2025-08-08 11:07:16,097 [INFO] ThirdParty:1030 - CMSIS Pack Vendor :STMicroelectronics X-CUBE-ISPU 2.1.0
2025-08-08 11:07:16,098 [INFO] ThirdParty:1030 - CMSIS Pack Vendor :STMicroelectronics X-CUBE-EEPRMA1 5.2.0
2025-08-08 11:07:16,098 [INFO] ThirdParty:1030 - CMSIS Pack Vendor :STMicroelectronics X-CUBE-BLEMGR 4.1.0
2025-08-08 11:07:16,098 [INFO] ThirdParty:1030 - CMSIS Pack Vendor :STMicroelectronics X-CUBE-AZRTOS-WB 2.0.0
2025-08-08 11:07:16,098 [INFO] ThirdParty:1030 - CMSIS Pack Vendor :STMicroelectronics X-CUBE-ST60 1.0.0
2025-08-08 11:07:16,098 [INFO] ThirdParty:1030 - CMSIS Pack Vendor :STMicroelectronics X-CUBE-GNSS1 7.0.1
2025-08-08 11:07:16,098 [INFO] ThirdParty:1030 - CMSIS Pack Vendor :STMicroelectronics X-CUBE-NFC12 1.0.0
2025-08-08 11:07:16,098 [INFO] ThirdParty:1030 - CMSIS Pack Vendor :STMicroelectronics X-CUBE-AZRTOS-F7 1.1.0
2025-08-08 11:07:16,098 [INFO] ThirdParty:1030 - CMSIS Pack Vendor :STMicroelectronics X-CUBE-AZRTOS-L5 2.0.0
2025-08-08 11:07:16,098 [INFO] ThirdParty:1030 - CMSIS Pack Vendor :STMicroelectronics X-CUBE-TOUCHGFX 4.25.0
2025-08-08 11:07:16,098 [INFO] ThirdParty:1030 - CMSIS Pack Vendor :STMicroelectronics USB_DEVICE 2.0.0
2025-08-08 11:07:16,098 [INFO] ThirdParty:1030 - CMSIS Pack Vendor :STMicroelectronics X-CUBE-NFC6 3.1.0
2025-08-08 11:07:16,098 [INFO] ThirdParty:1030 - CMSIS Pack Vendor :STMicroelectronics X-CUBE-AI 10.1.0
2025-08-08 11:07:16,098 [INFO] ThirdParty:1030 - CMSIS Pack Vendor :STMicroelectronics FP-SNS-STBOX1 2.0.0
2025-08-08 11:07:16,098 [INFO] ThirdParty:1030 - CMSIS Pack Vendor :STMicroelectronics X-CUBE-MEMS1 11.2.0
2025-08-08 11:07:16,100 [INFO] ThirdParty:1030 - CMSIS Pack Vendor :STMicroelectronics FreeRTOS 0.0.1
2025-08-08 11:07:16,100 [INFO] ThirdParty:1030 - CMSIS Pack Vendor :STMicroelectronics X-CUBE-AZRTOS-G0 1.1.0
2025-08-08 11:07:16,100 [INFO] ThirdParty:1030 - CMSIS Pack Vendor :STMicroelectronics X-CUBE-SAFEA1 1.2.2
2025-08-08 11:07:16,100 [INFO] ThirdParty:1030 - CMSIS Pack Vendor :STMicroelectronics X-CUBE-NFC4 3.0.0
2025-08-08 11:07:16,100 [INFO] ThirdParty:1030 - CMSIS Pack Vendor :STMicroelectronics X-CUBE-SUBG2 5.0.0
2025-08-08 11:07:16,100 [INFO] ThirdParty:1030 - CMSIS Pack Vendor :STMicroelectronics X-CUBE-AZRTOS-H7RS 1.1.0
2025-08-08 11:07:16,100 [INFO] ThirdParty:1030 - CMSIS Pack Vendor :STMicroelectronics STM32_WPAN 1.0.0
2025-08-08 11:07:16,100 [INFO] ThirdParty:1030 - CMSIS Pack Vendor :EmbeddedOffice I-CUBE-FS-RTOS 1.0.1
2025-08-08 11:07:16,100 [INFO] ThirdParty:1030 - CMSIS Pack Vendor :STMicroelectronics lwIP 2.0.3
2025-08-08 11:07:16,100 [INFO] ThirdParty:1030 - CMSIS Pack Vendor :Cesanta I-CUBE-Mongoose 7.13.0
2025-08-08 11:07:16,100 [INFO] ThirdParty:1030 - CMSIS Pack Vendor :STMicroelectronics USB_HOST 1.0.0
2025-08-08 11:07:16,100 [INFO] ThirdParty:1030 - CMSIS Pack Vendor :Infineon AIROC-Wi-Fi-Bluetooth-STM32 1.7.0
2025-08-08 11:07:16,100 [INFO] ThirdParty:1030 - CMSIS Pack Vendor :STMicroelectronics X-CUBE-AZRTOS-G4 2.0.0
2025-08-08 11:07:16,100 [INFO] ThirdParty:1030 - CMSIS Pack Vendor :STMicroelectronics X-CUBE-WB05N 2.0.0
2025-08-08 11:07:16,101 [INFO] ThirdParty:1030 - CMSIS Pack Vendor :STMicroelectronics PDM2PCM 3.1.0
2025-08-08 11:07:16,101 [INFO] ThirdParty:1030 - CMSIS Pack Vendor :STMicroelectronics PDM2PCM 3.3.0
2025-08-08 11:07:16,101 [INFO] ThirdParty:1030 - CMSIS Pack Vendor :wolfSSL I-CUBE-wolfTPM 3.8.0
2025-08-08 11:07:16,101 [INFO] ThirdParty:1030 - CMSIS Pack Vendor :STMicroelectronics X-CUBE-AZRTOS-H7 3.4.0
2025-08-08 11:07:16,101 [INFO] ThirdParty:1030 - CMSIS Pack Vendor :STMicroelectronics X-CUBE-DISPLAY 3.0.0
2025-08-08 11:07:16,101 [INFO] ThirdParty:1030 - CMSIS Pack Vendor :wolfSSL I-CUBE-wolfSSH 1.4.20
2025-08-08 11:07:16,101 [INFO] ThirdParty:1030 - CMSIS Pack Vendor :STMicroelectronics X-CUBE-NFC7 2.0.0
2025-08-08 11:07:16,101 [INFO] ThirdParty:1030 - CMSIS Pack Vendor :STMicroelectronics X-CUBE-TCPP 4.2.0
2025-08-08 11:07:16,101 [INFO] ThirdParty:1030 - CMSIS Pack Vendor :RealThread X-CUBE-RT-Thread_Nano 4.1.1
2025-08-08 11:07:16,102 [INFO] ThirdParty:1030 - CMSIS Pack Vendor :STMicroelectronics FP-ATR-SIGFOX1 3.2.0
2025-08-08 11:07:16,102 [INFO] ThirdParty:1030 - CMSIS Pack Vendor :STMicroelectronics X-CUBE-NFC10 1.0.0
2025-08-08 11:07:16,102 [INFO] ThirdParty:1030 - CMSIS Pack Vendor :STMicroelectronics X-CUBE-BLEMGR 4.0.0
2025-08-08 11:07:16,102 [INFO] ThirdParty:1030 - CMSIS Pack Vendor :STMicroelectronics X-CUBE-EEPRMA1 5.1.0
2025-08-08 11:07:16,102 [INFO] ThirdParty:1030 - CMSIS Pack Vendor :STMicroelectronics X-CUBE-FREERTOS 1.3.1
2025-08-08 11:07:16,102 [INFO] ThirdParty:1030 - CMSIS Pack Vendor :STMicroelectronics HAL Drivers 0.0.0
2025-08-08 11:07:16,102 [INFO] ThirdParty:1030 - CMSIS Pack Vendor :STMicroelectronics MBEDTLS 2.16.2
2025-08-08 11:07:16,102 [INFO] ThirdParty:1030 - CMSIS Pack Vendor :STMicroelectronics X-CUBE-IPS 3.1.0
2025-08-08 11:07:16,102 [INFO] ThirdParty:1030 - CMSIS Pack Vendor :STMicroelectronics X-CUBE-ALS 1.0.2
2025-08-08 11:07:16,102 [INFO] ThirdParty:1030 - CMSIS Pack Vendor :emotas I-CUBE-CANOPEN 1.3.0
2025-08-08 11:07:16,102 [INFO] ThirdParty:1030 - CMSIS Pack Vendor :STMicroelectronics MBEDTLS 2.14.1
2025-08-08 11:07:16,102 [INFO] ThirdParty:1030 - CMSIS Pack Vendor :ITTIA_DB I-CUBE-ITTIADB 8.9.0
2025-08-08 11:07:16,102 [INFO] ThirdParty:1030 - CMSIS Pack Vendor :portGmbH I-Cube-SoM-uGOAL 1.1.0
2025-08-08 11:07:16,102 [INFO] ThirdParty:1030 - CMSIS Pack Vendor :quantropi X-CUBE-qispace-sdk-base 2.0.0
2025-08-08 11:07:16,102 [INFO] ThirdParty:1030 - CMSIS Pack Vendor :STMicroelectronics X-CUBE-ST67W61 1.0.0
2025-08-08 11:07:16,102 [INFO] ThirdParty:1030 - CMSIS Pack Vendor :STMicroelectronics X-CUBE-AI 10.2.0
2025-08-08 11:07:16,102 [INFO] ThirdParty:1030 - CMSIS Pack Vendor :STMicroelectronics FP-SNS-STAIOTCFT 1.0.0
2025-08-08 11:07:16,103 [INFO] ThirdParty:1030 - CMSIS Pack Vendor :STMicroelectronics ThreadX 1.0.0
2025-08-08 11:07:16,103 [INFO] ThirdParty:1030 - CMSIS Pack Vendor :STMicroelectronics FP-SNS-SMARTAG2 1.2.0
2025-08-08 11:07:16,103 [INFO] ThirdParty:1030 - CMSIS Pack Vendor :STMicroelectronics FP-SNS-FLIGHT1 5.1.0
2025-08-08 11:07:16,103 [INFO] ThirdParty:1030 - CMSIS Pack Vendor :STMicroelectronics X-CUBE-AZRTOS-WL 2.0.0
2025-08-08 11:07:16,103 [INFO] ThirdParty:1030 - CMSIS Pack Vendor :SEGGER I-CUBE-embOS 1.3.1
2025-08-08 11:07:16,103 [INFO] ThirdParty:1030 - CMSIS Pack Vendor :STMicroelectronics X-CUBE-ALGOBUILD 1.4.0
2025-08-08 11:07:16,103 [INFO] ThirdParty:1030 - CMSIS Pack Vendor :STMicroelectronics X-CUBE-DPower 1.3.0
2025-08-08 11:07:16,103 [INFO] ThirdParty:1030 - CMSIS Pack Vendor :STMicroelectronics X-CUBE-MEMS1 11.3.0
2025-08-08 11:07:16,103 [INFO] ThirdParty:1030 - CMSIS Pack Vendor :STMicroelectronics FP-SNS-MOTENV1 5.0.0
2025-08-08 11:07:16,103 [INFO] ThirdParty:1030 - CMSIS Pack Vendor :STMicroelectronics USB_DEVICE 1.0.0
2025-08-08 11:07:16,103 [INFO] ThirdParty:1030 - CMSIS Pack Vendor :STMicroelectronics X-CUBE-AZRTOS-L4 2.0.0
2025-08-08 11:07:16,103 [INFO] ThirdParty:1030 - CMSIS Pack Vendor :STMicroelectronics ThreadX 0.0.2
2025-08-08 11:07:16,103 [INFO] ThirdParty:1030 - CMSIS Pack Vendor :WES I-CUBE-Cesium 1.3.0
2025-08-08 11:07:16,103 [INFO] ThirdParty:1030 - CMSIS Pack Vendor :STMicroelectronics lwIP 2.1.2
2025-08-08 11:07:16,103 [INFO] ThirdParty:1030 - CMSIS Pack Vendor :STMicroelectronics X-CUBE-SFXS2LP1 4.0.0
2025-08-08 11:07:16,103 [INFO] ThirdParty:1030 - CMSIS Pack Vendor :STMicroelectronics X-CUBE-BLE2 3.3.0
2025-08-08 11:07:16,103 [INFO] ThirdParty:1030 - CMSIS Pack Vendor :STMicroelectronics X-CUBE-TOF1 3.4.3
2025-08-08 11:07:16,103 [INFO] ThirdParty:1030 - CMSIS Pack Vendor :STMicroelectronics PDM2PCM 3.2.0
2025-08-08 11:07:16,103 [INFO] ThirdParty:841 - exiting critical section [change project]
2025-08-08 11:07:16,473 [INFO] PinOutPanel:1589 - setPackage(No Configuration,No Configuration)
2025-08-08 11:07:16,477 [INFO] PinOutPanel:1589 - setPackage(STM32G071RBTx,LQFP64)
2025-08-08 11:07:16,971 [INFO] UtilMem:75 - Before build in PCC Used Memory: 768407176 Bytes (1073741824)
2025-08-08 11:07:17,552 [INFO] UtilMem:75 - After build in PCC Used Memory: 845299640 Bytes (1073741824)
2025-08-08 11:07:17,586 [INFO] IPUIPlugin:80 - create IPUIPlugin
2025-08-08 11:07:17,587 [INFO] IPUIPlugin:80 - create IPUIPlugin
2025-08-08 11:07:17,587 [INFO] IPUIPlugin:80 - create IPUIPlugin
2025-08-08 11:07:17,588 [INFO] IPUIPlugin:80 - create IPUIPlugin
2025-08-08 11:07:17,588 [INFO] IPUIPlugin:80 - create IPUIPlugin
2025-08-08 11:07:17,588 [INFO] IPUIPlugin:80 - create IPUIPlugin
2025-08-08 11:07:17,589 [INFO] IPUIPlugin:80 - create IPUIPlugin
2025-08-08 11:07:17,589 [INFO] IPUIPlugin:80 - create IPUIPlugin
2025-08-08 11:07:17,589 [INFO] IPUIPlugin:80 - create IPUIPlugin
2025-08-08 11:07:17,590 [INFO] IPUIPlugin:80 - create IPUIPlugin
2025-08-08 11:07:17,590 [INFO] IPUIPlugin:80 - create IPUIPlugin
2025-08-08 11:07:17,590 [INFO] IPUIPlugin:80 - create IPUIPlugin
2025-08-08 11:07:17,590 [INFO] IPUIPlugin:80 - create IPUIPlugin
2025-08-08 11:07:17,591 [INFO] IPUIPlugin:80 - create IPUIPlugin
2025-08-08 11:07:17,591 [INFO] IPUIPlugin:80 - create IPUIPlugin
2025-08-08 11:07:17,591 [INFO] IPUIPlugin:80 - create IPUIPlugin
2025-08-08 11:07:17,591 [INFO] IPUIPlugin:80 - create IPUIPlugin
2025-08-08 11:07:17,591 [INFO] IPUIPlugin:80 - create IPUIPlugin
2025-08-08 11:07:17,592 [INFO] IPUIPlugin:80 - create IPUIPlugin
2025-08-08 11:07:17,592 [INFO] IPUIPlugin:80 - create IPUIPlugin
2025-08-08 11:07:17,592 [INFO] IPUIPlugin:80 - create IPUIPlugin
2025-08-08 11:07:17,592 [INFO] IPUIPlugin:80 - create IPUIPlugin
2025-08-08 11:07:17,592 [INFO] IPUIPlugin:80 - create IPUIPlugin
2025-08-08 11:07:17,593 [INFO] IPUIPlugin:80 - create IPUIPlugin
2025-08-08 11:07:17,593 [INFO] IPUIPlugin:80 - create IPUIPlugin
2025-08-08 11:07:17,593 [INFO] IPUIPlugin:80 - create IPUIPlugin
2025-08-08 11:07:17,594 [INFO] IPUIPlugin:80 - create IPUIPlugin
2025-08-08 11:07:17,594 [INFO] IPUIPlugin:80 - create IPUIPlugin
2025-08-08 11:07:17,594 [INFO] IPUIPlugin:80 - create IPUIPlugin
2025-08-08 11:07:17,594 [INFO] IPUIPlugin:80 - create IPUIPlugin
2025-08-08 11:07:17,595 [INFO] IPUIPlugin:80 - create IPUIPlugin
2025-08-08 11:07:17,595 [INFO] IPUIPlugin:80 - create IPUIPlugin
2025-08-08 11:07:17,595 [INFO] IPUIPlugin:80 - create IPUIPlugin
2025-08-08 11:07:17,595 [INFO] IPUIPlugin:80 - create IPUIPlugin
2025-08-08 11:07:17,596 [INFO] IPUIPlugin:80 - create IPUIPlugin
2025-08-08 11:07:17,596 [INFO] IPUIPlugin:80 - create IPUIPlugin
2025-08-08 11:07:17,597 [INFO] IPUIPlugin:80 - create IPUIPlugin
2025-08-08 11:07:17,597 [INFO] IPUIPlugin:80 - create IPUIPlugin
2025-08-08 11:07:17,597 [INFO] IPUIPlugin:80 - create IPUIPlugin
2025-08-08 11:07:17,598 [INFO] IPUIPlugin:80 - create IPUIPlugin
2025-08-08 11:07:17,598 [INFO] IPUIPlugin:80 - create IPUIPlugin
2025-08-08 11:07:17,598 [INFO] IPUIPlugin:80 - create IPUIPlugin
2025-08-08 11:07:17,598 [INFO] IPUIPlugin:80 - create IPUIPlugin
2025-08-08 11:07:17,681 [INFO] CADModel:165 - CPN selected for project levelSTM32G071RBT6
2025-08-08 11:07:17,682 [INFO] CADModel:114 - Register for checkConnection events
2025-08-08 11:07:17,763 [INFO] OpenFileManager:385 - Restore cursor
2025-08-08 11:07:26,824 [INFO] I2cTimingTraitement:330 - 0x10707DBC
2025-08-08 11:25:50,459 [INFO] WebApp:194 - Connection lost
2025-08-08 11:26:13,931 [INFO] WebApp:191 - Connection restablished
2025-08-08 11:29:37,281 [INFO] I2cTimingTraitement:330 - 0x10707DBC
2025-08-08 11:33:27,288 [INFO] NvicIntPanel:101 - NVIC parent = com.st.microxplorer.plugins.ip.nvic.MultiNvicIntPanel[,0,0,0x0,invalid,layout=javax.swing.BoxLayout,alignmentX=0.0,alignmentY=0.0,border=,flags=9,maximumSize=,minimumSize=,preferredSize=]
2025-08-08 11:33:48,642 [INFO] NvicIntPanel:101 - NVIC parent = com.st.microxplorer.plugins.ip.nvic.MultiNvicIntPanel[,0,0,0x0,invalid,layout=javax.swing.BoxLayout,alignmentX=0.0,alignmentY=0.0,border=,flags=9,maximumSize=,minimumSize=,preferredSize=]
2025-08-08 11:34:46,852 [INFO] UtilMem:75 - End SaveConfig() Used Memory: 618315768 Bytes (1073741824)
2025-08-08 11:34:49,554 [INFO] UtilMem:75 - End SaveConfig() Used Memory: 980524632 Bytes (1073741824)
2025-08-08 11:34:50,310 [INFO] BlockDiagram:2775 - set Specific Code input for plugin: NVIC
2025-08-08 11:34:50,310 [INFO] BlockDiagram:2775 - set Specific Code input for plugin: USART
2025-08-08 11:34:50,311 [INFO] BlockDiagram:2775 - set Specific Code input for plugin: TIM1_8G0
2025-08-08 11:34:50,311 [INFO] BlockDiagram:2775 - set Specific Code input for plugin: SYS
2025-08-08 11:34:50,312 [INFO] BlockDiagram:2775 - set Specific Code input for plugin: GPIO
2025-08-08 11:34:50,312 [INFO] BlockDiagram:2775 - set Specific Code input for plugin: RCC
2025-08-08 11:34:50,312 [INFO] BlockDiagram:2775 - set Specific Code input for plugin: I2C
2025-08-08 11:34:50,316 [INFO] CodeGenerator:882 - code generatio: config db path: C:\Users\Oguzm\Downloads\STM32CubeIDE_1.18.1\STM32CubeIDE\plugins\com.st.stm32cube.common.mx_6.14.1.202504091515\\db\
2025-08-08 11:34:50,609 [INFO] CodeEngine:263 - oldGeneratedFile, C:\Users\Oguzm\STM32CubeIDE\TEI_Projects\TimerAddition\MXTmpFiles\license.tmp_save
2025-08-08 11:34:51,161 [INFO] CodeEngine:287 - Generated code: C:\Users\Oguzm\STM32CubeIDE\TEI_Projects\TimerAddition\MXTmpFiles\license.tmp
2025-08-08 11:34:51,296 [INFO] CodeEngine:263 - oldGeneratedFile, C:\Users\Oguzm\STM32CubeIDE\TEI_Projects\TimerAddition\MXTmpFiles\gpio.tmp_save
2025-08-08 11:34:51,492 [INFO] CodeEngine:287 - Generated code: C:\Users\Oguzm\STM32CubeIDE\TEI_Projects\TimerAddition\MXTmpFiles\gpio.tmp
2025-08-08 11:34:51,770 [INFO] CodeEngine:263 - oldGeneratedFile, C:\Users\Oguzm\STM32CubeIDE\TEI_Projects\TimerAddition\Core\Src\stm32g0xx_it.c_save
2025-08-08 11:34:51,917 [INFO] CodeEngine:287 - Generated code: C:\Users\Oguzm\STM32CubeIDE\TEI_Projects\TimerAddition\Core\Src\stm32g0xx_it.c
2025-08-08 11:34:51,926 [INFO] CodeEngine:263 - oldGeneratedFile, C:\Users\Oguzm\STM32CubeIDE\TEI_Projects\TimerAddition\Core\Inc\stm32g0xx_it.h_save
2025-08-08 11:34:52,011 [INFO] CodeEngine:287 - Generated code: C:\Users\Oguzm\STM32CubeIDE\TEI_Projects\TimerAddition\Core\Inc\stm32g0xx_it.h
2025-08-08 11:34:52,038 [INFO] CodeEngine:263 - oldGeneratedFile, C:\Users\Oguzm\STM32CubeIDE\TEI_Projects\TimerAddition\Core\Src\stm32g0xx_hal_msp.c_save
2025-08-08 11:34:52,200 [INFO] CodeEngine:287 - Generated code: C:\Users\Oguzm\STM32CubeIDE\TEI_Projects\TimerAddition\Core\Src\stm32g0xx_hal_msp.c
2025-08-08 11:34:52,209 [INFO] CodeEngine:263 - oldGeneratedFile, C:\Users\Oguzm\STM32CubeIDE\TEI_Projects\TimerAddition\MXTmpFiles\system.tmp_save
2025-08-08 11:34:52,277 [INFO] CodeEngine:287 - Generated code: C:\Users\Oguzm\STM32CubeIDE\TEI_Projects\TimerAddition\MXTmpFiles\system.tmp
2025-08-08 11:34:52,297 [INFO] CodeEngine:319 - oldGeneratedFile, C:\Users\Oguzm\STM32CubeIDE\TEI_Projects\TimerAddition\Core\Inc\stm32g0xx_hal_conf.h_save
2025-08-08 11:34:52,375 [INFO] CodeEngine:343 - Generated code: C:\Users\Oguzm\STM32CubeIDE\TEI_Projects\TimerAddition\Core\Inc\stm32g0xx_hal_conf.h
2025-08-08 11:34:52,415 [INFO] ApiDbMcu:508 - Load IP Config File for I2C1
2025-08-08 11:34:52,430 [INFO] ApiDbMcu:508 - Load IP Config File for TIM2
2025-08-08 11:34:52,449 [INFO] ApiDbMcu:508 - Load IP Config File for USART2
2025-08-08 11:34:52,453 [INFO] ApiDbMcu:508 - Load IP Config File for RCC
2025-08-08 11:34:52,456 [WARN] IPConfigManager:3790 - IP not found : TIM
2025-08-08 11:34:52,457 [WARN] CodeGenerator:4198 - IP not found : null
2025-08-08 11:34:52,468 [INFO] CodeEngine:263 - oldGeneratedFile, C:\Users\Oguzm\STM32CubeIDE\TEI_Projects\TimerAddition\Core\Inc\main.h_save
2025-08-08 11:34:52,573 [INFO] CodeEngine:287 - Generated code: C:\Users\Oguzm\STM32CubeIDE\TEI_Projects\TimerAddition\Core\Inc\main.h
2025-08-08 11:34:52,582 [INFO] CodeEngine:263 - oldGeneratedFile, C:\Users\Oguzm\STM32CubeIDE\TEI_Projects\TimerAddition\Core\Src\main.c_save
2025-08-08 11:34:52,741 [INFO] CodeEngine:287 - Generated code: C:\Users\Oguzm\STM32CubeIDE\TEI_Projects\TimerAddition\Core\Src\main.c
2025-08-08 11:34:53,379 [INFO] ProjectBuilder:3324 - Time for Copy HAL[1] : 320mS.
2025-08-08 11:34:53,392 [INFO] ProjectBuilder:4912 - Project Generator version: 4.6.0.1-B1
2025-08-08 11:34:53,541 [INFO] ConfigFileManager:1590 - The Die is : DIE460
2025-08-08 11:34:53,547 [INFO] ApiDbMcu:508 - Load IP Config File for FATFS
2025-08-08 11:34:53,557 [INFO] ApiDbMcu:508 - Load IP Config File for FREERTOS
2025-08-08 11:34:53,569 [INFO] ApiDbMcu:508 - Load IP Config File for USBPD
2025-08-08 11:34:54,103 [INFO] LogOutputStream:77 - [STDOUT_REDIRECT] 
2025-08-08 11:34:56,531 [INFO] ProjectBuilder:5191 - Time for Generating toolchain IDE Files: 3137mS.
2025-08-08 11:34:56,533 [INFO] ProjectBuilder:3181 - Time for Copy CMSIS : 1mS.
2025-08-08 11:34:56,537 [INFO] ProjectBuilder:3181 - Time for Copy CMSIS : 0mS.
2025-08-08 11:40:24,392 [INFO] I2cTimingTraitement:330 - 0x10707DBC
2025-08-08 11:47:22,565 [INFO] MainUpdater:2872 - connection check result : 10
2025-08-08 11:47:22,582 [INFO] MainUpdater:2872 - connection check result : 10
2025-08-08 11:47:22,989 [INFO] I2cTimingTraitement:330 - 0x10707DBC
2025-08-08 11:47:23,025 [INFO] MicroXplorer:468 - Change Database Path : 
2025-08-08 11:47:23,026 [INFO] MicroXplorer:498 - Change Database Version : DB.6.0.141
2025-08-08 11:47:23,179 [ERROR] ProjectManagerView:395 - 
java.lang.NullPointerException: Cannot invoke "javax.swing.JTextField.getText()" because the return value of "java.util.List.get(int)" is null
	at com.st.microxplorer.plugins.projectmanager.gui.ProjectChoiceTab$9.caretUpdate(ProjectChoiceTab.java:2678) ~[filemanager.jar:?]
	at javax.swing.text.JTextComponent.fireCaretUpdate(JTextComponent.java:408) ~[?:?]
	at javax.swing.text.JTextComponent$MutableCaretEvent.fire(JTextComponent.java:4484) ~[?:?]
	at javax.swing.text.JTextComponent$MutableCaretEvent.stateChanged(JTextComponent.java:4506) ~[?:?]
	at javax.swing.text.DefaultCaret.fireStateChanged(DefaultCaret.java:857) ~[?:?]
	at javax.swing.text.DefaultCaret.changeCaretPosition(DefaultCaret.java:1343) ~[?:?]
	at javax.swing.text.DefaultCaret.handleSetDot(DefaultCaret.java:1242) ~[?:?]
	at javax.swing.text.DefaultCaret.setDot(DefaultCaret.java:1223) ~[?:?]
	at javax.swing.text.DefaultCaret$Handler.insertUpdate(DefaultCaret.java:1819) ~[?:?]
	at javax.swing.text.AbstractDocument.fireInsertUpdate(AbstractDocument.java:227) ~[?:?]
	at javax.swing.text.AbstractDocument.handleInsertString(AbstractDocument.java:781) ~[?:?]
	at javax.swing.text.AbstractDocument.insertString(AbstractDocument.java:740) ~[?:?]
	at javax.swing.text.PlainDocument.insertString(PlainDocument.java:131) ~[?:?]
	at javax.swing.text.AbstractDocument.replace(AbstractDocument.java:699) ~[?:?]
	at javax.swing.text.JTextComponent.setText(JTextComponent.java:1725) ~[?:?]
	at com.st.microxplorer.plugins.projectmanager.gui.ProjectChoiceTab.createHeapStackFields(ProjectChoiceTab.java:979) ~[filemanager.jar:?]
	at com.st.microxplorer.plugins.projectmanager.gui.ProjectChoiceTab.buildLinkSettingsPanel(ProjectChoiceTab.java:3766) ~[filemanager.jar:?]
	at com.st.microxplorer.plugins.projectmanager.gui.ProjectChoiceTab.defineWindowsFields(ProjectChoiceTab.java:1962) ~[filemanager.jar:?]
	at com.st.microxplorer.plugins.projectmanager.gui.ProjectChoiceTab.updateSettings(ProjectChoiceTab.java:555) ~[filemanager.jar:?]
	at com.st.microxplorer.plugins.projectmanager.gui.ProjectSettingsPanel.UpdateDialog(ProjectSettingsPanel.java:245) ~[filemanager.jar:?]
	at com.st.microxplorer.plugins.projectmanager.ProjectManagerView.propertyChange(ProjectManagerView.java:392) ~[filemanager.jar:?]
	at java.beans.PropertyChangeSupport.fire(PropertyChangeSupport.java:343) ~[?:?]
	at java.beans.PropertyChangeSupport.firePropertyChange(PropertyChangeSupport.java:335) ~[?:?]
	at java.beans.PropertyChangeSupport.firePropertyChange(PropertyChangeSupport.java:268) ~[?:?]
	at com.st.microxplorer.util.MXPropertyChangeSupport.firePropertyChange(MXPropertyChangeSupport.java:54) ~[STM32CubeMX.jar:?]
	at com.st.microxplorer.mxsystem.MxSystem.closeConfig(MxSystem.java:899) ~[STM32CubeMX.jar:?]
	at com.st.microxplorer.maingui.MainPanel.closeConfig(MainPanel.java:789) ~[STM32CubeMX.jar:?]
	at com.st.microxplorer.plugins.filemanager.engine.OpenFileManager.loadConfigurationFile(OpenFileManager.java:287) ~[filemanager.jar:?]
	at com.st.microxplorer.plugins.filemanager.engine.MainFileManager.userLoadConfig(MainFileManager.java:341) ~[filemanager.jar:?]
	at com.st.microxplorer.plugins.filemanager.engine.MainFileManager.userLoadConfig(MainFileManager.java:319) ~[filemanager.jar:?]
	at com.st.microxplorer.plugins.filemanager.FileManagerView.getSpecificTask(FileManagerView.java:246) ~[filemanager.jar:?]
	at com.st.stm32cube.common.mx.editor.CubeMxEditor.getMxTabbedPaneInstance(CubeMxEditor.java:1198) ~[com.st.stm32cube.common.mx_6.14.1.202504091515/:?]
	at com.st.stm32cube.common.mx.editor.CubeMxEditor$12$1.createSwingComponent(CubeMxEditor.java:1068) ~[com.st.stm32cube.common.mx_6.14.1.202504091515/:?]
	at com.st.stm32cube.common.mx.oss.core.awtswtbridge.EmbeddedSwingComposite.doComponentCreation(EmbeddedSwingComposite.java:492) ~[com.st.stm32cube.common.mx.oss_6.14.1.202504091515/:?]
	at com.st.stm32cube.common.mx.oss.core.awtswtbridge.EmbeddedSwingComposite$4.run(EmbeddedSwingComposite.java:291) ~[com.st.stm32cube.common.mx.oss_6.14.1.202504091515/:?]
	at com.st.stm32cube.common.mx.oss.core.awtswtbridge.AwtEnvironment$2.run(AwtEnvironment.java:166) ~[com.st.stm32cube.common.mx.oss_6.14.1.202504091515/:?]
	at java.awt.event.InvocationEvent.dispatch(InvocationEvent.java:318) ~[?:?]
	at java.awt.EventQueue.dispatchEventImpl(EventQueue.java:773) ~[?:?]
	at java.awt.EventQueue$4.run(EventQueue.java:720) ~[?:?]
	at java.awt.EventQueue$4.run(EventQueue.java:714) ~[?:?]
	at java.security.AccessController.doPrivileged(AccessController.java:400) ~[?:?]
	at java.security.ProtectionDomain$JavaSecurityAccessImpl.doIntersectionPrivilege(ProtectionDomain.java:87) ~[?:?]
	at java.awt.EventQueue.dispatchEvent(EventQueue.java:742) ~[?:?]
	at java.awt.EventDispatchThread.pumpOneEventForFilters(EventDispatchThread.java:203) ~[?:?]
	at java.awt.EventDispatchThread.pumpEventsForFilter(EventDispatchThread.java:124) ~[?:?]
	at java.awt.EventDispatchThread.pumpEventsForHierarchy(EventDispatchThread.java:113) ~[?:?]
	at java.awt.EventDispatchThread.pumpEvents(EventDispatchThread.java:109) ~[?:?]
	at java.awt.EventDispatchThread.pumpEvents(EventDispatchThread.java:101) ~[?:?]
	at java.awt.EventDispatchThread.run(EventDispatchThread.java:90) ~[?:?]
2025-08-08 11:47:23,201 [WARN] ThirdParty:871 - waiting for thirdparty lock release [close project]
2025-08-08 11:47:23,201 [INFO] ThirdParty:873 - entering critical section [close project]
2025-08-08 11:47:23,202 [INFO] ThirdParty:883 - exiting critical section [close project]
2025-08-08 11:47:23,217 [INFO] PinOutPanel:1589 - setPackage(No Configuration,No Configuration)
2025-08-08 11:47:23,256 [INFO] UtilMem:75 - Begin LoadConfig() Used Memory: 829540400 Bytes (1073741824)
2025-08-08 11:47:23,262 [INFO] MicroXplorer:468 - Change Database Path : 
2025-08-08 11:47:23,262 [INFO] MicroXplorer:498 - Change Database Version : DB.6.0.141
2025-08-08 11:47:23,264 [INFO] OpenFileManager:354 - Change cursor
2025-08-08 11:47:23,350 [INFO] RulesReader:64 - Compatibility file has been processed (302 Rules)
2025-08-08 11:47:23,389 [INFO] Mcu:2011 - Initializing MCU STM32G071R(6-8-B)Tx STM32G071RBTx STM32G071RBT6
2025-08-08 11:47:28,614 [INFO] Context:756 - Trying to add GPIOservice into a context  which must be forbidden
2025-08-08 11:47:31,380 [INFO] ImportTextPane:218 - (OptionalMessage_ERROR) Pin13 (VP_RIF_VS_RIF1) cannot be retrieved for this MCU
2025-08-08 11:47:31,864 [INFO] RtosManager:558 - Registered RTOS mode: class=CMSIS, group=RTOS, mode=CMSIS_V1, owner=FREERTOS
2025-08-08 11:47:31,864 [INFO] RtosManager:558 - Registered RTOS mode: class=CMSIS, group=RTOS2, mode=CMSIS_V2, owner=FREERTOS
2025-08-08 11:47:31,864 [INFO] RtosManager:558 - Registered RTOS mode: class=RTOS, group=Core, mode=CMSIS_V1, owner=FREERTOS
2025-08-08 11:47:31,864 [INFO] RtosManager:558 - Registered RTOS mode: class=RTOS, group=Core, mode=CMSIS_V2, owner=FREERTOS
2025-08-08 11:47:31,865 [WARN] ModelIntegratedComponent:184 - Missing modes for component STMicroelectronics:FreeRTOS:0.0.1:STMicroelectronics:RTOS:FreeRTOS:Core:::10.2.0:
2025-08-08 11:47:31,888 [WARN] ModelIntegratedComponent:63 - No mode defined for component null
2025-08-08 11:47:31,888 [WARN] ModelIntegratedComponent:63 - No mode defined for component null
2025-08-08 11:47:31,888 [WARN] ModelIntegratedComponent:63 - No mode defined for component null
2025-08-08 11:47:31,888 [WARN] ModelIntegratedComponent:63 - No mode defined for component null
2025-08-08 11:47:31,888 [WARN] ModelIntegratedComponent:63 - No mode defined for component null
2025-08-08 11:47:31,888 [WARN] ModelIntegratedComponent:63 - No mode defined for component null
2025-08-08 11:47:31,888 [WARN] ModelIntegratedComponent:63 - No mode defined for component null
2025-08-08 11:47:31,889 [WARN] ModelIntegratedComponent:63 - No mode defined for component null
2025-08-08 11:47:31,889 [WARN] ModelIntegratedComponent:63 - No mode defined for component null
2025-08-08 11:47:31,889 [WARN] ModelIntegratedComponent:63 - No mode defined for component null
2025-08-08 11:47:31,889 [WARN] ModelIntegratedComponent:63 - No mode defined for component null
2025-08-08 11:47:31,889 [WARN] ModelIntegratedComponent:63 - No mode defined for component null
2025-08-08 11:47:31,889 [WARN] ModelIntegratedComponent:63 - No mode defined for component null
2025-08-08 11:47:31,889 [WARN] ModelIntegratedComponent:63 - No mode defined for component null
2025-08-08 11:47:31,889 [WARN] ModelIntegratedComponent:63 - No mode defined for component null
2025-08-08 11:47:31,890 [WARN] ModelIntegratedComponent:63 - No mode defined for component null
2025-08-08 11:47:31,890 [WARN] ModelIntegratedComponent:63 - No mode defined for component null
2025-08-08 11:47:31,890 [WARN] ModelIntegratedComponent:63 - No mode defined for component null
2025-08-08 11:47:31,890 [WARN] ModelIntegratedComponent:63 - No mode defined for component null
2025-08-08 11:47:31,890 [WARN] ModelIntegratedComponent:63 - No mode defined for component null
2025-08-08 11:47:31,890 [WARN] ModelIntegratedComponent:63 - No mode defined for component null
2025-08-08 11:47:31,890 [WARN] ModelIntegratedComponent:63 - No mode defined for component null
2025-08-08 11:47:31,890 [WARN] ModelIntegratedComponent:63 - No mode defined for component null
2025-08-08 11:47:31,891 [WARN] ModelIntegratedComponent:63 - No mode defined for component null
2025-08-08 11:47:31,891 [WARN] ModelIntegratedComponent:63 - No mode defined for component null
2025-08-08 11:47:31,891 [WARN] ModelIntegratedComponent:63 - No mode defined for component null
2025-08-08 11:47:31,891 [WARN] ModelIntegratedComponent:63 - No mode defined for component null
2025-08-08 11:47:31,891 [WARN] ModelIntegratedComponent:63 - No mode defined for component null
2025-08-08 11:47:31,891 [WARN] ModelIntegratedComponent:63 - No mode defined for component null
2025-08-08 11:47:31,891 [WARN] ModelIntegratedComponent:63 - No mode defined for component null
2025-08-08 11:47:31,891 [WARN] ModelIntegratedComponent:63 - No mode defined for component null
2025-08-08 11:47:31,891 [WARN] ModelIntegratedComponent:63 - No mode defined for component null
2025-08-08 11:47:31,891 [WARN] ModelIntegratedComponent:63 - No mode defined for component null
2025-08-08 11:47:31,891 [WARN] ModelIntegratedComponent:63 - No mode defined for component null
2025-08-08 11:47:31,891 [WARN] ModelIntegratedComponent:63 - No mode defined for component null
2025-08-08 11:47:31,893 [WARN] ModelPack:524 - Component already loaded: STMicroelectronics:HAL Drivers:0.0.0:STMicroelectronics:Device:STMicro_Driver:XSPI:HAL::0.0.1:HAL_XSPI
2025-08-08 11:47:32,056 [INFO] ThirdPartyModel:298 - Start build external matchings
2025-08-08 11:47:32,891 [INFO] ThirdPartyModel:316 - End build external matchings
2025-08-08 11:47:32,969 [INFO] ImportTextPane:218 - (OptionalMessage_ERROR) IP (RCC) : Invalid parameter (FamilyName)
2025-08-08 11:47:32,971 [INFO] ImportTextPane:218 - (OptionalMessage_ERROR) IP (RCC) : Parameter (PLLPoutputFreq_Value) has invalid value (64000000)
2025-08-08 11:47:32,971 [INFO] ImportTextPane:218 - (OptionalMessage_ERROR) IP (RCC) : Parameter (PLLQoutputFreq_Value) has invalid value (64000000)
2025-08-08 11:47:33,740 [INFO] UtilMem:75 - End LoadConfig() Used Memory: 799757040 Bytes (1073741824)
2025-08-08 11:47:33,779 [WARN] ThirdParty:833 - waiting for thirdparty lock release [change project]
2025-08-08 11:47:33,782 [INFO] ThirdParty:835 - entering critical section [change project]
2025-08-08 11:47:33,782 [INFO] ThirdParty:1030 - CMSIS Pack Vendor :STMicroelectronics X-CUBE-PM33A1 1.0.0
2025-08-08 11:47:33,782 [INFO] ThirdParty:1030 - CMSIS Pack Vendor :STMicroelectronics USBPD 4.1
2025-08-08 11:47:33,783 [INFO] ThirdParty:1030 - CMSIS Pack Vendor :STMicroelectronics X-CUBE-AZRTOS-H7 3.3.0
2025-08-08 11:47:33,783 [INFO] ThirdParty:1030 - CMSIS Pack Vendor :STMicroelectronics X-CUBE-NFC9 1.0.0
2025-08-08 11:47:33,783 [INFO] ThirdParty:1030 - CMSIS Pack Vendor :wolfSSL I-CUBE-wolfSSL 5.8.0
2025-08-08 11:47:33,783 [INFO] ThirdParty:1030 - CMSIS Pack Vendor :STMicroelectronics USB_HOST 2.0.0
2025-08-08 11:47:33,783 [INFO] ThirdParty:1030 - CMSIS Pack Vendor :STMicroelectronics FP-SNS-MOTENVWB1 1.4.0
2025-08-08 11:47:33,783 [INFO] ThirdParty:1030 - CMSIS Pack Vendor :STMicroelectronics X-CUBE-AZRTOS-F4 1.1.0
2025-08-08 11:47:33,783 [INFO] ThirdParty:1030 - CMSIS Pack Vendor :STMicroelectronics LIBJPEG 8.0.0
2025-08-08 11:47:33,783 [INFO] ThirdParty:1030 - CMSIS Pack Vendor :STMicroelectronics FP-ATR-ASTRA1 2.0.2
2025-08-08 11:47:33,783 [INFO] ThirdParty:1030 - CMSIS Pack Vendor :STMicroelectronics X-CUBE-BLE1 7.1.0
2025-08-08 11:47:33,785 [INFO] ThirdParty:1030 - CMSIS Pack Vendor :Avnet-IotConnect X-CUBE-IoTC-DA16k-PMOD 1.0.0
2025-08-08 11:47:33,785 [INFO] ThirdParty:1030 - CMSIS Pack Vendor :STMicroelectronics X-CUBE-SMBUS 2.1.0
2025-08-08 11:47:33,785 [INFO] ThirdParty:1030 - CMSIS Pack Vendor :wolfSSL I-CUBE-wolfMQTT 1.19.2
2025-08-08 11:47:33,785 [INFO] ThirdParty:1030 - CMSIS Pack Vendor :STMicroelectronics USB_DEVICE 3.0.0
2025-08-08 11:47:33,785 [INFO] ThirdParty:1030 - CMSIS Pack Vendor :STMicroelectronics X-CUBE-ISPU 2.1.0
2025-08-08 11:47:33,785 [INFO] ThirdParty:1030 - CMSIS Pack Vendor :STMicroelectronics X-CUBE-EEPRMA1 5.2.0
2025-08-08 11:47:33,786 [INFO] ThirdParty:1030 - CMSIS Pack Vendor :STMicroelectronics X-CUBE-BLEMGR 4.1.0
2025-08-08 11:47:33,786 [INFO] ThirdParty:1030 - CMSIS Pack Vendor :STMicroelectronics X-CUBE-AZRTOS-WB 2.0.0
2025-08-08 11:47:33,786 [INFO] ThirdParty:1030 - CMSIS Pack Vendor :STMicroelectronics X-CUBE-ST60 1.0.0
2025-08-08 11:47:33,786 [INFO] ThirdParty:1030 - CMSIS Pack Vendor :STMicroelectronics X-CUBE-GNSS1 7.0.1
2025-08-08 11:47:33,786 [INFO] ThirdParty:1030 - CMSIS Pack Vendor :STMicroelectronics X-CUBE-NFC12 1.0.0
2025-08-08 11:47:33,786 [INFO] ThirdParty:1030 - CMSIS Pack Vendor :STMicroelectronics X-CUBE-AZRTOS-F7 1.1.0
2025-08-08 11:47:33,786 [INFO] ThirdParty:1030 - CMSIS Pack Vendor :STMicroelectronics X-CUBE-AZRTOS-L5 2.0.0
2025-08-08 11:47:33,786 [INFO] ThirdParty:1030 - CMSIS Pack Vendor :STMicroelectronics X-CUBE-TOUCHGFX 4.25.0
2025-08-08 11:47:33,786 [INFO] ThirdParty:1030 - CMSIS Pack Vendor :STMicroelectronics USB_DEVICE 2.0.0
2025-08-08 11:47:33,787 [INFO] ThirdParty:1030 - CMSIS Pack Vendor :STMicroelectronics X-CUBE-NFC6 3.1.0
2025-08-08 11:47:33,787 [INFO] ThirdParty:1030 - CMSIS Pack Vendor :STMicroelectronics X-CUBE-AI 10.1.0
2025-08-08 11:47:33,787 [INFO] ThirdParty:1030 - CMSIS Pack Vendor :STMicroelectronics FP-SNS-STBOX1 2.0.0
2025-08-08 11:47:33,787 [INFO] ThirdParty:1030 - CMSIS Pack Vendor :STMicroelectronics X-CUBE-MEMS1 11.2.0
2025-08-08 11:47:33,787 [INFO] ThirdParty:1030 - CMSIS Pack Vendor :STMicroelectronics FreeRTOS 0.0.1
2025-08-08 11:47:33,787 [INFO] ThirdParty:1030 - CMSIS Pack Vendor :STMicroelectronics X-CUBE-AZRTOS-G0 1.1.0
2025-08-08 11:47:33,788 [INFO] ThirdParty:1030 - CMSIS Pack Vendor :STMicroelectronics X-CUBE-SAFEA1 1.2.2
2025-08-08 11:47:33,788 [INFO] ThirdParty:1030 - CMSIS Pack Vendor :STMicroelectronics X-CUBE-NFC4 3.0.0
2025-08-08 11:47:33,788 [INFO] ThirdParty:1030 - CMSIS Pack Vendor :STMicroelectronics X-CUBE-SUBG2 5.0.0
2025-08-08 11:47:33,788 [INFO] ThirdParty:1030 - CMSIS Pack Vendor :STMicroelectronics X-CUBE-AZRTOS-H7RS 1.1.0
2025-08-08 11:47:33,788 [INFO] ThirdParty:1030 - CMSIS Pack Vendor :STMicroelectronics STM32_WPAN 1.0.0
2025-08-08 11:47:33,788 [INFO] ThirdParty:1030 - CMSIS Pack Vendor :EmbeddedOffice I-CUBE-FS-RTOS 1.0.1
2025-08-08 11:47:33,788 [INFO] ThirdParty:1030 - CMSIS Pack Vendor :STMicroelectronics lwIP 2.0.3
2025-08-08 11:47:33,789 [INFO] ThirdParty:1030 - CMSIS Pack Vendor :Cesanta I-CUBE-Mongoose 7.13.0
2025-08-08 11:47:33,789 [INFO] ThirdParty:1030 - CMSIS Pack Vendor :STMicroelectronics USB_HOST 1.0.0
2025-08-08 11:47:33,790 [INFO] ThirdParty:1030 - CMSIS Pack Vendor :Infineon AIROC-Wi-Fi-Bluetooth-STM32 1.7.0
2025-08-08 11:47:33,790 [INFO] ThirdParty:1030 - CMSIS Pack Vendor :STMicroelectronics X-CUBE-AZRTOS-G4 2.0.0
2025-08-08 11:47:33,791 [INFO] ThirdParty:1030 - CMSIS Pack Vendor :STMicroelectronics X-CUBE-WB05N 2.0.0
2025-08-08 11:47:33,791 [INFO] ThirdParty:1030 - CMSIS Pack Vendor :STMicroelectronics PDM2PCM 3.1.0
2025-08-08 11:47:33,791 [INFO] ThirdParty:1030 - CMSIS Pack Vendor :STMicroelectronics PDM2PCM 3.3.0
2025-08-08 11:47:33,791 [INFO] ThirdParty:1030 - CMSIS Pack Vendor :wolfSSL I-CUBE-wolfTPM 3.8.0
2025-08-08 11:47:33,791 [INFO] ThirdParty:1030 - CMSIS Pack Vendor :STMicroelectronics X-CUBE-AZRTOS-H7 3.4.0
2025-08-08 11:47:33,791 [INFO] ThirdParty:1030 - CMSIS Pack Vendor :STMicroelectronics X-CUBE-DISPLAY 3.0.0
2025-08-08 11:47:33,791 [INFO] ThirdParty:1030 - CMSIS Pack Vendor :wolfSSL I-CUBE-wolfSSH 1.4.20
2025-08-08 11:47:33,791 [INFO] ThirdParty:1030 - CMSIS Pack Vendor :STMicroelectronics X-CUBE-NFC7 2.0.0
2025-08-08 11:47:33,791 [INFO] ThirdParty:1030 - CMSIS Pack Vendor :STMicroelectronics X-CUBE-TCPP 4.2.0
2025-08-08 11:47:33,792 [INFO] ThirdParty:1030 - CMSIS Pack Vendor :RealThread X-CUBE-RT-Thread_Nano 4.1.1
2025-08-08 11:47:33,793 [INFO] ThirdParty:1030 - CMSIS Pack Vendor :STMicroelectronics FP-ATR-SIGFOX1 3.2.0
2025-08-08 11:47:33,794 [INFO] ThirdParty:1030 - CMSIS Pack Vendor :STMicroelectronics X-CUBE-NFC10 1.0.0
2025-08-08 11:47:33,794 [INFO] ThirdParty:1030 - CMSIS Pack Vendor :STMicroelectronics X-CUBE-BLEMGR 4.0.0
2025-08-08 11:47:33,795 [INFO] ThirdParty:1030 - CMSIS Pack Vendor :STMicroelectronics X-CUBE-EEPRMA1 5.1.0
2025-08-08 11:47:33,796 [INFO] ThirdParty:1030 - CMSIS Pack Vendor :STMicroelectronics X-CUBE-FREERTOS 1.3.1
2025-08-08 11:47:33,797 [INFO] ThirdParty:1030 - CMSIS Pack Vendor :STMicroelectronics HAL Drivers 0.0.0
2025-08-08 11:47:33,799 [INFO] ThirdParty:1030 - CMSIS Pack Vendor :STMicroelectronics MBEDTLS 2.16.2
2025-08-08 11:47:33,799 [INFO] ThirdParty:1030 - CMSIS Pack Vendor :STMicroelectronics X-CUBE-IPS 3.1.0
2025-08-08 11:47:33,799 [INFO] ThirdParty:1030 - CMSIS Pack Vendor :STMicroelectronics X-CUBE-ALS 1.0.2
2025-08-08 11:47:33,800 [INFO] ThirdParty:1030 - CMSIS Pack Vendor :emotas I-CUBE-CANOPEN 1.3.0
2025-08-08 11:47:33,800 [INFO] ThirdParty:1030 - CMSIS Pack Vendor :STMicroelectronics MBEDTLS 2.14.1
2025-08-08 11:47:33,801 [INFO] ThirdParty:1030 - CMSIS Pack Vendor :ITTIA_DB I-CUBE-ITTIADB 8.9.0
2025-08-08 11:47:33,801 [INFO] ThirdParty:1030 - CMSIS Pack Vendor :portGmbH I-Cube-SoM-uGOAL 1.1.0
2025-08-08 11:47:33,801 [INFO] ThirdParty:1030 - CMSIS Pack Vendor :quantropi X-CUBE-qispace-sdk-base 2.0.0
2025-08-08 11:47:33,802 [INFO] ThirdParty:1030 - CMSIS Pack Vendor :STMicroelectronics X-CUBE-ST67W61 1.0.0
2025-08-08 11:47:33,802 [INFO] ThirdParty:1030 - CMSIS Pack Vendor :STMicroelectronics X-CUBE-AI 10.2.0
2025-08-08 11:47:33,802 [INFO] ThirdParty:1030 - CMSIS Pack Vendor :STMicroelectronics FP-SNS-STAIOTCFT 1.0.0
2025-08-08 11:47:33,802 [INFO] ThirdParty:1030 - CMSIS Pack Vendor :STMicroelectronics ThreadX 1.0.0
2025-08-08 11:47:33,802 [INFO] ThirdParty:1030 - CMSIS Pack Vendor :STMicroelectronics FP-SNS-SMARTAG2 1.2.0
2025-08-08 11:47:33,802 [INFO] ThirdParty:1030 - CMSIS Pack Vendor :STMicroelectronics FP-SNS-FLIGHT1 5.1.0
2025-08-08 11:47:33,802 [INFO] ThirdParty:1030 - CMSIS Pack Vendor :STMicroelectronics X-CUBE-AZRTOS-WL 2.0.0
2025-08-08 11:47:33,802 [INFO] ThirdParty:1030 - CMSIS Pack Vendor :SEGGER I-CUBE-embOS 1.3.1
2025-08-08 11:47:33,802 [INFO] ThirdParty:1030 - CMSIS Pack Vendor :STMicroelectronics X-CUBE-ALGOBUILD 1.4.0
2025-08-08 11:47:33,803 [INFO] ThirdParty:1030 - CMSIS Pack Vendor :STMicroelectronics X-CUBE-DPower 1.3.0
2025-08-08 11:47:33,803 [INFO] ThirdParty:1030 - CMSIS Pack Vendor :STMicroelectronics X-CUBE-MEMS1 11.3.0
2025-08-08 11:47:33,803 [INFO] ThirdParty:1030 - CMSIS Pack Vendor :STMicroelectronics FP-SNS-MOTENV1 5.0.0
2025-08-08 11:47:33,803 [INFO] ThirdParty:1030 - CMSIS Pack Vendor :STMicroelectronics USB_DEVICE 1.0.0
2025-08-08 11:47:33,803 [INFO] ThirdParty:1030 - CMSIS Pack Vendor :STMicroelectronics X-CUBE-AZRTOS-L4 2.0.0
2025-08-08 11:47:33,803 [INFO] ThirdParty:1030 - CMSIS Pack Vendor :STMicroelectronics ThreadX 0.0.2
2025-08-08 11:47:33,803 [INFO] ThirdParty:1030 - CMSIS Pack Vendor :WES I-CUBE-Cesium 1.3.0
2025-08-08 11:47:33,803 [INFO] ThirdParty:1030 - CMSIS Pack Vendor :STMicroelectronics lwIP 2.1.2
2025-08-08 11:47:33,803 [INFO] ThirdParty:1030 - CMSIS Pack Vendor :STMicroelectronics X-CUBE-SFXS2LP1 4.0.0
2025-08-08 11:47:33,803 [INFO] ThirdParty:1030 - CMSIS Pack Vendor :STMicroelectronics X-CUBE-BLE2 3.3.0
2025-08-08 11:47:33,803 [INFO] ThirdParty:1030 - CMSIS Pack Vendor :STMicroelectronics X-CUBE-TOF1 3.4.3
2025-08-08 11:47:33,804 [INFO] ThirdParty:1030 - CMSIS Pack Vendor :STMicroelectronics PDM2PCM 3.2.0
2025-08-08 11:47:33,805 [INFO] ThirdParty:841 - exiting critical section [change project]
2025-08-08 11:47:34,877 [INFO] PinOutPanel:1589 - setPackage(No Configuration,No Configuration)
2025-08-08 11:47:34,900 [INFO] PinOutPanel:1589 - setPackage(STM32G071RBTx,LQFP64)
2025-08-08 11:47:35,464 [INFO] UtilMem:75 - Before build in PCC Used Memory: 934058088 Bytes (1073741824)
2025-08-08 11:47:36,160 [INFO] UtilMem:75 - After build in PCC Used Memory: 689674216 Bytes (1073741824)
2025-08-08 11:47:36,190 [INFO] IPUIPlugin:80 - create IPUIPlugin
2025-08-08 11:47:36,191 [INFO] IPUIPlugin:80 - create IPUIPlugin
2025-08-08 11:47:36,191 [INFO] IPUIPlugin:80 - create IPUIPlugin
2025-08-08 11:47:36,191 [INFO] IPUIPlugin:80 - create IPUIPlugin
2025-08-08 11:47:36,191 [INFO] IPUIPlugin:80 - create IPUIPlugin
2025-08-08 11:47:36,192 [INFO] IPUIPlugin:80 - create IPUIPlugin
2025-08-08 11:47:36,192 [INFO] IPUIPlugin:80 - create IPUIPlugin
2025-08-08 11:47:36,193 [INFO] IPUIPlugin:80 - create IPUIPlugin
2025-08-08 11:47:36,194 [INFO] IPUIPlugin:80 - create IPUIPlugin
2025-08-08 11:47:36,194 [INFO] IPUIPlugin:80 - create IPUIPlugin
2025-08-08 11:47:36,194 [INFO] IPUIPlugin:80 - create IPUIPlugin
2025-08-08 11:47:36,194 [INFO] IPUIPlugin:80 - create IPUIPlugin
2025-08-08 11:47:36,194 [INFO] IPUIPlugin:80 - create IPUIPlugin
2025-08-08 11:47:36,195 [INFO] IPUIPlugin:80 - create IPUIPlugin
2025-08-08 11:47:36,195 [INFO] IPUIPlugin:80 - create IPUIPlugin
2025-08-08 11:47:36,195 [INFO] IPUIPlugin:80 - create IPUIPlugin
2025-08-08 11:47:36,195 [INFO] IPUIPlugin:80 - create IPUIPlugin
2025-08-08 11:47:36,195 [INFO] IPUIPlugin:80 - create IPUIPlugin
2025-08-08 11:47:36,195 [INFO] IPUIPlugin:80 - create IPUIPlugin
2025-08-08 11:47:36,196 [INFO] IPUIPlugin:80 - create IPUIPlugin
2025-08-08 11:47:36,196 [INFO] IPUIPlugin:80 - create IPUIPlugin
2025-08-08 11:47:36,196 [INFO] IPUIPlugin:80 - create IPUIPlugin
2025-08-08 11:47:36,196 [INFO] IPUIPlugin:80 - create IPUIPlugin
2025-08-08 11:47:36,197 [INFO] IPUIPlugin:80 - create IPUIPlugin
2025-08-08 11:47:36,197 [INFO] IPUIPlugin:80 - create IPUIPlugin
2025-08-08 11:47:36,197 [INFO] IPUIPlugin:80 - create IPUIPlugin
2025-08-08 11:47:36,197 [INFO] IPUIPlugin:80 - create IPUIPlugin
2025-08-08 11:47:36,198 [INFO] IPUIPlugin:80 - create IPUIPlugin
2025-08-08 11:47:36,198 [INFO] IPUIPlugin:80 - create IPUIPlugin
2025-08-08 11:47:36,198 [INFO] IPUIPlugin:80 - create IPUIPlugin
2025-08-08 11:47:36,198 [INFO] IPUIPlugin:80 - create IPUIPlugin
2025-08-08 11:47:36,198 [INFO] IPUIPlugin:80 - create IPUIPlugin
2025-08-08 11:47:36,199 [INFO] IPUIPlugin:80 - create IPUIPlugin
2025-08-08 11:47:36,199 [INFO] IPUIPlugin:80 - create IPUIPlugin
2025-08-08 11:47:36,199 [INFO] IPUIPlugin:80 - create IPUIPlugin
2025-08-08 11:47:36,200 [INFO] IPUIPlugin:80 - create IPUIPlugin
2025-08-08 11:47:36,200 [INFO] IPUIPlugin:80 - create IPUIPlugin
2025-08-08 11:47:36,200 [INFO] IPUIPlugin:80 - create IPUIPlugin
2025-08-08 11:47:36,201 [INFO] IPUIPlugin:80 - create IPUIPlugin
2025-08-08 11:47:36,201 [INFO] IPUIPlugin:80 - create IPUIPlugin
2025-08-08 11:47:36,201 [INFO] IPUIPlugin:80 - create IPUIPlugin
2025-08-08 11:47:36,201 [INFO] IPUIPlugin:80 - create IPUIPlugin
2025-08-08 11:47:36,201 [INFO] IPUIPlugin:80 - create IPUIPlugin
2025-08-08 11:47:36,304 [INFO] CADModel:165 - CPN selected for project levelSTM32G071RBT6
2025-08-08 11:47:36,304 [INFO] CADModel:114 - Register for checkConnection events
2025-08-08 11:47:36,347 [INFO] OpenFileManager:385 - Restore cursor
2025-08-08 13:36:53,785 [INFO] WebApp:194 - Connection lost
2025-08-08 13:37:08,627 [INFO] WebApp:191 - Connection restablished
2025-08-08 13:37:09,973 [INFO] WebApp:194 - Connection lost
2025-08-08 13:37:10,366 [INFO] WebApp:191 - Connection restablished
2025-08-08 13:40:30,121 [INFO] UtilMem:75 - End SaveConfig() Used Memory: 864904440 Bytes (1073741824)
2025-08-08 13:40:33,190 [INFO] UtilMem:75 - End SaveConfig() Used Memory: 866196440 Bytes (1073741824)
2025-08-08 13:40:34,007 [INFO] BlockDiagram:2775 - set Specific Code input for plugin: NVIC
2025-08-08 13:40:34,008 [INFO] BlockDiagram:2775 - set Specific Code input for plugin: TIM1_8G0
2025-08-08 13:40:34,009 [INFO] BlockDiagram:2775 - set Specific Code input for plugin: SYS
2025-08-08 13:40:34,009 [INFO] BlockDiagram:2775 - set Specific Code input for plugin: GPIO
2025-08-08 13:40:34,010 [INFO] BlockDiagram:2775 - set Specific Code input for plugin: RCC
2025-08-08 13:40:34,010 [INFO] BlockDiagram:2775 - set Specific Code input for plugin: I2C
2025-08-08 13:40:34,015 [INFO] CodeGenerator:882 - code generatio: config db path: C:\Users\Oguzm\Downloads\STM32CubeIDE_1.18.1\STM32CubeIDE\plugins\com.st.stm32cube.common.mx_6.14.1.202504091515\\db\
2025-08-08 13:40:34,240 [INFO] CodeEngine:263 - oldGeneratedFile, C:\Users\Oguzm\STM32CubeIDE\TEI_Projects\tei\Flash_Memory_Try\MXTmpFiles\license.tmp_save
2025-08-08 13:40:34,599 [INFO] CodeEngine:287 - Generated code: C:\Users\Oguzm\STM32CubeIDE\TEI_Projects\tei\Flash_Memory_Try\MXTmpFiles\license.tmp
2025-08-08 13:40:34,729 [INFO] CodeEngine:263 - oldGeneratedFile, C:\Users\Oguzm\STM32CubeIDE\TEI_Projects\tei\Flash_Memory_Try\MXTmpFiles\gpio.tmp_save
2025-08-08 13:40:34,905 [INFO] CodeEngine:287 - Generated code: C:\Users\Oguzm\STM32CubeIDE\TEI_Projects\tei\Flash_Memory_Try\MXTmpFiles\gpio.tmp
2025-08-08 13:40:35,332 [INFO] CodeEngine:263 - oldGeneratedFile, C:\Users\Oguzm\STM32CubeIDE\TEI_Projects\tei\Flash_Memory_Try\Core\Src\stm32g0xx_it.c_save
2025-08-08 13:40:35,782 [INFO] CodeEngine:287 - Generated code: C:\Users\Oguzm\STM32CubeIDE\TEI_Projects\tei\Flash_Memory_Try\Core\Src\stm32g0xx_it.c
2025-08-08 13:40:35,799 [INFO] CodeEngine:263 - oldGeneratedFile, C:\Users\Oguzm\STM32CubeIDE\TEI_Projects\tei\Flash_Memory_Try\Core\Inc\stm32g0xx_it.h_save
2025-08-08 13:40:35,923 [INFO] CodeEngine:287 - Generated code: C:\Users\Oguzm\STM32CubeIDE\TEI_Projects\tei\Flash_Memory_Try\Core\Inc\stm32g0xx_it.h
2025-08-08 13:40:35,978 [INFO] CodeEngine:263 - oldGeneratedFile, C:\Users\Oguzm\STM32CubeIDE\TEI_Projects\tei\Flash_Memory_Try\Core\Src\stm32g0xx_hal_msp.c_save
2025-08-08 13:40:36,302 [INFO] CodeEngine:287 - Generated code: C:\Users\Oguzm\STM32CubeIDE\TEI_Projects\tei\Flash_Memory_Try\Core\Src\stm32g0xx_hal_msp.c
2025-08-08 13:40:36,312 [INFO] CodeEngine:263 - oldGeneratedFile, C:\Users\Oguzm\STM32CubeIDE\TEI_Projects\tei\Flash_Memory_Try\MXTmpFiles\system.tmp_save
2025-08-08 13:40:36,442 [INFO] CodeEngine:287 - Generated code: C:\Users\Oguzm\STM32CubeIDE\TEI_Projects\tei\Flash_Memory_Try\MXTmpFiles\system.tmp
2025-08-08 13:40:36,465 [INFO] CodeEngine:319 - oldGeneratedFile, C:\Users\Oguzm\STM32CubeIDE\TEI_Projects\tei\Flash_Memory_Try\Core\Inc\stm32g0xx_hal_conf.h_save
2025-08-08 13:40:36,609 [INFO] CodeEngine:343 - Generated code: C:\Users\Oguzm\STM32CubeIDE\TEI_Projects\tei\Flash_Memory_Try\Core\Inc\stm32g0xx_hal_conf.h
2025-08-08 13:40:36,685 [INFO] ApiDbMcu:508 - Load IP Config File for I2C1
2025-08-08 13:40:36,722 [INFO] ApiDbMcu:508 - Load IP Config File for TIM2
2025-08-08 13:40:36,731 [INFO] ApiDbMcu:508 - Load IP Config File for RCC
2025-08-08 13:40:36,734 [WARN] IPConfigManager:3790 - IP not found : TIM
2025-08-08 13:40:36,736 [WARN] CodeGenerator:4198 - IP not found : null
2025-08-08 13:40:36,758 [INFO] CodeEngine:263 - oldGeneratedFile, C:\Users\Oguzm\STM32CubeIDE\TEI_Projects\tei\Flash_Memory_Try\Core\Inc\main.h_save
2025-08-08 13:40:36,916 [INFO] CodeEngine:287 - Generated code: C:\Users\Oguzm\STM32CubeIDE\TEI_Projects\tei\Flash_Memory_Try\Core\Inc\main.h
2025-08-08 13:40:36,932 [INFO] CodeEngine:263 - oldGeneratedFile, C:\Users\Oguzm\STM32CubeIDE\TEI_Projects\tei\Flash_Memory_Try\Core\Src\main.c_save
2025-08-08 13:40:37,126 [INFO] CodeEngine:287 - Generated code: C:\Users\Oguzm\STM32CubeIDE\TEI_Projects\tei\Flash_Memory_Try\Core\Src\main.c
2025-08-08 13:40:37,870 [INFO] ProjectBuilder:3324 - Time for Copy HAL[1] : 431mS.
2025-08-08 13:40:37,878 [INFO] ProjectBuilder:4912 - Project Generator version: 4.6.0.1-B1
2025-08-08 13:40:37,979 [INFO] ConfigFileManager:1590 - The Die is : DIE460
2025-08-08 13:40:37,988 [INFO] ApiDbMcu:508 - Load IP Config File for FATFS
2025-08-08 13:40:37,998 [INFO] ApiDbMcu:508 - Load IP Config File for FREERTOS
2025-08-08 13:40:38,020 [INFO] ApiDbMcu:508 - Load IP Config File for USBPD
2025-08-08 13:40:41,167 [INFO] ProjectBuilder:5191 - Time for Generating toolchain IDE Files: 3289mS.
2025-08-08 13:40:41,169 [INFO] ProjectBuilder:3181 - Time for Copy CMSIS : 1mS.
2025-08-08 13:40:41,174 [INFO] ProjectBuilder:3181 - Time for Copy CMSIS : 0mS.
2025-08-08 13:43:06,466 [INFO] I2cTimingTraitement:330 - 0x00B07CB4
2025-08-08 13:43:14,578 [INFO] NvicIntPanel:101 - NVIC parent = com.st.microxplorer.plugins.ip.nvic.MultiNvicIntPanel[,0,0,0x0,invalid,layout=javax.swing.BoxLayout,alignmentX=0.0,alignmentY=0.0,border=,flags=9,maximumSize=,minimumSize=,preferredSize=]
2025-08-08 13:43:33,690 [INFO] NvicIntPanel:101 - NVIC parent = com.st.microxplorer.plugins.ip.nvic.MultiNvicIntPanel[,0,0,0x0,invalid,layout=javax.swing.BoxLayout,alignmentX=0.0,alignmentY=0.0,border=,flags=9,maximumSize=,minimumSize=,preferredSize=]
2025-08-08 13:43:43,485 [INFO] UtilMem:75 - End SaveConfig() Used Memory: 974988992 Bytes (1073741824)
2025-08-08 13:43:44,741 [INFO] UtilMem:75 - End SaveConfig() Used Memory: 996391416 Bytes (1073741824)
2025-08-08 13:43:46,519 [INFO] UtilMem:75 - End SaveConfig() Used Memory: 965463120 Bytes (1073741824)
2025-08-08 13:43:47,324 [INFO] BlockDiagram:2775 - set Specific Code input for plugin: NVIC
2025-08-08 13:43:47,325 [INFO] BlockDiagram:2775 - set Specific Code input for plugin: TIM1_8G0
2025-08-08 13:43:47,325 [INFO] BlockDiagram:2775 - set Specific Code input for plugin: SYS
2025-08-08 13:43:47,327 [INFO] BlockDiagram:2775 - set Specific Code input for plugin: GPIO
2025-08-08 13:43:47,328 [INFO] BlockDiagram:2775 - set Specific Code input for plugin: RCC
2025-08-08 13:43:47,328 [INFO] BlockDiagram:2775 - set Specific Code input for plugin: I2C
2025-08-08 13:43:47,331 [INFO] CodeGenerator:882 - code generatio: config db path: C:\Users\Oguzm\Downloads\STM32CubeIDE_1.18.1\STM32CubeIDE\plugins\com.st.stm32cube.common.mx_6.14.1.202504091515\\db\
2025-08-08 13:43:47,506 [INFO] CodeEngine:263 - oldGeneratedFile, C:\Users\Oguzm\STM32CubeIDE\TEI_Projects\tei\Flash_Memory_Try\MXTmpFiles\license.tmp_save
2025-08-08 13:43:47,929 [INFO] CodeEngine:287 - Generated code: C:\Users\Oguzm\STM32CubeIDE\TEI_Projects\tei\Flash_Memory_Try\MXTmpFiles\license.tmp
2025-08-08 13:43:48,054 [INFO] CodeEngine:263 - oldGeneratedFile, C:\Users\Oguzm\STM32CubeIDE\TEI_Projects\tei\Flash_Memory_Try\MXTmpFiles\gpio.tmp_save
2025-08-08 13:43:48,218 [INFO] CodeEngine:287 - Generated code: C:\Users\Oguzm\STM32CubeIDE\TEI_Projects\tei\Flash_Memory_Try\MXTmpFiles\gpio.tmp
2025-08-08 13:43:48,603 [INFO] CodeEngine:263 - oldGeneratedFile, C:\Users\Oguzm\STM32CubeIDE\TEI_Projects\tei\Flash_Memory_Try\Core\Src\stm32g0xx_it.c_save
2025-08-08 13:43:48,930 [INFO] CodeEngine:287 - Generated code: C:\Users\Oguzm\STM32CubeIDE\TEI_Projects\tei\Flash_Memory_Try\Core\Src\stm32g0xx_it.c
2025-08-08 13:43:48,941 [INFO] CodeEngine:263 - oldGeneratedFile, C:\Users\Oguzm\STM32CubeIDE\TEI_Projects\tei\Flash_Memory_Try\Core\Inc\stm32g0xx_it.h_save
2025-08-08 13:43:49,049 [INFO] CodeEngine:287 - Generated code: C:\Users\Oguzm\STM32CubeIDE\TEI_Projects\tei\Flash_Memory_Try\Core\Inc\stm32g0xx_it.h
2025-08-08 13:43:49,073 [INFO] CodeEngine:263 - oldGeneratedFile, C:\Users\Oguzm\STM32CubeIDE\TEI_Projects\tei\Flash_Memory_Try\Core\Src\stm32g0xx_hal_msp.c_save
2025-08-08 13:43:49,260 [INFO] CodeEngine:287 - Generated code: C:\Users\Oguzm\STM32CubeIDE\TEI_Projects\tei\Flash_Memory_Try\Core\Src\stm32g0xx_hal_msp.c
2025-08-08 13:43:49,269 [INFO] CodeEngine:263 - oldGeneratedFile, C:\Users\Oguzm\STM32CubeIDE\TEI_Projects\tei\Flash_Memory_Try\MXTmpFiles\system.tmp_save
2025-08-08 13:43:49,369 [INFO] CodeEngine:287 - Generated code: C:\Users\Oguzm\STM32CubeIDE\TEI_Projects\tei\Flash_Memory_Try\MXTmpFiles\system.tmp
2025-08-08 13:43:49,392 [INFO] CodeEngine:319 - oldGeneratedFile, C:\Users\Oguzm\STM32CubeIDE\TEI_Projects\tei\Flash_Memory_Try\Core\Inc\stm32g0xx_hal_conf.h_save
2025-08-08 13:43:49,501 [INFO] CodeEngine:343 - Generated code: C:\Users\Oguzm\STM32CubeIDE\TEI_Projects\tei\Flash_Memory_Try\Core\Inc\stm32g0xx_hal_conf.h
2025-08-08 13:43:49,538 [WARN] IPConfigManager:3790 - IP not found : TIM
2025-08-08 13:43:49,539 [WARN] CodeGenerator:4198 - IP not found : null
2025-08-08 13:43:49,553 [INFO] CodeEngine:263 - oldGeneratedFile, C:\Users\Oguzm\STM32CubeIDE\TEI_Projects\tei\Flash_Memory_Try\Core\Inc\main.h_save
2025-08-08 13:43:49,667 [INFO] CodeEngine:287 - Generated code: C:\Users\Oguzm\STM32CubeIDE\TEI_Projects\tei\Flash_Memory_Try\Core\Inc\main.h
2025-08-08 13:43:49,679 [INFO] CodeEngine:263 - oldGeneratedFile, C:\Users\Oguzm\STM32CubeIDE\TEI_Projects\tei\Flash_Memory_Try\Core\Src\main.c_save
2025-08-08 13:43:49,848 [INFO] CodeEngine:287 - Generated code: C:\Users\Oguzm\STM32CubeIDE\TEI_Projects\tei\Flash_Memory_Try\Core\Src\main.c
2025-08-08 13:43:50,577 [INFO] ProjectBuilder:3324 - Time for Copy HAL[1] : 374mS.
2025-08-08 13:43:50,586 [INFO] ProjectBuilder:4912 - Project Generator version: 4.6.0.1-B1
2025-08-08 13:43:50,753 [INFO] ConfigFileManager:1590 - The Die is : DIE460
2025-08-08 13:43:52,775 [INFO] ProjectBuilder:5191 - Time for Generating toolchain IDE Files: 2189mS.
2025-08-08 13:43:52,780 [INFO] ProjectBuilder:3181 - Time for Copy CMSIS : 5mS.
2025-08-08 13:43:52,785 [INFO] ProjectBuilder:3181 - Time for Copy CMSIS : 0mS.
2025-08-08 14:24:32,052 [INFO] MainUpdater:2872 - connection check result : 10
2025-08-08 14:24:32,054 [INFO] MainUpdater:2872 - connection check result : 10
2025-08-08 14:24:33,084 [INFO] I2cTimingTraitement:330 - 0x00B07CB4
2025-08-08 14:24:33,105 [INFO] MicroXplorer:468 - Change Database Path : 
2025-08-08 14:24:33,106 [INFO] MicroXplorer:498 - Change Database Version : DB.6.0.141
2025-08-08 14:24:33,189 [ERROR] ProjectManagerView:395 - 
java.lang.NullPointerException: Cannot invoke "javax.swing.JTextField.getText()" because the return value of "java.util.List.get(int)" is null
	at com.st.microxplorer.plugins.projectmanager.gui.ProjectChoiceTab$9.caretUpdate(ProjectChoiceTab.java:2678) ~[filemanager.jar:?]
	at javax.swing.text.JTextComponent.fireCaretUpdate(JTextComponent.java:408) ~[?:?]
	at javax.swing.text.JTextComponent$MutableCaretEvent.fire(JTextComponent.java:4484) ~[?:?]
	at javax.swing.text.JTextComponent$MutableCaretEvent.stateChanged(JTextComponent.java:4506) ~[?:?]
	at javax.swing.text.DefaultCaret.fireStateChanged(DefaultCaret.java:857) ~[?:?]
	at javax.swing.text.DefaultCaret.changeCaretPosition(DefaultCaret.java:1343) ~[?:?]
	at javax.swing.text.DefaultCaret.handleSetDot(DefaultCaret.java:1242) ~[?:?]
	at javax.swing.text.DefaultCaret.setDot(DefaultCaret.java:1223) ~[?:?]
	at javax.swing.text.DefaultCaret$Handler.insertUpdate(DefaultCaret.java:1819) ~[?:?]
	at javax.swing.text.AbstractDocument.fireInsertUpdate(AbstractDocument.java:227) ~[?:?]
	at javax.swing.text.AbstractDocument.handleInsertString(AbstractDocument.java:781) ~[?:?]
	at javax.swing.text.AbstractDocument.insertString(AbstractDocument.java:740) ~[?:?]
	at javax.swing.text.PlainDocument.insertString(PlainDocument.java:131) ~[?:?]
	at javax.swing.text.AbstractDocument.replace(AbstractDocument.java:699) ~[?:?]
	at javax.swing.text.JTextComponent.setText(JTextComponent.java:1725) ~[?:?]
	at com.st.microxplorer.plugins.projectmanager.gui.ProjectChoiceTab.createHeapStackFields(ProjectChoiceTab.java:979) ~[filemanager.jar:?]
	at com.st.microxplorer.plugins.projectmanager.gui.ProjectChoiceTab.buildLinkSettingsPanel(ProjectChoiceTab.java:3766) ~[filemanager.jar:?]
	at com.st.microxplorer.plugins.projectmanager.gui.ProjectChoiceTab.defineWindowsFields(ProjectChoiceTab.java:1962) ~[filemanager.jar:?]
	at com.st.microxplorer.plugins.projectmanager.gui.ProjectChoiceTab.updateSettings(ProjectChoiceTab.java:555) ~[filemanager.jar:?]
	at com.st.microxplorer.plugins.projectmanager.gui.ProjectSettingsPanel.UpdateDialog(ProjectSettingsPanel.java:245) ~[filemanager.jar:?]
	at com.st.microxplorer.plugins.projectmanager.ProjectManagerView.propertyChange(ProjectManagerView.java:392) ~[filemanager.jar:?]
	at java.beans.PropertyChangeSupport.fire(PropertyChangeSupport.java:343) ~[?:?]
	at java.beans.PropertyChangeSupport.firePropertyChange(PropertyChangeSupport.java:335) ~[?:?]
	at java.beans.PropertyChangeSupport.firePropertyChange(PropertyChangeSupport.java:268) ~[?:?]
	at com.st.microxplorer.util.MXPropertyChangeSupport.firePropertyChange(MXPropertyChangeSupport.java:54) ~[STM32CubeMX.jar:?]
	at com.st.microxplorer.mxsystem.MxSystem.closeConfig(MxSystem.java:899) ~[STM32CubeMX.jar:?]
	at com.st.microxplorer.maingui.MainPanel.closeConfig(MainPanel.java:789) ~[STM32CubeMX.jar:?]
	at com.st.microxplorer.plugins.filemanager.engine.OpenFileManager.loadConfigurationFile(OpenFileManager.java:287) ~[filemanager.jar:?]
	at com.st.microxplorer.plugins.filemanager.engine.MainFileManager.userLoadConfig(MainFileManager.java:341) ~[filemanager.jar:?]
	at com.st.microxplorer.plugins.filemanager.engine.MainFileManager.userLoadConfig(MainFileManager.java:319) ~[filemanager.jar:?]
	at com.st.microxplorer.plugins.filemanager.FileManagerView.getSpecificTask(FileManagerView.java:246) ~[filemanager.jar:?]
	at com.st.stm32cube.common.mx.editor.CubeMxEditor.getMxTabbedPaneInstance(CubeMxEditor.java:1198) ~[com.st.stm32cube.common.mx_6.14.1.202504091515/:?]
	at com.st.stm32cube.common.mx.editor.CubeMxEditor$12$1.createSwingComponent(CubeMxEditor.java:1068) ~[com.st.stm32cube.common.mx_6.14.1.202504091515/:?]
	at com.st.stm32cube.common.mx.oss.core.awtswtbridge.EmbeddedSwingComposite.doComponentCreation(EmbeddedSwingComposite.java:492) ~[com.st.stm32cube.common.mx.oss_6.14.1.202504091515/:?]
	at com.st.stm32cube.common.mx.oss.core.awtswtbridge.EmbeddedSwingComposite$4.run(EmbeddedSwingComposite.java:291) ~[com.st.stm32cube.common.mx.oss_6.14.1.202504091515/:?]
	at com.st.stm32cube.common.mx.oss.core.awtswtbridge.AwtEnvironment$2.run(AwtEnvironment.java:166) ~[com.st.stm32cube.common.mx.oss_6.14.1.202504091515/:?]
	at java.awt.event.InvocationEvent.dispatch(InvocationEvent.java:318) ~[?:?]
	at java.awt.EventQueue.dispatchEventImpl(EventQueue.java:773) ~[?:?]
	at java.awt.EventQueue$4.run(EventQueue.java:720) ~[?:?]
	at java.awt.EventQueue$4.run(EventQueue.java:714) ~[?:?]
	at java.security.AccessController.doPrivileged(AccessController.java:400) ~[?:?]
	at java.security.ProtectionDomain$JavaSecurityAccessImpl.doIntersectionPrivilege(ProtectionDomain.java:87) ~[?:?]
	at java.awt.EventQueue.dispatchEvent(EventQueue.java:742) ~[?:?]
	at java.awt.EventDispatchThread.pumpOneEventForFilters(EventDispatchThread.java:203) ~[?:?]
	at java.awt.EventDispatchThread.pumpEventsForFilter(EventDispatchThread.java:124) ~[?:?]
	at java.awt.EventDispatchThread.pumpEventsForHierarchy(EventDispatchThread.java:113) ~[?:?]
	at java.awt.EventDispatchThread.pumpEvents(EventDispatchThread.java:109) ~[?:?]
	at java.awt.EventDispatchThread.pumpEvents(EventDispatchThread.java:101) ~[?:?]
	at java.awt.EventDispatchThread.run(EventDispatchThread.java:90) ~[?:?]
2025-08-08 14:24:33,195 [WARN] ThirdParty:871 - waiting for thirdparty lock release [close project]
2025-08-08 14:24:33,196 [INFO] ThirdParty:873 - entering critical section [close project]
2025-08-08 14:24:33,196 [INFO] ThirdParty:883 - exiting critical section [close project]
2025-08-08 14:24:33,206 [INFO] PinOutPanel:1589 - setPackage(No Configuration,No Configuration)
2025-08-08 14:24:33,235 [INFO] UtilMem:75 - Begin LoadConfig() Used Memory: 858741872 Bytes (1073741824)
2025-08-08 14:24:33,239 [INFO] MicroXplorer:468 - Change Database Path : 
2025-08-08 14:24:33,239 [INFO] MicroXplorer:498 - Change Database Version : DB.6.0.141
2025-08-08 14:24:33,239 [INFO] OpenFileManager:354 - Change cursor
2025-08-08 14:24:33,328 [INFO] RulesReader:64 - Compatibility file has been processed (302 Rules)
2025-08-08 14:24:33,349 [INFO] Mcu:2011 - Initializing MCU STM32G071R(6-8-B)Tx STM32G071RBTx STM32G071RBT6
2025-08-08 14:24:37,420 [INFO] Context:756 - Trying to add GPIOservice into a context  which must be forbidden
2025-08-08 14:24:39,012 [INFO] ImportTextPane:218 - (OptionalMessage_ERROR) Pin14 (VP_RIF_VS_RIF1) cannot be retrieved for this MCU
2025-08-08 14:24:39,203 [INFO] RtosManager:558 - Registered RTOS mode: class=CMSIS, group=RTOS, mode=CMSIS_V1, owner=FREERTOS
2025-08-08 14:24:39,204 [INFO] RtosManager:558 - Registered RTOS mode: class=CMSIS, group=RTOS2, mode=CMSIS_V2, owner=FREERTOS
2025-08-08 14:24:39,205 [INFO] RtosManager:558 - Registered RTOS mode: class=RTOS, group=Core, mode=CMSIS_V1, owner=FREERTOS
2025-08-08 14:24:39,205 [INFO] RtosManager:558 - Registered RTOS mode: class=RTOS, group=Core, mode=CMSIS_V2, owner=FREERTOS
2025-08-08 14:24:39,215 [WARN] ModelIntegratedComponent:184 - Missing modes for component STMicroelectronics:FreeRTOS:0.0.1:STMicroelectronics:RTOS:FreeRTOS:Core:::10.2.0:
2025-08-08 14:24:39,239 [WARN] ModelIntegratedComponent:63 - No mode defined for component null
2025-08-08 14:24:39,239 [WARN] ModelIntegratedComponent:63 - No mode defined for component null
2025-08-08 14:24:39,239 [WARN] ModelIntegratedComponent:63 - No mode defined for component null
2025-08-08 14:24:39,240 [WARN] ModelIntegratedComponent:63 - No mode defined for component null
2025-08-08 14:24:39,240 [WARN] ModelIntegratedComponent:63 - No mode defined for component null
2025-08-08 14:24:39,240 [WARN] ModelIntegratedComponent:63 - No mode defined for component null
2025-08-08 14:24:39,240 [WARN] ModelIntegratedComponent:63 - No mode defined for component null
2025-08-08 14:24:39,241 [WARN] ModelIntegratedComponent:63 - No mode defined for component null
2025-08-08 14:24:39,241 [WARN] ModelIntegratedComponent:63 - No mode defined for component null
2025-08-08 14:24:39,241 [WARN] ModelIntegratedComponent:63 - No mode defined for component null
2025-08-08 14:24:39,241 [WARN] ModelIntegratedComponent:63 - No mode defined for component null
2025-08-08 14:24:39,241 [WARN] ModelIntegratedComponent:63 - No mode defined for component null
2025-08-08 14:24:39,241 [WARN] ModelIntegratedComponent:63 - No mode defined for component null
2025-08-08 14:24:39,241 [WARN] ModelIntegratedComponent:63 - No mode defined for component null
2025-08-08 14:24:39,241 [WARN] ModelIntegratedComponent:63 - No mode defined for component null
2025-08-08 14:24:39,241 [WARN] ModelIntegratedComponent:63 - No mode defined for component null
2025-08-08 14:24:39,241 [WARN] ModelIntegratedComponent:63 - No mode defined for component null
2025-08-08 14:24:39,241 [WARN] ModelIntegratedComponent:63 - No mode defined for component null
2025-08-08 14:24:39,241 [WARN] ModelIntegratedComponent:63 - No mode defined for component null
2025-08-08 14:24:39,241 [WARN] ModelIntegratedComponent:63 - No mode defined for component null
2025-08-08 14:24:39,241 [WARN] ModelIntegratedComponent:63 - No mode defined for component null
2025-08-08 14:24:39,241 [WARN] ModelIntegratedComponent:63 - No mode defined for component null
2025-08-08 14:24:39,242 [WARN] ModelIntegratedComponent:63 - No mode defined for component null
2025-08-08 14:24:39,242 [WARN] ModelIntegratedComponent:63 - No mode defined for component null
2025-08-08 14:24:39,242 [WARN] ModelIntegratedComponent:63 - No mode defined for component null
2025-08-08 14:24:39,242 [WARN] ModelIntegratedComponent:63 - No mode defined for component null
2025-08-08 14:24:39,242 [WARN] ModelIntegratedComponent:63 - No mode defined for component null
2025-08-08 14:24:39,242 [WARN] ModelIntegratedComponent:63 - No mode defined for component null
2025-08-08 14:24:39,242 [WARN] ModelIntegratedComponent:63 - No mode defined for component null
2025-08-08 14:24:39,242 [WARN] ModelIntegratedComponent:63 - No mode defined for component null
2025-08-08 14:24:39,242 [WARN] ModelIntegratedComponent:63 - No mode defined for component null
2025-08-08 14:24:39,242 [WARN] ModelIntegratedComponent:63 - No mode defined for component null
2025-08-08 14:24:39,242 [WARN] ModelIntegratedComponent:63 - No mode defined for component null
2025-08-08 14:24:39,242 [WARN] ModelIntegratedComponent:63 - No mode defined for component null
2025-08-08 14:24:39,243 [WARN] ModelIntegratedComponent:63 - No mode defined for component null
2025-08-08 14:24:39,243 [WARN] ModelPack:524 - Component already loaded: STMicroelectronics:HAL Drivers:0.0.0:STMicroelectronics:Device:STMicro_Driver:XSPI:HAL::0.0.1:HAL_XSPI
2025-08-08 14:24:39,366 [INFO] ThirdPartyModel:298 - Start build external matchings
2025-08-08 14:24:39,917 [INFO] ThirdPartyModel:316 - End build external matchings
2025-08-08 14:24:39,958 [INFO] ImportTextPane:218 - (OptionalMessage_ERROR) IP (RCC) : Invalid parameter (FamilyName)
2025-08-08 14:24:39,958 [INFO] ImportTextPane:218 - (OptionalMessage_ERROR) IP (RCC) : Parameter (PLLPoutputFreq_Value) has invalid value (64000000)
2025-08-08 14:24:39,959 [INFO] ImportTextPane:218 - (OptionalMessage_ERROR) IP (RCC) : Parameter (PLLQoutputFreq_Value) has invalid value (64000000)
2025-08-08 14:24:40,322 [INFO] UtilMem:75 - End LoadConfig() Used Memory: 952155856 Bytes (1073741824)
2025-08-08 14:24:40,425 [WARN] ThirdParty:833 - waiting for thirdparty lock release [change project]
2025-08-08 14:24:40,427 [INFO] ThirdParty:835 - entering critical section [change project]
2025-08-08 14:24:40,427 [INFO] ThirdParty:1030 - CMSIS Pack Vendor :STMicroelectronics X-CUBE-PM33A1 1.0.0
2025-08-08 14:24:40,427 [INFO] ThirdParty:1030 - CMSIS Pack Vendor :STMicroelectronics USBPD 4.1
2025-08-08 14:24:40,428 [INFO] ThirdParty:1030 - CMSIS Pack Vendor :STMicroelectronics X-CUBE-AZRTOS-H7 3.3.0
2025-08-08 14:24:40,428 [INFO] ThirdParty:1030 - CMSIS Pack Vendor :STMicroelectronics X-CUBE-NFC9 1.0.0
2025-08-08 14:24:40,428 [INFO] ThirdParty:1030 - CMSIS Pack Vendor :wolfSSL I-CUBE-wolfSSL 5.8.0
2025-08-08 14:24:40,428 [INFO] ThirdParty:1030 - CMSIS Pack Vendor :STMicroelectronics USB_HOST 2.0.0
2025-08-08 14:24:40,428 [INFO] ThirdParty:1030 - CMSIS Pack Vendor :STMicroelectronics FP-SNS-MOTENVWB1 1.4.0
2025-08-08 14:24:40,428 [INFO] ThirdParty:1030 - CMSIS Pack Vendor :STMicroelectronics X-CUBE-AZRTOS-F4 1.1.0
2025-08-08 14:24:40,428 [INFO] ThirdParty:1030 - CMSIS Pack Vendor :STMicroelectronics LIBJPEG 8.0.0
2025-08-08 14:24:40,428 [INFO] ThirdParty:1030 - CMSIS Pack Vendor :STMicroelectronics FP-ATR-ASTRA1 2.0.2
2025-08-08 14:24:40,428 [INFO] ThirdParty:1030 - CMSIS Pack Vendor :STMicroelectronics X-CUBE-BLE1 7.1.0
2025-08-08 14:24:40,429 [INFO] ThirdParty:1030 - CMSIS Pack Vendor :Avnet-IotConnect X-CUBE-IoTC-DA16k-PMOD 1.0.0
2025-08-08 14:24:40,429 [INFO] ThirdParty:1030 - CMSIS Pack Vendor :STMicroelectronics X-CUBE-SMBUS 2.1.0
2025-08-08 14:24:40,429 [INFO] ThirdParty:1030 - CMSIS Pack Vendor :wolfSSL I-CUBE-wolfMQTT 1.19.2
2025-08-08 14:24:40,429 [INFO] ThirdParty:1030 - CMSIS Pack Vendor :STMicroelectronics USB_DEVICE 3.0.0
2025-08-08 14:24:40,429 [INFO] ThirdParty:1030 - CMSIS Pack Vendor :STMicroelectronics X-CUBE-ISPU 2.1.0
2025-08-08 14:24:40,429 [INFO] ThirdParty:1030 - CMSIS Pack Vendor :STMicroelectronics X-CUBE-EEPRMA1 5.2.0
2025-08-08 14:24:40,429 [INFO] ThirdParty:1030 - CMSIS Pack Vendor :STMicroelectronics X-CUBE-BLEMGR 4.1.0
2025-08-08 14:24:40,429 [INFO] ThirdParty:1030 - CMSIS Pack Vendor :STMicroelectronics X-CUBE-AZRTOS-WB 2.0.0
2025-08-08 14:24:40,429 [INFO] ThirdParty:1030 - CMSIS Pack Vendor :STMicroelectronics X-CUBE-ST60 1.0.0
2025-08-08 14:24:40,429 [INFO] ThirdParty:1030 - CMSIS Pack Vendor :STMicroelectronics X-CUBE-GNSS1 7.0.1
2025-08-08 14:24:40,429 [INFO] ThirdParty:1030 - CMSIS Pack Vendor :STMicroelectronics X-CUBE-NFC12 1.0.0
2025-08-08 14:24:40,429 [INFO] ThirdParty:1030 - CMSIS Pack Vendor :STMicroelectronics X-CUBE-AZRTOS-F7 1.1.0
2025-08-08 14:24:40,429 [INFO] ThirdParty:1030 - CMSIS Pack Vendor :STMicroelectronics X-CUBE-AZRTOS-L5 2.0.0
2025-08-08 14:24:40,429 [INFO] ThirdParty:1030 - CMSIS Pack Vendor :STMicroelectronics X-CUBE-TOUCHGFX 4.25.0
2025-08-08 14:24:40,429 [INFO] ThirdParty:1030 - CMSIS Pack Vendor :STMicroelectronics USB_DEVICE 2.0.0
2025-08-08 14:24:40,429 [INFO] ThirdParty:1030 - CMSIS Pack Vendor :STMicroelectronics X-CUBE-NFC6 3.1.0
2025-08-08 14:24:40,430 [INFO] ThirdParty:1030 - CMSIS Pack Vendor :STMicroelectronics X-CUBE-AI 10.1.0
2025-08-08 14:24:40,430 [INFO] ThirdParty:1030 - CMSIS Pack Vendor :STMicroelectronics FP-SNS-STBOX1 2.0.0
2025-08-08 14:24:40,430 [INFO] ThirdParty:1030 - CMSIS Pack Vendor :STMicroelectronics X-CUBE-MEMS1 11.2.0
2025-08-08 14:24:40,430 [INFO] ThirdParty:1030 - CMSIS Pack Vendor :STMicroelectronics FreeRTOS 0.0.1
2025-08-08 14:24:40,430 [INFO] ThirdParty:1030 - CMSIS Pack Vendor :STMicroelectronics X-CUBE-AZRTOS-G0 1.1.0
2025-08-08 14:24:40,430 [INFO] ThirdParty:1030 - CMSIS Pack Vendor :STMicroelectronics X-CUBE-SAFEA1 1.2.2
2025-08-08 14:24:40,430 [INFO] ThirdParty:1030 - CMSIS Pack Vendor :STMicroelectronics X-CUBE-NFC4 3.0.0
2025-08-08 14:24:40,430 [INFO] ThirdParty:1030 - CMSIS Pack Vendor :STMicroelectronics X-CUBE-SUBG2 5.0.0
2025-08-08 14:24:40,430 [INFO] ThirdParty:1030 - CMSIS Pack Vendor :STMicroelectronics X-CUBE-AZRTOS-H7RS 1.1.0
2025-08-08 14:24:40,430 [INFO] ThirdParty:1030 - CMSIS Pack Vendor :STMicroelectronics STM32_WPAN 1.0.0
2025-08-08 14:24:40,430 [INFO] ThirdParty:1030 - CMSIS Pack Vendor :EmbeddedOffice I-CUBE-FS-RTOS 1.0.1
2025-08-08 14:24:40,430 [INFO] ThirdParty:1030 - CMSIS Pack Vendor :STMicroelectronics lwIP 2.0.3
2025-08-08 14:24:40,430 [INFO] ThirdParty:1030 - CMSIS Pack Vendor :Cesanta I-CUBE-Mongoose 7.13.0
2025-08-08 14:24:40,430 [INFO] ThirdParty:1030 - CMSIS Pack Vendor :STMicroelectronics USB_HOST 1.0.0
2025-08-08 14:24:40,430 [INFO] ThirdParty:1030 - CMSIS Pack Vendor :Infineon AIROC-Wi-Fi-Bluetooth-STM32 1.7.0
2025-08-08 14:24:40,430 [INFO] ThirdParty:1030 - CMSIS Pack Vendor :STMicroelectronics X-CUBE-AZRTOS-G4 2.0.0
2025-08-08 14:24:40,430 [INFO] ThirdParty:1030 - CMSIS Pack Vendor :STMicroelectronics X-CUBE-WB05N 2.0.0
2025-08-08 14:24:40,430 [INFO] ThirdParty:1030 - CMSIS Pack Vendor :STMicroelectronics PDM2PCM 3.1.0
2025-08-08 14:24:40,430 [INFO] ThirdParty:1030 - CMSIS Pack Vendor :STMicroelectronics PDM2PCM 3.3.0
2025-08-08 14:24:40,430 [INFO] ThirdParty:1030 - CMSIS Pack Vendor :wolfSSL I-CUBE-wolfTPM 3.8.0
2025-08-08 14:24:40,431 [INFO] ThirdParty:1030 - CMSIS Pack Vendor :STMicroelectronics X-CUBE-AZRTOS-H7 3.4.0
2025-08-08 14:24:40,431 [INFO] ThirdParty:1030 - CMSIS Pack Vendor :STMicroelectronics X-CUBE-DISPLAY 3.0.0
2025-08-08 14:24:40,431 [INFO] ThirdParty:1030 - CMSIS Pack Vendor :wolfSSL I-CUBE-wolfSSH 1.4.20
2025-08-08 14:24:40,431 [INFO] ThirdParty:1030 - CMSIS Pack Vendor :STMicroelectronics X-CUBE-NFC7 2.0.0
2025-08-08 14:24:40,431 [INFO] ThirdParty:1030 - CMSIS Pack Vendor :STMicroelectronics X-CUBE-TCPP 4.2.0
2025-08-08 14:24:40,431 [INFO] ThirdParty:1030 - CMSIS Pack Vendor :RealThread X-CUBE-RT-Thread_Nano 4.1.1
2025-08-08 14:24:40,431 [INFO] ThirdParty:1030 - CMSIS Pack Vendor :STMicroelectronics FP-ATR-SIGFOX1 3.2.0
2025-08-08 14:24:40,431 [INFO] ThirdParty:1030 - CMSIS Pack Vendor :STMicroelectronics X-CUBE-NFC10 1.0.0
2025-08-08 14:24:40,431 [INFO] ThirdParty:1030 - CMSIS Pack Vendor :STMicroelectronics X-CUBE-BLEMGR 4.0.0
2025-08-08 14:24:40,431 [INFO] ThirdParty:1030 - CMSIS Pack Vendor :STMicroelectronics X-CUBE-EEPRMA1 5.1.0
2025-08-08 14:24:40,431 [INFO] ThirdParty:1030 - CMSIS Pack Vendor :STMicroelectronics X-CUBE-FREERTOS 1.3.1
2025-08-08 14:24:40,431 [INFO] ThirdParty:1030 - CMSIS Pack Vendor :STMicroelectronics HAL Drivers 0.0.0
2025-08-08 14:24:40,431 [INFO] ThirdParty:1030 - CMSIS Pack Vendor :STMicroelectronics MBEDTLS 2.16.2
2025-08-08 14:24:40,431 [INFO] ThirdParty:1030 - CMSIS Pack Vendor :STMicroelectronics X-CUBE-IPS 3.1.0
2025-08-08 14:24:40,431 [INFO] ThirdParty:1030 - CMSIS Pack Vendor :STMicroelectronics X-CUBE-ALS 1.0.2
2025-08-08 14:24:40,431 [INFO] ThirdParty:1030 - CMSIS Pack Vendor :emotas I-CUBE-CANOPEN 1.3.0
2025-08-08 14:24:40,431 [INFO] ThirdParty:1030 - CMSIS Pack Vendor :STMicroelectronics MBEDTLS 2.14.1
2025-08-08 14:24:40,431 [INFO] ThirdParty:1030 - CMSIS Pack Vendor :ITTIA_DB I-CUBE-ITTIADB 8.9.0
2025-08-08 14:24:40,431 [INFO] ThirdParty:1030 - CMSIS Pack Vendor :portGmbH I-Cube-SoM-uGOAL 1.1.0
2025-08-08 14:24:40,431 [INFO] ThirdParty:1030 - CMSIS Pack Vendor :quantropi X-CUBE-qispace-sdk-base 2.0.0
2025-08-08 14:24:40,432 [INFO] ThirdParty:1030 - CMSIS Pack Vendor :STMicroelectronics X-CUBE-ST67W61 1.0.0
2025-08-08 14:24:40,432 [INFO] ThirdParty:1030 - CMSIS Pack Vendor :STMicroelectronics X-CUBE-AI 10.2.0
2025-08-08 14:24:40,432 [INFO] ThirdParty:1030 - CMSIS Pack Vendor :STMicroelectronics FP-SNS-STAIOTCFT 1.0.0
2025-08-08 14:24:40,432 [INFO] ThirdParty:1030 - CMSIS Pack Vendor :STMicroelectronics ThreadX 1.0.0
2025-08-08 14:24:40,432 [INFO] ThirdParty:1030 - CMSIS Pack Vendor :STMicroelectronics FP-SNS-SMARTAG2 1.2.0
2025-08-08 14:24:40,432 [INFO] ThirdParty:1030 - CMSIS Pack Vendor :STMicroelectronics FP-SNS-FLIGHT1 5.1.0
2025-08-08 14:24:40,432 [INFO] ThirdParty:1030 - CMSIS Pack Vendor :STMicroelectronics X-CUBE-AZRTOS-WL 2.0.0
2025-08-08 14:24:40,432 [INFO] ThirdParty:1030 - CMSIS Pack Vendor :SEGGER I-CUBE-embOS 1.3.1
2025-08-08 14:24:40,433 [INFO] ThirdParty:1030 - CMSIS Pack Vendor :STMicroelectronics X-CUBE-ALGOBUILD 1.4.0
2025-08-08 14:24:40,433 [INFO] ThirdParty:1030 - CMSIS Pack Vendor :STMicroelectronics X-CUBE-DPower 1.3.0
2025-08-08 14:24:40,433 [INFO] ThirdParty:1030 - CMSIS Pack Vendor :STMicroelectronics X-CUBE-MEMS1 11.3.0
2025-08-08 14:24:40,433 [INFO] ThirdParty:1030 - CMSIS Pack Vendor :STMicroelectronics FP-SNS-MOTENV1 5.0.0
2025-08-08 14:24:40,433 [INFO] ThirdParty:1030 - CMSIS Pack Vendor :STMicroelectronics USB_DEVICE 1.0.0
2025-08-08 14:24:40,434 [INFO] ThirdParty:1030 - CMSIS Pack Vendor :STMicroelectronics X-CUBE-AZRTOS-L4 2.0.0
2025-08-08 14:24:40,434 [INFO] ThirdParty:1030 - CMSIS Pack Vendor :STMicroelectronics ThreadX 0.0.2
2025-08-08 14:24:40,434 [INFO] ThirdParty:1030 - CMSIS Pack Vendor :WES I-CUBE-Cesium 1.3.0
2025-08-08 14:24:40,434 [INFO] ThirdParty:1030 - CMSIS Pack Vendor :STMicroelectronics lwIP 2.1.2
2025-08-08 14:24:40,434 [INFO] ThirdParty:1030 - CMSIS Pack Vendor :STMicroelectronics X-CUBE-SFXS2LP1 4.0.0
2025-08-08 14:24:40,434 [INFO] ThirdParty:1030 - CMSIS Pack Vendor :STMicroelectronics X-CUBE-BLE2 3.3.0
2025-08-08 14:24:40,434 [INFO] ThirdParty:1030 - CMSIS Pack Vendor :STMicroelectronics X-CUBE-TOF1 3.4.3
2025-08-08 14:24:40,434 [INFO] ThirdParty:1030 - CMSIS Pack Vendor :STMicroelectronics PDM2PCM 3.2.0
2025-08-08 14:24:40,434 [INFO] ThirdParty:841 - exiting critical section [change project]
2025-08-08 14:24:40,993 [INFO] PinOutPanel:1589 - setPackage(No Configuration,No Configuration)
2025-08-08 14:24:40,998 [INFO] PinOutPanel:1589 - setPackage(STM32G071RBTx,LQFP64)
2025-08-08 14:24:41,708 [INFO] UtilMem:75 - Before build in PCC Used Memory: 809745640 Bytes (1073741824)
2025-08-08 14:24:42,504 [INFO] UtilMem:75 - After build in PCC Used Memory: 885243112 Bytes (1073741824)
2025-08-08 14:24:42,543 [INFO] IPUIPlugin:80 - create IPUIPlugin
2025-08-08 14:24:42,544 [INFO] IPUIPlugin:80 - create IPUIPlugin
2025-08-08 14:24:42,545 [INFO] IPUIPlugin:80 - create IPUIPlugin
2025-08-08 14:24:42,546 [INFO] IPUIPlugin:80 - create IPUIPlugin
2025-08-08 14:24:42,547 [INFO] IPUIPlugin:80 - create IPUIPlugin
2025-08-08 14:24:42,547 [INFO] IPUIPlugin:80 - create IPUIPlugin
2025-08-08 14:24:42,547 [INFO] IPUIPlugin:80 - create IPUIPlugin
2025-08-08 14:24:42,549 [INFO] IPUIPlugin:80 - create IPUIPlugin
2025-08-08 14:24:42,549 [INFO] IPUIPlugin:80 - create IPUIPlugin
2025-08-08 14:24:42,549 [INFO] IPUIPlugin:80 - create IPUIPlugin
2025-08-08 14:24:42,550 [INFO] IPUIPlugin:80 - create IPUIPlugin
2025-08-08 14:24:42,550 [INFO] IPUIPlugin:80 - create IPUIPlugin
2025-08-08 14:24:42,550 [INFO] IPUIPlugin:80 - create IPUIPlugin
2025-08-08 14:24:42,550 [INFO] IPUIPlugin:80 - create IPUIPlugin
2025-08-08 14:24:42,551 [INFO] IPUIPlugin:80 - create IPUIPlugin
2025-08-08 14:24:42,551 [INFO] IPUIPlugin:80 - create IPUIPlugin
2025-08-08 14:24:42,551 [INFO] IPUIPlugin:80 - create IPUIPlugin
2025-08-08 14:24:42,551 [INFO] IPUIPlugin:80 - create IPUIPlugin
2025-08-08 14:24:42,552 [INFO] IPUIPlugin:80 - create IPUIPlugin
2025-08-08 14:24:42,552 [INFO] IPUIPlugin:80 - create IPUIPlugin
2025-08-08 14:24:42,552 [INFO] IPUIPlugin:80 - create IPUIPlugin
2025-08-08 14:24:42,552 [INFO] IPUIPlugin:80 - create IPUIPlugin
2025-08-08 14:24:42,553 [INFO] IPUIPlugin:80 - create IPUIPlugin
2025-08-08 14:24:42,553 [INFO] IPUIPlugin:80 - create IPUIPlugin
2025-08-08 14:24:42,553 [INFO] IPUIPlugin:80 - create IPUIPlugin
2025-08-08 14:24:42,554 [INFO] IPUIPlugin:80 - create IPUIPlugin
2025-08-08 14:24:42,554 [INFO] IPUIPlugin:80 - create IPUIPlugin
2025-08-08 14:24:42,554 [INFO] IPUIPlugin:80 - create IPUIPlugin
2025-08-08 14:24:42,554 [INFO] IPUIPlugin:80 - create IPUIPlugin
2025-08-08 14:24:42,554 [INFO] IPUIPlugin:80 - create IPUIPlugin
2025-08-08 14:24:42,554 [INFO] IPUIPlugin:80 - create IPUIPlugin
2025-08-08 14:24:42,555 [INFO] IPUIPlugin:80 - create IPUIPlugin
2025-08-08 14:24:42,555 [INFO] IPUIPlugin:80 - create IPUIPlugin
2025-08-08 14:24:42,555 [INFO] IPUIPlugin:80 - create IPUIPlugin
2025-08-08 14:24:42,555 [INFO] IPUIPlugin:80 - create IPUIPlugin
2025-08-08 14:24:42,556 [INFO] IPUIPlugin:80 - create IPUIPlugin
2025-08-08 14:24:42,556 [INFO] IPUIPlugin:80 - create IPUIPlugin
2025-08-08 14:24:42,556 [INFO] IPUIPlugin:80 - create IPUIPlugin
2025-08-08 14:24:42,557 [INFO] IPUIPlugin:80 - create IPUIPlugin
2025-08-08 14:24:42,557 [INFO] IPUIPlugin:80 - create IPUIPlugin
2025-08-08 14:24:42,557 [INFO] IPUIPlugin:80 - create IPUIPlugin
2025-08-08 14:24:42,558 [INFO] IPUIPlugin:80 - create IPUIPlugin
2025-08-08 14:24:42,558 [INFO] IPUIPlugin:80 - create IPUIPlugin
2025-08-08 14:24:42,659 [INFO] CADModel:165 - CPN selected for project levelSTM32G071RBT6
2025-08-08 14:24:42,659 [INFO] CADModel:114 - Register for checkConnection events
2025-08-08 14:24:42,750 [INFO] OpenFileManager:385 - Restore cursor
2025-08-08 14:24:53,262 [WARN] IP:2250 - OutPut1 not found: check if there is a RefParameter without a condition.
2025-08-08 14:24:53,262 [WARN] IP:2250 - OutPut2 not found: check if there is a RefParameter without a condition.
2025-08-08 14:24:53,262 [WARN] IP:2250 - OutPut3 not found: check if there is a RefParameter without a condition.
2025-08-08 14:24:53,263 [WARN] IP:2250 - OutPut1 not found: check if there is a RefParameter without a condition.
2025-08-08 14:24:53,263 [WARN] IP:2250 - OutPut2 not found: check if there is a RefParameter without a condition.
2025-08-08 14:24:53,263 [WARN] IP:2250 - OutPut3 not found: check if there is a RefParameter without a condition.
2025-08-08 14:24:53,294 [WARN] IP:2250 - OutPut1 not found: check if there is a RefParameter without a condition.
2025-08-08 14:24:53,294 [WARN] IP:2250 - OutPut2 not found: check if there is a RefParameter without a condition.
2025-08-08 14:24:53,295 [WARN] IP:2250 - OutPut3 not found: check if there is a RefParameter without a condition.
2025-08-08 14:24:58,752 [WARN] IP:2250 - OutPut1 not found: check if there is a RefParameter without a condition.
2025-08-08 14:24:58,752 [WARN] IP:2250 - OutPut2 not found: check if there is a RefParameter without a condition.
2025-08-08 14:24:58,752 [WARN] IP:2250 - OutPut3 not found: check if there is a RefParameter without a condition.
2025-08-08 14:24:58,780 [WARN] IP:2250 - OutPut1 not found: check if there is a RefParameter without a condition.
2025-08-08 14:24:58,780 [WARN] IP:2250 - OutPut2 not found: check if there is a RefParameter without a condition.
2025-08-08 14:24:58,780 [WARN] IP:2250 - OutPut3 not found: check if there is a RefParameter without a condition.
2025-08-08 14:24:58,781 [WARN] IP:2250 - OutPut1 not found: check if there is a RefParameter without a condition.
2025-08-08 14:24:58,781 [WARN] IP:2250 - OutPut2 not found: check if there is a RefParameter without a condition.
2025-08-08 14:24:58,781 [WARN] IP:2250 - OutPut3 not found: check if there is a RefParameter without a condition.
2025-08-08 14:24:58,864 [WARN] IP:2250 - OutPut1 not found: check if there is a RefParameter without a condition.
2025-08-08 14:24:58,864 [WARN] IP:2250 - OutPut2 not found: check if there is a RefParameter without a condition.
2025-08-08 14:24:58,865 [WARN] IP:2250 - OutPut3 not found: check if there is a RefParameter without a condition.
2025-08-08 14:24:58,865 [WARN] IP:2250 - OutPut1 not found: check if there is a RefParameter without a condition.
2025-08-08 14:24:58,865 [WARN] IP:2250 - OutPut2 not found: check if there is a RefParameter without a condition.
2025-08-08 14:24:58,865 [WARN] IP:2250 - OutPut3 not found: check if there is a RefParameter without a condition.
2025-08-08 14:25:08,298 [WARN] IP:2250 - OutPut1 not found: check if there is a RefParameter without a condition.
2025-08-08 14:25:08,298 [WARN] IP:2250 - OutPut2 not found: check if there is a RefParameter without a condition.
2025-08-08 14:25:08,298 [WARN] IP:2250 - OutPut3 not found: check if there is a RefParameter without a condition.
2025-08-08 14:25:08,328 [WARN] IP:2250 - OutPut1 not found: check if there is a RefParameter without a condition.
2025-08-08 14:25:08,328 [WARN] IP:2250 - OutPut2 not found: check if there is a RefParameter without a condition.
2025-08-08 14:25:08,328 [WARN] IP:2250 - OutPut3 not found: check if there is a RefParameter without a condition.
2025-08-08 14:25:08,328 [WARN] IP:2250 - OutPut1 not found: check if there is a RefParameter without a condition.
2025-08-08 14:25:08,328 [WARN] IP:2250 - OutPut2 not found: check if there is a RefParameter without a condition.
2025-08-08 14:25:08,328 [WARN] IP:2250 - OutPut3 not found: check if there is a RefParameter without a condition.
2025-08-08 14:25:08,409 [WARN] IP:2250 - OutPut1 not found: check if there is a RefParameter without a condition.
2025-08-08 14:25:08,409 [WARN] IP:2250 - OutPut2 not found: check if there is a RefParameter without a condition.
2025-08-08 14:25:08,409 [WARN] IP:2250 - OutPut3 not found: check if there is a RefParameter without a condition.
2025-08-08 14:25:08,409 [WARN] IP:2250 - OutPut1 not found: check if there is a RefParameter without a condition.
2025-08-08 14:25:08,409 [WARN] IP:2250 - OutPut2 not found: check if there is a RefParameter without a condition.
2025-08-08 14:25:08,409 [WARN] IP:2250 - OutPut3 not found: check if there is a RefParameter without a condition.
2025-08-08 14:26:14,109 [WARN] IP:2250 - OutPut1 not found: check if there is a RefParameter without a condition.
2025-08-08 14:26:14,110 [WARN] IP:2250 - OutPut2 not found: check if there is a RefParameter without a condition.
2025-08-08 14:26:14,110 [WARN] IP:2250 - OutPut3 not found: check if there is a RefParameter without a condition.
2025-08-08 14:26:14,143 [WARN] IP:2250 - OutPut1 not found: check if there is a RefParameter without a condition.
2025-08-08 14:26:14,144 [WARN] IP:2250 - OutPut2 not found: check if there is a RefParameter without a condition.
2025-08-08 14:26:14,144 [WARN] IP:2250 - OutPut3 not found: check if there is a RefParameter without a condition.
2025-08-08 14:26:14,144 [WARN] IP:2250 - OutPut1 not found: check if there is a RefParameter without a condition.
2025-08-08 14:26:14,144 [WARN] IP:2250 - OutPut2 not found: check if there is a RefParameter without a condition.
2025-08-08 14:26:14,144 [WARN] IP:2250 - OutPut3 not found: check if there is a RefParameter without a condition.
2025-08-08 14:26:14,239 [WARN] IP:2250 - OutPut1 not found: check if there is a RefParameter without a condition.
2025-08-08 14:26:14,239 [WARN] IP:2250 - OutPut2 not found: check if there is a RefParameter without a condition.
2025-08-08 14:26:14,240 [WARN] IP:2250 - OutPut3 not found: check if there is a RefParameter without a condition.
2025-08-08 14:26:14,241 [WARN] IP:2250 - OutPut1 not found: check if there is a RefParameter without a condition.
2025-08-08 14:26:14,241 [WARN] IP:2250 - OutPut2 not found: check if there is a RefParameter without a condition.
2025-08-08 14:26:14,241 [WARN] IP:2250 - OutPut3 not found: check if there is a RefParameter without a condition.
2025-08-08 14:26:17,513 [WARN] IP:2250 - OutPut1 not found: check if there is a RefParameter without a condition.
2025-08-08 14:26:17,513 [WARN] IP:2250 - OutPut2 not found: check if there is a RefParameter without a condition.
2025-08-08 14:26:17,513 [WARN] IP:2250 - OutPut3 not found: check if there is a RefParameter without a condition.
2025-08-08 14:26:17,514 [WARN] IP:2250 - OutPut1 not found: check if there is a RefParameter without a condition.
2025-08-08 14:26:17,514 [WARN] IP:2250 - OutPut2 not found: check if there is a RefParameter without a condition.
2025-08-08 14:26:17,514 [WARN] IP:2250 - OutPut3 not found: check if there is a RefParameter without a condition.
2025-08-08 14:26:17,558 [WARN] IP:2250 - OutPut1 not found: check if there is a RefParameter without a condition.
2025-08-08 14:26:17,558 [WARN] IP:2250 - OutPut2 not found: check if there is a RefParameter without a condition.
2025-08-08 14:26:17,558 [WARN] IP:2250 - OutPut3 not found: check if there is a RefParameter without a condition.
2025-08-08 14:26:23,574 [WARN] IP:2250 - OutPut1 not found: check if there is a RefParameter without a condition.
2025-08-08 14:26:23,574 [WARN] IP:2250 - OutPut2 not found: check if there is a RefParameter without a condition.
2025-08-08 14:26:23,574 [WARN] IP:2250 - OutPut3 not found: check if there is a RefParameter without a condition.
2025-08-08 14:26:23,575 [WARN] IP:2250 - OutPut1 not found: check if there is a RefParameter without a condition.
2025-08-08 14:26:23,575 [WARN] IP:2250 - OutPut2 not found: check if there is a RefParameter without a condition.
2025-08-08 14:26:23,575 [WARN] IP:2250 - OutPut3 not found: check if there is a RefParameter without a condition.
2025-08-08 14:26:23,593 [WARN] IP:2250 - OutPut1 not found: check if there is a RefParameter without a condition.
2025-08-08 14:26:23,594 [WARN] IP:2250 - OutPut2 not found: check if there is a RefParameter without a condition.
2025-08-08 14:26:23,594 [WARN] IP:2250 - OutPut3 not found: check if there is a RefParameter without a condition.
2025-08-08 14:26:25,324 [WARN] IP:2250 - OutPut1 not found: check if there is a RefParameter without a condition.
2025-08-08 14:26:25,324 [WARN] IP:2250 - OutPut2 not found: check if there is a RefParameter without a condition.
2025-08-08 14:26:25,324 [WARN] IP:2250 - OutPut3 not found: check if there is a RefParameter without a condition.
2025-08-08 14:26:25,332 [WARN] IP:2250 - OutPut1 not found: check if there is a RefParameter without a condition.
2025-08-08 14:26:25,332 [WARN] IP:2250 - OutPut2 not found: check if there is a RefParameter without a condition.
2025-08-08 14:26:25,332 [WARN] IP:2250 - OutPut3 not found: check if there is a RefParameter without a condition.
2025-08-08 14:26:34,858 [WARN] IP:2250 - OutPut1 not found: check if there is a RefParameter without a condition.
2025-08-08 14:26:34,858 [WARN] IP:2250 - OutPut2 not found: check if there is a RefParameter without a condition.
2025-08-08 14:26:34,858 [WARN] IP:2250 - OutPut3 not found: check if there is a RefParameter without a condition.
2025-08-08 14:26:34,858 [WARN] IP:2250 - OutPut1 not found: check if there is a RefParameter without a condition.
2025-08-08 14:26:34,858 [WARN] IP:2250 - OutPut2 not found: check if there is a RefParameter without a condition.
2025-08-08 14:26:34,859 [WARN] IP:2250 - OutPut3 not found: check if there is a RefParameter without a condition.
2025-08-08 14:26:34,875 [WARN] IP:2250 - OutPut1 not found: check if there is a RefParameter without a condition.
2025-08-08 14:26:34,875 [WARN] IP:2250 - OutPut2 not found: check if there is a RefParameter without a condition.
2025-08-08 14:26:34,875 [WARN] IP:2250 - OutPut3 not found: check if there is a RefParameter without a condition.
2025-08-08 14:26:37,775 [WARN] IP:2250 - OutPut1 not found: check if there is a RefParameter without a condition.
2025-08-08 14:26:37,775 [WARN] IP:2250 - OutPut2 not found: check if there is a RefParameter without a condition.
2025-08-08 14:26:37,776 [WARN] IP:2250 - OutPut3 not found: check if there is a RefParameter without a condition.
2025-08-08 14:26:37,777 [WARN] IP:2250 - OutPut1 not found: check if there is a RefParameter without a condition.
2025-08-08 14:26:37,777 [WARN] IP:2250 - OutPut2 not found: check if there is a RefParameter without a condition.
2025-08-08 14:26:37,777 [WARN] IP:2250 - OutPut3 not found: check if there is a RefParameter without a condition.
2025-08-08 14:26:37,794 [WARN] IP:2250 - OutPut1 not found: check if there is a RefParameter without a condition.
2025-08-08 14:26:37,794 [WARN] IP:2250 - OutPut2 not found: check if there is a RefParameter without a condition.
2025-08-08 14:26:37,794 [WARN] IP:2250 - OutPut3 not found: check if there is a RefParameter without a condition.
2025-08-08 14:26:45,359 [WARN] IP:2250 - OutPut1 not found: check if there is a RefParameter without a condition.
2025-08-08 14:26:45,359 [WARN] IP:2250 - OutPut2 not found: check if there is a RefParameter without a condition.
2025-08-08 14:26:45,359 [WARN] IP:2250 - OutPut3 not found: check if there is a RefParameter without a condition.
2025-08-08 14:26:45,360 [WARN] IP:2250 - OutPut1 not found: check if there is a RefParameter without a condition.
2025-08-08 14:26:45,360 [WARN] IP:2250 - OutPut2 not found: check if there is a RefParameter without a condition.
2025-08-08 14:26:45,360 [WARN] IP:2250 - OutPut3 not found: check if there is a RefParameter without a condition.
2025-08-08 14:26:45,377 [WARN] IP:2250 - OutPut1 not found: check if there is a RefParameter without a condition.
2025-08-08 14:26:45,377 [WARN] IP:2250 - OutPut2 not found: check if there is a RefParameter without a condition.
2025-08-08 14:26:45,377 [WARN] IP:2250 - OutPut3 not found: check if there is a RefParameter without a condition.
2025-08-08 14:26:49,407 [WARN] IP:2250 - OutPut1 not found: check if there is a RefParameter without a condition.
2025-08-08 14:26:49,407 [WARN] IP:2250 - OutPut2 not found: check if there is a RefParameter without a condition.
2025-08-08 14:26:49,407 [WARN] IP:2250 - OutPut3 not found: check if there is a RefParameter without a condition.
2025-08-08 14:26:49,408 [WARN] IP:2250 - OutPut1 not found: check if there is a RefParameter without a condition.
2025-08-08 14:26:49,408 [WARN] IP:2250 - OutPut2 not found: check if there is a RefParameter without a condition.
2025-08-08 14:26:49,408 [WARN] IP:2250 - OutPut3 not found: check if there is a RefParameter without a condition.
2025-08-08 14:26:49,423 [WARN] IP:2250 - OutPut1 not found: check if there is a RefParameter without a condition.
2025-08-08 14:26:49,423 [WARN] IP:2250 - OutPut2 not found: check if there is a RefParameter without a condition.
2025-08-08 14:26:49,423 [WARN] IP:2250 - OutPut3 not found: check if there is a RefParameter without a condition.
2025-08-08 14:27:23,413 [WARN] IP:2250 - OutPut1 not found: check if there is a RefParameter without a condition.
2025-08-08 14:27:23,413 [WARN] IP:2250 - OutPut2 not found: check if there is a RefParameter without a condition.
2025-08-08 14:27:23,413 [WARN] IP:2250 - OutPut3 not found: check if there is a RefParameter without a condition.
2025-08-08 14:27:23,413 [WARN] IP:2250 - OutPut1 not found: check if there is a RefParameter without a condition.
2025-08-08 14:27:23,413 [WARN] IP:2250 - OutPut2 not found: check if there is a RefParameter without a condition.
2025-08-08 14:27:23,413 [WARN] IP:2250 - OutPut3 not found: check if there is a RefParameter without a condition.
2025-08-08 14:27:23,428 [WARN] IP:2250 - OutPut1 not found: check if there is a RefParameter without a condition.
2025-08-08 14:27:23,428 [WARN] IP:2250 - OutPut2 not found: check if there is a RefParameter without a condition.
2025-08-08 14:27:23,428 [WARN] IP:2250 - OutPut3 not found: check if there is a RefParameter without a condition.
2025-08-08 14:27:50,677 [INFO] UtilMem:75 - End SaveConfig() Used Memory: 695758416 Bytes (1073741824)
2025-08-08 14:27:52,642 [INFO] UtilMem:75 - End SaveConfig() Used Memory: 721721048 Bytes (1073741824)
2025-08-08 14:27:55,680 [INFO] UtilMem:75 - End SaveConfig() Used Memory: 877432536 Bytes (1073741824)
2025-08-08 14:27:56,506 [INFO] BlockDiagram:2775 - set Specific Code input for plugin: RTC
2025-08-08 14:27:56,507 [INFO] BlockDiagram:2775 - set Specific Code input for plugin: NVIC
2025-08-08 14:27:56,507 [INFO] BlockDiagram:2775 - set Specific Code input for plugin: USART
2025-08-08 14:27:56,507 [INFO] BlockDiagram:2775 - set Specific Code input for plugin: TIM1_8G0
2025-08-08 14:27:56,507 [INFO] BlockDiagram:2775 - set Specific Code input for plugin: SYS
2025-08-08 14:27:56,507 [INFO] BlockDiagram:2775 - set Specific Code input for plugin: GPIO
2025-08-08 14:27:56,507 [INFO] BlockDiagram:2775 - set Specific Code input for plugin: RCC
2025-08-08 14:27:56,507 [INFO] BlockDiagram:2775 - set Specific Code input for plugin: I2C
2025-08-08 14:27:56,509 [INFO] CodeGenerator:882 - code generatio: config db path: C:\Users\Oguzm\Downloads\STM32CubeIDE_1.18.1\STM32CubeIDE\plugins\com.st.stm32cube.common.mx_6.14.1.202504091515\\db\
2025-08-08 14:27:56,528 [WARN] IP:2250 - OutPut1 not found: check if there is a RefParameter without a condition.
2025-08-08 14:27:56,528 [WARN] IP:2250 - OutPut2 not found: check if there is a RefParameter without a condition.
2025-08-08 14:27:56,528 [WARN] IP:2250 - OutPut3 not found: check if there is a RefParameter without a condition.
2025-08-08 14:27:56,745 [INFO] CodeEngine:263 - oldGeneratedFile, C:\Users\Oguzm\STM32CubeIDE\TEI_Projects\TimerAddition\MXTmpFiles\license.tmp_save
2025-08-08 14:27:57,398 [INFO] CodeEngine:287 - Generated code: C:\Users\Oguzm\STM32CubeIDE\TEI_Projects\TimerAddition\MXTmpFiles\license.tmp
2025-08-08 14:27:57,596 [INFO] CodeEngine:263 - oldGeneratedFile, C:\Users\Oguzm\STM32CubeIDE\TEI_Projects\TimerAddition\MXTmpFiles\gpio.tmp_save
2025-08-08 14:27:57,970 [INFO] CodeEngine:287 - Generated code: C:\Users\Oguzm\STM32CubeIDE\TEI_Projects\TimerAddition\MXTmpFiles\gpio.tmp
2025-08-08 14:27:58,256 [WARN] IP:2250 - OutPut1 not found: check if there is a RefParameter without a condition.
2025-08-08 14:27:58,257 [WARN] IP:2250 - OutPut2 not found: check if there is a RefParameter without a condition.
2025-08-08 14:27:58,257 [WARN] IP:2250 - OutPut3 not found: check if there is a RefParameter without a condition.
2025-08-08 14:27:59,168 [INFO] CodeEngine:263 - oldGeneratedFile, C:\Users\Oguzm\STM32CubeIDE\TEI_Projects\TimerAddition\Core\Src\stm32g0xx_it.c_save
2025-08-08 14:27:59,853 [INFO] CodeEngine:287 - Generated code: C:\Users\Oguzm\STM32CubeIDE\TEI_Projects\TimerAddition\Core\Src\stm32g0xx_it.c
2025-08-08 14:27:59,875 [INFO] CodeEngine:263 - oldGeneratedFile, C:\Users\Oguzm\STM32CubeIDE\TEI_Projects\TimerAddition\Core\Inc\stm32g0xx_it.h_save
2025-08-08 14:28:00,127 [INFO] CodeEngine:287 - Generated code: C:\Users\Oguzm\STM32CubeIDE\TEI_Projects\TimerAddition\Core\Inc\stm32g0xx_it.h
2025-08-08 14:28:00,172 [INFO] CodeEngine:263 - oldGeneratedFile, C:\Users\Oguzm\STM32CubeIDE\TEI_Projects\TimerAddition\Core\Src\stm32g0xx_hal_msp.c_save
2025-08-08 14:28:00,858 [INFO] CodeEngine:287 - Generated code: C:\Users\Oguzm\STM32CubeIDE\TEI_Projects\TimerAddition\Core\Src\stm32g0xx_hal_msp.c
2025-08-08 14:28:00,868 [INFO] CodeEngine:263 - oldGeneratedFile, C:\Users\Oguzm\STM32CubeIDE\TEI_Projects\TimerAddition\MXTmpFiles\system.tmp_save
2025-08-08 14:28:01,064 [INFO] CodeEngine:287 - Generated code: C:\Users\Oguzm\STM32CubeIDE\TEI_Projects\TimerAddition\MXTmpFiles\system.tmp
2025-08-08 14:28:01,091 [INFO] CodeEngine:319 - oldGeneratedFile, C:\Users\Oguzm\STM32CubeIDE\TEI_Projects\TimerAddition\Core\Inc\stm32g0xx_hal_conf.h_save
2025-08-08 14:28:01,311 [INFO] CodeEngine:343 - Generated code: C:\Users\Oguzm\STM32CubeIDE\TEI_Projects\TimerAddition\Core\Inc\stm32g0xx_hal_conf.h
2025-08-08 14:28:01,351 [INFO] ApiDbMcu:508 - Load IP Config File for I2C1
2025-08-08 14:28:01,359 [INFO] ApiDbMcu:508 - Load IP Config File for RTC
2025-08-08 14:28:01,390 [INFO] ApiDbMcu:508 - Load IP Config File for TIM2
2025-08-08 14:28:01,422 [INFO] ApiDbMcu:508 - Load IP Config File for USART2
2025-08-08 14:28:01,428 [INFO] ApiDbMcu:508 - Load IP Config File for RCC
2025-08-08 14:28:01,432 [WARN] IPConfigManager:3790 - IP not found : TIM
2025-08-08 14:28:01,435 [WARN] CodeGenerator:4198 - IP not found : null
2025-08-08 14:28:01,454 [INFO] CodeEngine:263 - oldGeneratedFile, C:\Users\Oguzm\STM32CubeIDE\TEI_Projects\TimerAddition\Core\Inc\main.h_save
2025-08-08 14:28:01,640 [INFO] CodeEngine:287 - Generated code: C:\Users\Oguzm\STM32CubeIDE\TEI_Projects\TimerAddition\Core\Inc\main.h
2025-08-08 14:28:01,652 [INFO] CodeEngine:263 - oldGeneratedFile, C:\Users\Oguzm\STM32CubeIDE\TEI_Projects\TimerAddition\Core\Src\main.c_save
2025-08-08 14:28:01,848 [INFO] CodeEngine:287 - Generated code: C:\Users\Oguzm\STM32CubeIDE\TEI_Projects\TimerAddition\Core\Src\main.c
2025-08-08 14:28:02,798 [INFO] ProjectBuilder:3324 - Time for Copy HAL[1] : 587mS.
2025-08-08 14:28:02,807 [INFO] ProjectBuilder:4912 - Project Generator version: 4.6.0.1-B1
2025-08-08 14:28:02,963 [INFO] ConfigFileManager:1590 - The Die is : DIE460
2025-08-08 14:28:02,970 [INFO] ApiDbMcu:508 - Load IP Config File for FATFS
2025-08-08 14:28:02,979 [INFO] ApiDbMcu:508 - Load IP Config File for FREERTOS
2025-08-08 14:28:02,998 [INFO] ApiDbMcu:508 - Load IP Config File for USBPD
2025-08-08 14:28:05,059 [INFO] ProjectBuilder:5191 - Time for Generating toolchain IDE Files: 2251mS.
2025-08-08 14:28:05,060 [INFO] ProjectBuilder:3181 - Time for Copy CMSIS : 1mS.
2025-08-08 14:28:05,064 [INFO] ProjectBuilder:3181 - Time for Copy CMSIS : 0mS.
2025-08-08 14:50:38,047 [ERROR] LogOutputStream:75 - [STDERR_REDIRECT] 
